# Blender 5.2.1 LTS
# www.blender.org
mtllib Oldone_tm_PBR_Blender291.mtl
o oldone
v 93.808113 27.500174 -7.807936
v 101.254326 23.678814 -10.835245
v 95.696724 23.601604 -10.233294
v 104.626617 22.109856 -8.965344
v 103.935669 28.921408 -5.415873
v 106.584480 29.258745 -1.336566
v 107.232117 19.889187 -4.352874
v 103.001503 35.601612 -4.839146
v 106.703667 36.228432 -0.340271
v 101.398552 43.988743 -4.712575
v 104.468376 43.569939 -0.890462
v 99.130920 55.050838 -4.900709
v 97.003700 67.673470 -4.340336
v 99.063499 68.218597 -0.733653
v 94.840050 67.046341 -5.218394
v 97.435806 53.738102 -5.791823
v 92.216438 50.642151 -5.742364
v 101.531654 22.292131 -16.282240
v 95.095268 21.757069 -14.996034
v 98.693314 21.779705 -22.872959
v 95.851715 22.405117 -21.723721
v 92.720879 22.780859 -28.205914
v 90.131157 23.126352 -25.347424
v 91.868217 27.938007 -29.798021
v 86.636795 27.563187 -26.412447
v 92.733658 36.219975 -31.089314
v 87.495674 35.952805 -26.057823
v 94.773651 42.279083 -30.874680
v 87.663406 42.715717 -24.176069
v 95.128769 53.503124 -28.163677
v 89.783478 52.988754 -21.882092
v 92.165047 71.008125 -16.899139
v 89.453453 51.877773 -13.397685
v 95.644798 71.276779 -23.156891
v 95.805405 76.885376 -22.307806
v 93.048187 76.931458 -16.893305
v 93.539841 88.566597 -19.281427
v 90.524826 88.761261 -14.934916
v 88.695831 93.170464 -13.668034
v 91.391113 93.905685 -17.881653
v 88.640320 99.632545 -16.501829
v 86.677681 97.895050 -12.435356
v 85.017540 108.449120 -15.160562
v 83.640625 106.488220 -10.603229
v 81.888496 112.275246 -13.804662
v 81.273628 111.448601 -9.599353
v 78.746002 116.916702 -10.633994
v 79.762230 113.360931 -8.819840
v 77.027512 119.040405 -7.802282
v 77.534927 113.885590 -7.178703
v 77.204521 118.071762 -2.860719
v 77.523788 113.410484 -4.856482
v 79.108932 116.142349 0.589421
v 79.642410 114.861961 -1.114073
v 87.505341 99.065689 -21.994574
v 83.566429 108.014893 -19.520208
v 92.470131 89.208878 -22.825777
v 82.697624 111.092072 2.526772
v 82.861374 108.344421 -0.110693
v 88.137825 101.514320 2.197500
v 87.316055 101.242226 -0.878373
v 92.261444 96.989601 1.979037
v 91.008896 96.184799 -1.613320
v 93.027634 91.584114 1.266901
v 96.282463 87.271400 0.384000
v 94.020050 86.428482 -2.620757
v 92.574249 90.805679 -1.758789
v 98.482285 75.793709 0.118328
v 97.597565 75.544762 -3.131891
v 81.018326 112.328606 -17.673719
v 78.093300 115.502090 -17.788813
v 70.837776 122.887489 -10.834593
v 73.157860 122.000519 1.768209
v 77.443695 116.739159 5.183253
v 88.383385 25.143448 -16.954895
v 87.846138 32.771980 -16.100824
v 88.264565 41.876225 -14.917619
v 91.143112 67.890007 -11.339182
v 81.350647 110.641129 6.057825
v 87.751877 100.492035 5.179199
v 91.027382 95.268364 5.218433
v 93.383911 89.451851 4.545629
v 96.898972 75.289024 3.317031
v 95.583733 84.003960 3.908689
v 104.924599 13.981548 -15.825415
v 103.703232 20.526821 -16.723135
v 99.673630 13.841577 -25.143183
v 100.433403 19.581543 -23.901520
v 95.305077 22.998125 -31.186337
v 92.990021 18.772512 -35.166100
v 93.158768 28.364147 -31.963522
v 89.471680 26.577923 -39.133232
v 96.529015 9.972992 -25.455095
v 89.003647 10.749922 -35.893349
v 89.733810 21.369608 -39.872669
v 101.864563 6.389803 -16.376591
v 103.189087 12.219023 -5.590686
v 106.032051 13.230797 0.371960
v 108.123352 19.036228 0.540058
v 106.900032 27.074368 4.166707
v 104.168846 35.562931 5.041793
v 94.151634 37.032558 -33.458786
v 90.133453 37.126919 -37.450153
v 90.206947 47.365292 -34.572773
v 93.505882 57.875046 -30.769957
v 97.908249 54.091496 2.769898
v 100.985458 55.846832 -0.479820
v 96.977699 57.347435 26.697359
v 98.684219 66.345276 25.973955
v 98.209534 65.592865 30.199867
v 96.918327 58.178555 30.886124
v 102.318932 42.807537 3.876113
v 83.078011 108.881706 15.657106
v 76.949013 116.343796 13.585030
v 77.760574 116.368057 17.593111
v 83.257019 108.882347 19.551308
v 96.857430 66.367027 3.055463
v 91.857994 41.739250 -6.270588
v 92.865013 40.935356 3.877190
v 91.256538 31.732983 5.691040
v 91.143364 52.289104 4.955454
v 93.231598 64.983810 4.892271
v 93.031586 72.945435 5.051412
v 92.706261 33.930115 -7.523862
v 90.160164 86.669411 -10.053632
v 92.248077 74.791977 -10.780940
v 102.902504 26.741009 6.601895
v 91.161957 27.214115 28.468456
v 91.148994 21.898958 22.197561
v 89.113693 31.558125 17.568230
v 92.424179 33.263069 29.890528
v 96.300156 43.159092 26.775105
v 88.830940 40.244202 14.646234
v 92.021164 53.666393 21.886639
v 89.636513 52.594101 12.914884
v 92.504425 65.832024 19.159229
v 90.191116 65.100189 10.761358
v 93.600342 75.193802 19.406433
v 89.976807 72.100220 10.312791
v 90.929276 89.039810 16.457075
v 89.107002 82.239403 9.712969
v 88.851707 93.754433 15.365165
v 88.072052 87.643768 9.628593
v 83.226593 100.677910 9.136874
v 86.450081 98.765190 14.497008
v 86.263435 93.196518 9.546343
v 91.406311 19.981411 15.096362
v 91.824715 21.961565 9.722486
v 71.109253 40.322216 -57.977577
v 59.821716 26.560898 -62.511086
v 59.535378 30.280907 -61.468586
v 69.474174 41.339733 -57.994781
v 91.287758 82.586372 5.572859
v 89.561226 87.881065 6.605572
v 93.675911 78.944626 -25.922903
v 95.862404 75.348572 -4.461993
v 88.787071 90.792793 -9.493869
v 85.581131 100.638374 -7.149233
v 87.327721 95.202759 -8.896519
v 82.753914 106.111580 -6.501793
v 78.652496 111.145782 -6.164180
v 78.605370 112.000526 -3.400847
v 82.687256 105.736252 -2.779918
v 86.408485 100.683090 -2.797323
v 89.301231 95.001411 -3.738076
v 90.967583 90.176704 -3.995901
v 92.577286 85.687477 -4.319053
v 80.581871 24.336754 -45.980839
v 84.569260 26.656523 -42.216095
v 77.838463 27.609783 -50.392605
v 75.674110 29.346138 -45.708721
v 77.243019 34.933987 -51.981232
v 76.804512 34.557812 -46.254230
v 80.389458 42.377693 -48.769825
v 78.703041 39.808361 -45.130089
v 84.400093 54.337353 -48.040241
v 82.285339 51.548599 -45.947197
v 77.745453 15.756505 -45.511353
v 81.139633 10.967645 -45.051830
v 73.170448 17.154716 -53.865917
v 67.484032 19.569431 -59.334839
v 68.725494 23.443796 -57.391205
v 84.516380 100.673996 7.217370
v 87.077988 93.352318 7.276642
v 105.504562 19.288136 7.541541
v 101.277809 22.097973 9.349164
v 100.988953 20.348431 14.332310
v 96.706429 20.742910 20.037836
v 99.255150 27.586687 31.816505
v 98.580246 22.828577 27.285244
v 96.338531 25.040344 26.114281
v 98.023537 28.494175 30.084028
v 100.483566 35.700249 32.900124
v 98.240517 35.530708 30.041164
v 99.810654 48.678993 30.054869
v 98.457481 45.557171 27.937944
v 95.653008 55.804226 23.675203
v 98.561722 76.576424 23.955053
v 94.429024 90.616623 21.169439
v 91.931229 94.321060 19.515242
v 90.050331 99.004616 17.591677
v 79.185501 107.139786 12.957469
v 75.541855 111.199089 11.091563
v 76.388710 116.056686 7.427769
v 75.183319 111.998871 8.673296
v 80.078514 110.045105 6.792193
v 78.298073 109.171951 8.096955
v 82.508080 49.606197 -40.549015
v 80.053177 37.594063 -42.361107
v 86.454933 59.701714 -35.980824
v 85.873161 62.533661 -42.178856
v 93.801033 74.276932 -26.601568
v 99.347382 35.501408 40.324730
v 100.570892 25.497030 34.863014
v 99.143929 19.189667 22.938133
v 99.303490 20.084887 30.043268
v 99.717316 16.000717 25.882553
v 98.578064 43.390438 -5.823910
v 99.496498 35.718334 -6.608469
v 100.106544 29.242455 -7.406768
v 78.528870 112.452255 -19.748325
v 77.015884 112.504120 -22.406813
v 76.075478 115.510796 -22.188112
v 79.501793 111.322914 -19.609482
v 81.744942 106.982857 -21.211285
v 86.283401 98.248817 -23.683830
v 90.442101 87.917198 -25.277102
v 91.719795 79.030746 -27.577419
v 91.579948 74.788445 -28.906281
v 90.118263 58.450764 -32.664665
v 90.125999 98.675003 21.534451
v 92.262154 94.203140 23.406748
v 85.554245 48.133793 -37.777119
v 83.076309 37.472424 -39.536842
v 81.281723 30.586439 -39.457504
v 77.583923 110.407021 -23.838280
v 78.622871 113.727127 -26.311131
v 79.896553 105.779823 -24.816936
v 83.030106 109.150726 -28.243002
v 83.228424 97.837265 -27.293394
v 86.739494 102.125847 -30.286142
v 86.639206 87.739250 -32.093441
v 88.546066 93.178787 -33.587658
v 88.095917 79.333366 -35.369678
v 89.374901 82.496483 -37.142094
v 87.875504 73.925224 -36.967602
v 89.219582 77.492310 -38.694061
v 87.744011 65.599297 -43.836178
v 78.516159 109.491714 -21.722683
v 81.263428 105.515816 -22.710213
v 85.302994 97.293442 -25.634109
v 88.319870 86.376427 -28.720295
v 89.148056 77.737053 -31.686489
v 88.770889 72.986664 -33.150482
v 78.267746 30.784637 -41.895981
v 105.081566 18.103573 14.184486
v 103.813705 13.482059 14.835385
v 107.365227 14.741469 6.808706
v 98.527542 47.911419 35.792839
v 98.872658 77.028580 28.922886
v 94.407310 90.177910 25.194098
v 106.082565 9.028568 8.166281
v 108.098488 6.095606 1.233681
v 102.702232 9.122190 15.366073
v 94.772285 12.749812 31.262310
v 96.916580 19.700695 35.834030
v 98.398148 28.457878 41.854244
v 98.689240 23.201986 38.833241
v 96.527588 45.604332 40.726536
v 94.915215 35.064667 44.787209
v 94.892380 58.230865 34.737999
v 97.456093 77.825333 33.715233
v 96.554924 66.614471 35.111095
v 92.812943 91.262299 28.416262
v 81.506683 108.614372 22.837254
v 88.590652 98.388802 24.805029
v 90.590317 94.448151 26.558773
v 79.355988 105.717606 25.169899
v 84.421410 98.415848 27.294338
v 86.594948 94.481453 28.995407
v 88.634178 90.832756 30.639572
v 92.534744 77.231911 35.696621
v 89.376709 65.339844 37.030949
v 93.193710 58.030472 36.520142
v 83.174065 56.947575 36.381618
v 89.923332 47.982918 41.305561
v 80.739098 45.734768 38.387962
v 88.483902 36.066559 46.435295
v 78.809753 37.805592 40.330513
v 95.469162 23.543880 45.217155
v 78.572357 26.228249 47.588291
v 84.159821 26.297607 51.987080
v 92.865181 30.196543 47.089184
v 88.690742 28.413101 49.768986
v 78.006546 104.091736 27.707886
v 81.060799 99.002136 30.986517
v 92.755547 23.594442 48.534126
v 83.370697 95.320717 33.044258
v 85.310089 91.691566 34.846649
v 88.939682 78.051224 40.195068
v 86.645226 66.449211 42.387947
v 84.088737 59.439148 43.835846
v 81.362946 49.534290 45.826004
v 77.933418 38.082108 49.791840
v 71.065186 27.622471 54.820335
v 76.286011 105.124519 29.420265
v 76.855675 106.949471 25.700445
v 75.686272 107.497093 27.550428
v 79.498573 100.316032 33.419006
v 82.280380 96.744492 36.328407
v 84.817574 93.423698 38.939014
v 87.559853 88.447655 41.472618
v 90.136497 80.053314 45.118435
v 89.496666 68.868286 47.568207
v 87.023117 60.971592 48.708481
v 84.683434 53.720680 49.726315
v 78.617630 110.072426 24.311255
v 76.350288 111.155235 28.312086
v 77.920074 106.431816 32.423954
v 81.285309 101.638901 36.187435
v 84.120071 98.934784 39.586777
v 85.840897 95.513771 41.904026
v 89.286583 89.832870 45.478397
v 92.145164 81.886543 49.016018
v 92.423073 70.233948 51.399250
v 89.413040 63.127930 52.548416
v 86.056534 54.524944 52.332798
v 71.452797 19.992706 53.190933
v 77.122078 23.154749 50.804844
v 70.839920 25.477255 58.816681
v 69.847473 22.384628 57.850578
v 74.067749 30.143402 57.861214
v 80.094955 38.692245 54.643009
v 84.090088 49.928303 51.627655
v 85.037354 50.358089 55.452858
v 81.497597 40.566971 58.662964
v 77.343880 32.954197 59.597870
v 71.287712 24.997168 61.784573
v 70.056633 22.164116 61.660999
v 71.748940 19.511456 58.624268
v 74.486130 20.124680 57.644993
v 77.052757 21.418722 56.419468
v 81.126701 24.207031 53.676361
v 88.735558 24.884104 51.287903
v 85.867439 22.450958 51.901966
v 88.371269 19.881578 50.411671
v 90.965263 18.762333 46.780376
v 94.112267 19.317545 42.233089
v 80.651199 19.984877 57.214508
v 84.338531 16.999065 55.362949
v 88.596306 15.618169 51.714752
v 91.544800 14.281902 45.356026
v 94.169106 13.887331 38.087872
v 90.849457 7.618295 32.365116
v 89.115326 5.604267 34.372955
v 88.541389 7.488198 39.132866
v 88.435707 10.060153 45.112415
v 85.715088 11.630335 51.039288
v 82.762901 13.137967 55.476707
v 79.161438 14.965717 58.537712
v 76.448189 16.979136 59.104465
v 70.582893 26.349796 64.839485
v 83.781914 50.982727 58.441353
v 78.882996 41.838833 61.355431
v 84.852432 56.426563 56.667065
v 87.847519 62.899754 55.723740
v 91.577026 71.339676 54.702518
v 91.559738 82.367668 52.148632
v 88.520401 90.870682 48.969177
v 84.918213 97.990730 45.143940
v 82.471283 100.870781 43.136372
v 79.816223 104.031532 40.921986
v 71.791946 117.049286 26.010452
v 66.657730 119.053963 34.130825
v 71.846786 113.084587 35.571262
v 75.617752 108.682083 37.061512
v 105.946045 3.880428 -4.067179
v 101.665695 -0.141026 -17.564777
v 97.314171 2.957102 -25.672932
v 89.255943 4.635932 -35.578785
v 101.586105 1.997908 16.350754
v 105.073120 1.357936 11.913059
v 110.132538 -2.432210 2.683108
v 108.989708 -3.996923 -4.488447
v 104.654625 -4.599908 -17.726870
v 99.019531 -1.389189 -28.432150
v 89.487465 0.570093 -38.614929
v 82.991829 7.687117 -47.702198
v 74.981209 14.835082 -55.254799
v 100.715500 -5.602286 20.481165
v 111.494835 -7.815441 6.523368
v 105.497017 -10.042598 21.830112
v 112.658356 -11.867018 14.037193
v 109.833961 -15.593033 23.160074
v 114.138100 -16.280148 16.957552
v 112.685898 -10.147068 -2.866212
v 108.199669 -10.184114 -18.623234
v 105.480728 -8.557230 -26.119741
v 102.055595 -7.518483 -32.014717
v 95.824684 -6.423716 -38.277596
v 88.902649 -2.208234 -45.066280
v 84.984917 4.948414 -52.525623
v 80.612640 11.450733 -58.225700
v 68.671204 17.049582 -60.964138
v 74.513550 12.833723 -64.480759
v 63.257492 26.129667 -60.888325
v 73.959572 39.862244 -56.486103
v 77.603203 47.466911 -53.507580
v 82.681015 56.918686 -51.568195
v 85.811874 67.641800 -47.906204
v 87.446609 78.213699 -44.058315
v 88.045631 83.792107 -41.316090
v 86.752914 95.021744 -37.931675
v 85.372437 101.968796 -35.508541
v 81.013321 110.151939 -32.295288
v 77.264183 114.067375 -29.837170
v 79.294792 109.246223 -35.640694
v 74.641434 113.788261 -33.650719
v 82.830063 101.682076 -39.306149
v 85.323158 95.291046 -40.728294
v 86.174431 84.435608 -44.596764
v 85.900665 78.752960 -46.286911
v 83.907738 67.804741 -50.062531
v 80.641251 57.571156 -53.252571
v 75.821144 49.002117 -54.956142
v 73.071426 49.936565 -56.076130
v 77.558586 59.903389 -54.340218
v 81.451332 68.264381 -51.850685
v 83.796997 79.818642 -48.066139
v 84.580627 85.171150 -46.331028
v 83.549690 94.037582 -44.845299
v 82.653961 94.652161 -45.496124
v 82.938187 98.442360 -42.663483
v 79.678398 95.707199 -49.060696
v 78.503532 100.025604 -48.421169
v 79.001770 93.421776 -52.259212
v 76.622742 95.070404 -53.700413
v 79.259163 82.320007 -55.490967
v 76.999382 83.145050 -58.008736
v 77.612915 72.808678 -59.043736
v 75.751617 74.780510 -61.474701
v 73.776436 64.019226 -61.630913
v 72.408920 65.848953 -64.350471
v 67.966286 54.104755 -63.590839
v 66.975838 56.607368 -66.287338
v 63.306259 46.845284 -65.460121
v 61.012760 47.202744 -68.193802
v 56.810848 39.708851 -66.740410
v 53.701157 39.451614 -68.783051
v 54.669243 35.717857 -64.595245
v 51.885056 34.989182 -68.307938
v 54.081295 31.931002 -62.644196
v 54.421997 29.092222 -65.498352
v 57.895863 31.322771 -60.105450
v 66.735405 42.387764 -56.838802
v 56.059700 35.279106 -62.209641
v 81.694290 92.111145 -46.245304
v 82.380981 91.008690 -46.138783
v 79.314445 93.003342 -48.275467
v 79.095924 91.949928 -50.624779
v 78.301369 81.042114 -51.908558
v 75.489685 69.743721 -55.421707
v 72.598396 62.517323 -57.903210
v 65.854248 50.914845 -59.817757
v 60.397552 43.175270 -60.856289
v 55.687225 37.350449 -62.600552
v 80.250221 89.936195 -47.495960
v 79.676880 79.892174 -49.438278
v 76.918411 69.998032 -52.253391
v 73.679459 61.283493 -55.152470
v 68.567169 51.321777 -56.870064
v 62.184292 41.005592 -59.197380
v 82.092072 86.399414 -46.188641
v 81.241257 80.914299 -47.649551
v 79.074432 69.148071 -52.120106
v 74.933197 60.103985 -53.996014
v 69.520363 48.987564 -55.369495
v 71.544792 16.617929 62.943687
v 67.619698 18.298414 64.021866
v 74.647835 35.310955 63.518551
v 67.820992 26.655167 66.606804
v 77.080276 106.730789 41.238152
v 78.540741 104.742073 42.239616
v 81.548073 101.286613 44.501331
v 84.179604 98.014496 46.519485
v 87.962341 90.840401 50.791641
v 90.734596 82.552620 53.674538
v 89.998642 71.414597 55.961773
v 86.636902 63.115402 56.690968
v 83.767952 57.131298 58.063866
v 81.500320 51.325600 59.431911
v 76.133553 42.724152 61.669727
v 72.791008 36.473007 64.702454
v 65.940529 27.978390 67.525894
v 74.976456 109.521324 39.211773
v 76.081436 107.911201 41.144032
v 74.241478 110.691742 43.637600
v 75.869583 108.365387 43.128983
v 74.298729 110.116585 46.280029
v 76.357323 107.662178 44.748238
v 77.390312 105.951591 46.316097
v 75.050034 108.334534 49.262890
v 78.215935 104.907539 50.906975
v 79.418327 103.897705 48.817352
v 83.209740 98.797531 55.038334
v 83.688866 97.920715 52.691833
v 86.805931 93.864998 56.992455
v 86.983597 93.162994 55.454529
v 88.766373 85.174103 60.288788
v 89.622101 84.882210 58.689274
v 87.692108 74.539726 62.697735
v 88.465584 73.352203 60.748901
v 83.331146 66.140602 64.623817
v 85.195335 66.371323 62.368011
v 78.131561 59.019230 66.975197
v 79.897705 58.769730 65.288223
v 73.866631 54.466587 68.712280
v 75.662666 54.217934 66.977188
v 76.825676 104.309013 43.965569
v 79.216003 100.631332 46.018864
v 82.331184 97.045509 48.012260
v 86.124542 90.614868 51.754822
v 88.507751 81.454819 54.796146
v 87.097816 69.830116 56.502357
v 84.845016 63.847816 57.099667
v 81.983368 57.928188 58.524204
v 77.692261 51.953152 60.251484
v 76.448402 106.390854 42.541622
v 79.410431 97.951668 48.601963
v 81.628571 95.767792 50.591991
v 84.380844 90.469696 52.891953
v 86.557251 81.336098 55.760494
v 85.578865 70.580902 58.146130
v 82.646523 64.584351 59.624844
v 78.692497 57.301941 62.382004
v 70.711357 114.751740 39.802853
v 70.479919 114.688499 43.291119
v 75.999046 116.779266 22.242493
v 76.081146 52.666904 63.930546
v 64.829155 120.779755 38.273312
v 62.374390 119.998512 44.404346
v 62.054802 119.739624 47.111450
v 68.564690 115.220436 49.580269
v 74.459846 44.110764 64.183174
v 68.981628 38.133339 66.625626
v 61.151360 29.839752 67.811813
v 72.099350 45.976131 65.758919
v 65.352882 39.460861 67.780190
v 57.579941 32.110867 69.039810
v 70.209442 47.978294 68.047569
v 62.851933 41.226921 68.789192
v 54.968674 35.221336 70.422623
v 72.854912 109.450119 52.152760
v 67.173355 115.223930 53.419262
v 57.111485 119.392227 55.746868
v 61.593197 115.211548 63.240631
v 67.432053 111.482277 60.753639
v 76.638000 104.710869 51.991985
v 81.217064 98.531509 55.980396
v 84.749191 93.750122 58.990593
v 85.882446 85.011490 62.164562
v 68.741852 110.218582 64.139626
v 72.258896 107.885681 60.864841
v 72.234673 110.154297 54.760128
v 73.374413 106.331810 56.726944
v 83.857040 75.895798 63.863438
v 79.653511 66.286522 66.413834
v 74.979248 59.188126 68.010345
v 72.612900 55.625931 69.857567
v 74.957382 105.136971 53.152885
v 77.705444 97.675850 57.276173
v 75.459175 102.092079 64.837540
v 75.967468 99.204239 60.612865
v 73.499451 105.675682 54.379848
v 75.387962 97.783089 58.289124
v 77.264145 94.875656 62.550465
v 76.411423 93.376640 60.191277
v 79.021759 87.075264 66.292778
v 77.402481 85.479736 64.722435
v 77.715668 80.472282 68.045288
v 75.652359 79.669579 66.511566
v 74.428932 71.937340 69.743576
v 75.706093 72.662186 71.363495
v 71.750069 65.036606 75.235550
v 71.963242 64.455719 73.473785
v 69.460106 60.898617 76.300880
v 70.132057 61.307713 74.452484
v 68.639511 57.583519 74.583496
v 69.220428 59.306557 73.535011
v 69.801010 59.740608 71.115562
v 76.655785 97.922379 66.879684
v 77.966988 90.256577 70.802544
v 77.780777 83.569992 72.520126
v 72.660835 75.756920 76.797134
v 64.416138 70.662598 80.661316
v 56.278595 63.445969 83.103966
v 57.153488 56.452301 80.652405
v 64.948936 48.649124 72.278870
v 71.194328 64.163834 68.766312
v 73.050659 68.495247 66.546150
v 75.633461 76.344200 63.701916
v 79.047966 84.542908 61.889862
v 79.215508 93.373512 59.415943
v 54.592953 79.713638 89.176689
v 51.973377 76.488945 91.123642
v 53.241142 72.447273 88.787643
v 58.086040 77.364151 85.307426
v 58.890350 85.464958 87.091454
v 63.540848 83.504807 83.656906
v 63.501945 91.373177 82.577286
v 67.070305 90.665138 79.099350
v 66.280540 94.517303 79.802605
v 70.531578 95.628555 76.759590
v 68.295975 99.731201 75.571609
v 69.180862 100.781624 71.211700
v 68.554977 106.995888 70.328896
v 70.582420 106.718773 68.739479
v 58.677704 71.115715 85.816628
v 61.060867 74.765678 83.623177
v 68.808998 81.777496 81.804337
v 71.329720 87.828072 77.745956
v 74.400558 93.171051 75.362312
v 73.995338 99.101044 70.910042
v 72.673897 106.342506 67.247719
v 68.268883 110.693710 66.251091
v 68.225685 102.267609 -55.657463
v 73.710564 100.674309 -52.604462
v 72.318794 95.546822 -56.036400
v 70.479744 95.908417 -57.104904
v 74.959877 95.023300 -55.299915
v 68.567268 94.363808 -59.799805
v 67.811737 85.118179 -65.172043
v 69.019897 83.764709 -62.132862
v 64.543617 73.790192 -69.704254
v 65.331665 72.786354 -68.209496
v 60.929813 69.499374 -72.602005
v 60.374733 67.855263 -71.064903
v 53.057598 64.198296 -76.502335
v 55.352299 61.884941 -73.867859
v 74.332214 83.082428 -60.061623
v 73.392036 75.494980 -63.765476
v 68.221153 68.360161 -67.531540
v 63.772617 62.206772 -70.756805
v 57.701717 58.267166 -72.937408
v 72.088120 82.643555 -61.471851
v 69.557442 75.968819 -64.274895
v 65.549828 69.884224 -66.862991
v 62.310318 66.202293 -69.330505
v 76.658714 104.268723 -46.125458
v 72.482315 109.648880 -43.348328
v 68.195030 113.166199 -41.354939
v 71.396355 104.483856 -51.028820
v 67.755997 109.419533 -48.305668
v 64.970955 113.163986 -44.728672
v 61.481796 88.289398 -69.584480
v 62.838863 97.406883 -64.239578
v 51.513512 96.784172 -75.875313
v 52.129162 105.434441 -69.946808
v 35.112541 109.387665 -77.182350
v 38.640450 111.238808 -66.183411
v 58.826965 77.691162 -74.364044
v 50.142925 87.752892 -81.272804
v 35.783504 101.314316 -84.594612
v 46.310204 70.043083 -80.135674
v 55.501919 75.446907 -76.865257
v 32.583778 78.878860 -85.351219
v 21.848354 92.730423 -92.832298
v 32.977497 119.355438 -62.193073
v 31.790995 122.190781 -82.167137
v 27.884686 129.159821 -73.461403
v 32.903408 114.189362 -90.108833
v 23.671904 110.273056 -98.786919
v 12.363601 76.229774 -91.319862
v 9.772657 90.199036 -98.651657
v 14.200041 107.776169 -104.814499
v 2.197279 90.283356 -102.814713
v 0.817579 109.790779 -107.135033
v 4.084820 76.682152 -97.663422
v -6.649712 93.173897 -103.403267
v -5.765236 77.771454 -99.596924
v -12.499318 79.792473 -96.943367
v -19.065845 101.416214 -92.713165
v -12.590506 117.889862 -98.277184
v -22.554504 110.565514 -82.858391
v -15.578820 127.277710 -88.502579
v -20.156084 83.080383 -91.052574
v -29.382816 92.930534 -82.171638
v -17.655714 120.930901 -66.672874
v -9.010938 137.386124 -76.867401
v -25.446543 110.684486 -62.634918
v 7.315524 61.329769 -90.681221
v -4.863326 64.255493 -93.894867
v -13.006841 65.888489 -92.330376
v -21.613043 66.568268 -86.188087
v -36.275330 74.710556 -82.196472
v -40.654514 97.305946 -72.235863
v 22.151165 60.911442 -82.915192
v 23.018990 50.963860 -80.256912
v 24.665741 41.023563 -78.010460
v 40.315144 30.489517 -70.485977
v 11.104614 39.827854 -83.567993
v 9.378173 49.683922 -86.980209
v -1.520791 49.163845 -89.867409
v 27.996315 26.081165 -70.652481
v 15.696036 24.487852 -77.867638
v -12.123402 52.319164 -87.881294
v -20.408140 52.476715 -80.905014
v -10.938413 37.515312 -80.010315
v -22.408600 42.700138 -77.482872
v -10.590231 22.998085 -80.016151
v -23.653339 23.516150 -75.409782
v -43.024689 62.359524 -74.650627
v -43.864201 49.459545 -71.823853
v -34.550381 27.466843 -73.074783
v 30.589424 19.134705 -69.929138
v 19.550924 13.448355 -75.545448
v -9.063094 8.953055 -85.622772
v -22.759998 10.063867 -79.947777
v -46.034359 32.120815 -68.651566
v -37.948505 14.171309 -73.583702
v -50.431789 17.840477 -67.224785
v 44.117233 24.290365 -68.765999
v 46.339878 20.374836 -66.719398
v 57.012585 18.211740 -63.905006
v 33.671143 14.848000 -71.609451
v 57.476822 15.877931 -66.495186
v 63.338329 17.403725 -63.963291
v 59.776798 6.920177 -72.332306
v 66.776001 11.751730 -67.973877
v 88.316673 6.646913 -63.013771
v 83.899986 8.395983 -69.388046
v 89.161072 4.441229 -72.493713
v 92.465775 2.714341 -67.518646
v 98.529236 0.795387 -70.907349
v 94.647064 1.272340 -76.199005
v 104.940178 -3.432231 -80.345711
v 105.993599 -2.970839 -75.764046
v 115.156532 -3.110675 -77.274864
v 115.823387 -3.573203 -83.447197
v 123.891174 -4.610806 -83.727814
v 123.464188 -4.678153 -77.905907
v 133.670013 -5.443091 -78.067184
v 133.385208 -5.717806 -84.125031
v 137.419968 -6.871857 -84.105988
v 137.771500 -6.825457 -79.391914
v 141.811111 -9.385866 -80.154266
v 141.512741 -8.910823 -83.667366
v 76.829514 0.662608 -73.935287
v 82.906776 -1.634954 -77.364403
v 89.349968 -4.404682 -80.333122
v 101.468239 -6.683467 -83.175468
v 114.198410 -6.867130 -85.479530
v 70.777023 -3.069021 -73.976944
v 86.424553 -9.631875 -82.185921
v 78.692390 -6.660225 -77.392761
v 113.095848 -11.437996 -86.885353
v 99.356316 -11.111677 -85.295738
v 133.536118 -8.785192 -87.174744
v 122.962524 -7.414402 -87.131691
v 133.962433 -12.685453 -87.559143
v 122.998405 -12.109659 -88.034248
v 42.272446 4.918428 -74.616798
v 56.968533 -10.067892 -73.330284
v 40.282642 -9.395105 -77.385895
v 83.121735 -14.927506 -81.698509
v 70.311211 -11.963907 -77.805984
v 112.454155 -14.396876 -86.914330
v 96.917877 -14.918594 -86.210739
v 1.110335 23.347685 -82.471954
v 1.047449 10.007112 -84.462387
v 0.319182 -0.761524 -88.328606
v 13.167792 11.068871 -81.299393
v 20.090355 3.329402 -80.263565
v 22.643259 -3.205707 -82.946098
v 25.758472 9.703733 -77.731682
v 32.849186 1.008788 -78.601097
v 24.342356 -8.796700 -84.077629
v -0.999545 -8.439862 -92.168938
v -11.279868 -1.885825 -88.739914
v -24.038733 -1.280403 -82.105522
v -12.286839 -9.723593 -90.765137
v -27.066221 -9.643106 -83.958511
v -39.480080 4.447380 -73.536346
v -53.378628 8.811374 -63.874001
v -46.466957 39.925869 -70.365395
v -57.680668 42.682915 -61.811073
v -58.262260 52.623611 -63.638859
v -66.063179 54.514423 -50.908257
v -66.285423 43.896408 -51.156048
v -72.027191 44.799999 -41.745483
v -72.693230 54.608486 -42.195503
v -83.317368 46.318127 -30.742968
v -85.428093 54.116272 -31.741590
v -92.877899 46.218422 -15.498187
v -94.778915 53.243568 -16.917030
v -93.974594 43.702900 -0.315528
v -96.729996 55.373116 -1.258948
v -83.321030 47.933315 16.022194
v -87.266068 64.879921 17.641388
v -55.216537 67.752838 -66.162170
v -66.374474 67.805443 -53.017326
v -73.174019 68.721054 -41.979008
v -84.123741 66.644257 -32.032417
v -49.112934 84.150322 -71.734268
v -61.388687 85.107246 -57.084454
v -71.201279 83.573036 -46.051163
v -68.843765 95.616913 -41.731991
v -57.743164 97.524109 -55.233479
v -51.254890 96.248230 -61.189156
v -82.398788 82.438820 -33.148071
v -82.949852 93.564560 -31.857958
v -97.657997 68.121185 -5.129347
v -95.302597 66.201622 -19.486509
v -96.199821 81.350449 -12.881261
v -94.452751 80.791374 -21.325020
v -101.153557 96.840179 -11.855601
v -97.152679 94.110565 -24.404490
v -65.308731 34.821907 -50.650410
v -58.376728 31.094194 -60.093811
v -60.276516 18.667027 -58.817722
v -66.713219 19.024693 -48.388821
v -61.987431 8.397687 -56.685467
v -68.596268 7.813720 -48.949986
v -70.814011 33.506641 -41.024742
v -71.873764 19.298462 -38.893383
v -73.822342 6.556190 -43.048389
v -76.139320 18.522438 -30.266685
v -79.293526 31.825356 -29.887293
v -76.397072 5.178256 -34.987965
v -86.673683 19.871246 -18.484076
v -91.149345 31.731520 -14.477364
v -89.633461 31.938633 0.250323
v -88.965927 18.712364 -8.348082
v -84.625877 17.030577 2.259637
v -92.080887 9.152950 -10.313025
v -90.929504 4.310602 -1.358932
v -93.627167 0.842543 -2.825351
v -94.503281 4.576135 -11.573972
v -98.210747 2.163386 -12.647690
v -96.518585 -2.369703 -4.115240
v -103.682915 -2.631634 -7.419886
v -104.825020 -0.740013 -14.992543
v -112.485825 -2.838118 -15.966473
v -110.965561 -5.810808 -11.443587
v -118.121185 -8.064940 -14.278106
v -119.776604 -6.023784 -18.983768
v -127.788124 -6.545125 -21.032364
v -126.237617 -9.320953 -16.692457
v -82.509674 7.019197 -28.351728
v -88.493408 8.490626 -21.469690
v -92.034935 4.804888 -21.983145
v -96.678123 1.516922 -22.782110
v -104.041847 -1.295078 -23.693356
v -111.873306 -3.449554 -23.995493
v -120.328506 -6.487175 -24.452852
v -128.761749 -6.011798 -25.866777
v -63.818428 -0.197136 -71.419495
v -66.919342 -1.723553 -68.187363
v -73.625267 -1.904299 -76.009888
v -69.601540 -0.301434 -79.626167
v -73.269348 -3.089409 -86.240089
v -77.006485 -4.756973 -83.057732
v -82.510941 -5.214704 -91.002792
v -79.040047 -3.924670 -93.866783
v -85.580811 -2.235009 -100.939774
v -88.904526 -3.873666 -98.279251
v -94.261108 -2.602464 -103.452065
v -94.126465 -0.911402 -109.986565
v -96.189751 -1.624154 -112.395020
v -98.873886 -3.398326 -109.447678
v -71.959854 -1.656828 -52.614376
v -75.751511 -3.017524 -44.659554
v -74.282394 -9.374951 -53.416042
v -78.048309 -10.085877 -46.756691
v -80.247269 -2.652215 -38.105034
v -83.637718 -9.513476 -40.276913
v -86.954178 1.829279 -29.952362
v -92.610275 -4.703896 -31.196842
v -100.625832 -9.286407 -30.351524
v -109.585945 -10.238133 -29.677935
v -119.294220 -10.092440 -29.423122
v -127.646584 -10.508669 -32.002453
v -136.265701 -12.066651 -32.103386
v -138.015808 -8.766053 -28.720028
v 20.153437 137.042572 -65.058830
v 24.092499 124.200203 -52.582123
v 12.320779 139.417633 -64.107445
v 11.052153 128.648941 -50.675140
v 0.755679 139.156570 -68.823540
v -1.382174 128.124313 -52.754955
v -7.704835 124.898300 -57.122719
v 32.983761 132.729752 -88.940193
v 31.972271 125.408501 -95.845543
v 33.264221 138.331741 -100.953888
v 33.534161 144.234253 -93.915123
v -7.260970 128.639084 -104.474373
v -9.235239 137.535294 -93.792656
v -5.799680 146.914856 -99.443878
v -1.368794 138.047379 -109.651077
v -4.368927 144.423889 -83.781830
v 2.912147 146.519974 -75.125229
v 3.568482 154.224167 -81.327156
v -3.285326 153.388397 -88.594879
v 16.815731 117.817276 -109.128250
v 4.154517 120.358414 -111.181328
v 8.212430 130.541382 -113.515678
v 18.775131 129.076416 -112.017448
v 28.421671 138.220184 -78.135078
v 27.713812 148.770386 -83.277458
v 26.820093 121.214256 -104.370506
v 26.329245 132.960815 -108.487106
v 12.517529 147.076721 -69.578484
v 11.668786 154.329651 -76.330589
v 21.108244 145.239380 -71.224174
v 21.406977 156.019592 -76.579811
v 0.805342 152.102188 -111.550896
v -4.012426 156.386871 -100.356674
v -3.570374 166.153793 -101.754471
v 0.945126 160.884171 -110.147827
v 32.249451 151.295425 -103.695381
v 26.587791 149.783661 -110.446136
v 25.423264 162.096039 -110.178139
v 29.689484 163.917603 -105.052902
v 11.924132 163.107422 -78.786217
v 21.563889 161.966721 -77.349991
v 19.907673 169.364319 -80.863457
v 11.547511 168.226166 -79.715675
v 10.330757 144.944382 -115.634789
v 11.035361 159.384659 -114.642586
v 19.249928 143.438171 -113.603073
v 19.744400 159.539200 -114.132324
v 3.723678 162.681213 -83.511124
v 3.266480 168.837097 -84.227806
v 28.133432 158.630692 -85.547729
v 33.574669 154.954636 -96.501663
v 30.707781 165.420517 -98.625458
v 28.974888 167.516342 -87.009941
v -2.023966 160.462357 -91.788742
v -2.602839 168.918945 -92.296379
v 11.392327 181.940872 -83.025223
v 19.972712 182.074570 -83.344444
v 19.362392 192.557861 -87.600914
v 13.523474 190.203232 -86.947296
v 11.827335 179.827759 -115.364555
v 4.108830 179.947144 -111.273468
v 4.373466 193.942993 -113.940071
v 12.751614 193.206100 -114.860718
v 18.264681 180.133423 -115.210449
v 20.399429 196.052841 -115.861641
v 3.901466 182.222870 -86.825745
v 6.158510 191.730209 -89.354828
v 26.885777 181.042145 -89.188828
v 30.463083 178.937897 -98.989334
v 30.980701 194.092621 -100.536339
v 25.649797 192.820908 -91.953766
v -1.678541 180.974075 -103.342712
v -1.885929 180.942154 -93.485245
v 0.198930 194.803604 -96.386116
v -0.331118 194.796982 -105.451561
v 24.989336 179.172974 -110.373650
v 26.534529 195.686829 -111.330917
v 28.516895 180.096130 -105.803513
v 29.356901 195.750259 -106.547989
v 28.866098 208.268967 -105.543739
v 26.930935 208.864670 -111.901062
v 26.761198 221.727173 -110.326393
v 28.535799 221.976151 -106.590324
v 12.015862 205.593842 -88.192314
v 19.579107 206.584946 -89.136986
v 17.625011 221.429688 -90.858452
v 12.177385 220.028915 -91.713936
v 14.148897 207.019424 -114.475876
v 5.892157 207.697952 -112.143616
v 6.072455 222.186859 -113.996582
v 13.513119 221.172760 -113.554794
v 20.528023 208.822250 -114.420143
v 19.270418 222.569702 -114.392937
v 5.773001 206.461731 -90.145905
v 4.810922 219.144409 -91.745087
v 24.730247 207.633301 -91.874130
v 28.949432 207.735733 -100.297714
v 29.688753 223.178970 -99.714569
v 23.115789 222.641449 -93.287811
v 1.316411 210.466324 -105.646431
v 0.712455 207.578430 -96.001701
v 0.347775 221.928299 -97.718109
v 2.685996 219.047760 -105.048744
v 27.146622 230.910339 -105.807999
v 24.899780 232.108063 -111.874405
v 24.044918 239.205536 -110.908401
v 26.719404 239.365997 -107.042679
v 11.607477 230.533676 -95.029404
v 18.551306 232.084900 -92.842346
v 18.940702 240.132462 -94.065521
v 11.403069 240.354797 -92.883820
v 13.914826 231.408096 -113.725334
v 6.572999 231.308777 -113.449806
v 9.238432 237.894470 -111.432335
v 14.167311 239.300400 -114.256348
v 20.353188 231.715897 -115.132713
v 17.503061 238.944687 -114.190674
v 5.160048 232.023163 -94.400146
v 5.953843 241.249283 -94.565933
v 25.446960 230.197647 -96.540993
v 28.284763 231.143402 -101.274384
v 27.495066 244.134354 -102.897118
v 24.244843 242.282684 -95.388306
v 1.798423 230.373825 -105.079987
v 1.621108 230.534149 -98.462769
v 1.206587 241.505661 -98.883415
v 2.821786 240.803757 -106.052765
v 9.091366 251.137711 -109.680779
v 3.194518 252.474808 -105.508026
v 3.198272 262.442505 -104.850357
v 7.853144 261.747101 -110.346001
v 25.796104 253.394592 -105.906898
v 24.087671 250.265289 -108.875496
v 24.472744 262.110748 -112.306572
v 26.733620 263.417847 -107.009789
v 12.602601 253.263931 -91.447716
v 18.736061 252.527481 -91.881470
v 18.722746 264.141602 -92.272186
v 13.595769 263.312775 -92.242332
v 15.850488 248.059067 -112.382500
v 13.449872 262.084076 -112.423248
v 20.275984 250.375977 -111.398735
v 20.623791 261.908813 -114.939575
v 6.564830 253.551315 -93.927490
v 7.057812 262.815063 -94.550400
v 23.730440 253.542267 -95.391075
v 26.623482 252.632416 -102.271683
v 27.703415 264.229431 -102.668411
v 24.369265 263.868378 -95.535484
v 1.952491 252.913544 -98.872009
v 3.391612 263.693726 -99.257660
v 7.800127 271.657593 -110.785950
v 2.743180 272.712708 -105.790001
v 6.053919 279.205963 -106.777237
v 7.598994 278.451691 -107.735146
v 27.162977 271.095093 -106.527092
v 23.870665 270.839294 -110.827805
v 23.308403 280.045197 -109.442039
v 25.915514 281.037323 -106.107002
v 14.394592 271.516693 -94.491577
v 18.567194 270.271820 -94.202583
v 19.690544 283.205597 -95.422462
v 13.769573 283.837830 -93.558281
v 13.244292 272.913757 -111.603928
v 14.228367 280.319275 -110.758499
v 20.211479 269.690308 -113.069878
v 20.483875 281.689056 -110.017265
v 8.999842 272.589600 -97.121460
v 8.673800 283.472290 -96.047806
v 23.266102 270.794800 -96.504311
v 27.533173 271.243317 -102.535561
v 26.492941 280.508118 -102.427986
v 22.522257 281.664948 -96.840332
v 4.020418 272.607178 -100.152840
v 4.859138 281.766357 -99.415169
v 18.316174 292.684357 -95.429794
v 22.493778 290.761322 -97.328728
v 21.183561 305.082092 -99.733566
v 18.016470 305.404724 -97.773003
v 10.265216 291.427979 -109.392952
v 6.254426 293.689270 -105.769348
v 8.695642 305.579437 -107.195457
v 11.567730 304.912140 -111.200645
v 25.193966 292.089203 -105.761543
v 21.100422 293.316467 -109.685356
v 22.002581 304.392700 -110.551956
v 24.456263 306.649567 -107.095535
v 13.022082 293.855804 -94.401459
v 13.931977 304.604401 -96.440346
v 14.118966 292.686798 -111.356186
v 14.585947 304.520477 -112.598892
v 18.800785 292.783752 -110.856361
v 19.654211 304.162689 -112.011421
v 8.383738 293.284790 -95.114296
v 9.783756 304.808502 -97.409492
v 25.636902 292.466339 -103.039703
v 24.794971 306.963745 -104.397240
v 4.242117 293.538177 -100.010315
v 6.713032 304.559937 -101.610092
v 60.189507 123.658829 -21.707529
v 55.918739 123.466263 -25.249935
v 54.291817 124.205521 -24.007664
v 60.375244 124.513657 -19.835554
v 58.090641 120.743904 -36.726200
v 54.665817 122.576347 -32.265862
v 55.773579 120.061577 -30.466818
v 57.903248 118.578300 -33.260128
v 56.732010 121.020332 -26.096952
v 65.332077 117.647964 -36.409306
v 63.175438 116.700981 -33.618172
v 69.198990 116.540062 -31.073729
v 66.325172 115.731369 -30.796465
v 71.238434 117.148819 -26.176001
v 66.950882 115.681038 -27.381443
v 67.930527 119.815285 -21.095606
v 64.686363 117.620865 -23.150261
v 60.312866 119.786186 -23.567381
v 53.711304 123.545258 -33.530506
v 50.568729 124.802399 -34.971916
v 48.194653 124.803795 -22.416962
v 57.922100 120.871284 -36.718121
v 56.585056 120.535255 -40.646671
v 65.769753 117.296890 -37.084824
v 61.937099 115.900543 -42.674755
v 70.996483 116.260590 -31.532133
v 72.464607 117.242966 -25.348900
v 68.996964 120.455132 -19.973318
v 70.748802 120.718231 -17.805910
v 70.752319 121.802750 8.680321
v 70.647827 121.135674 17.727434
v 61.322788 126.127182 -14.602412
v 41.655563 125.431503 -33.011223
v 38.770023 124.903114 -19.391804
v 46.727203 126.601173 -13.694696
v 57.136032 127.646645 -11.957245
v 39.070011 126.343307 -14.190981
v 31.934370 124.791077 -14.326047
v 35.251110 126.100410 -12.844112
v 29.707520 126.279015 -9.800784
v 33.434296 126.316429 -9.780552
v 28.987095 127.520676 -4.631741
v 32.958458 127.326050 -6.185019
v 33.027599 129.394043 -0.590131
v 35.804562 128.845413 -3.579565
v 39.752083 131.819336 1.010114
v 41.568771 131.016693 -2.371467
v 50.301937 132.149078 1.455977
v 49.696270 130.878677 -1.726471
v 57.065262 130.317123 1.274505
v 56.569332 130.025101 -2.432734
v 61.295155 128.934311 -2.224919
v 58.119778 128.918289 -4.333761
v 62.712105 127.647240 -6.548690
v 58.744236 127.809570 -6.699600
v 67.565666 126.287849 -2.498828
v 66.170677 126.221481 3.491663
v 64.796455 125.832825 6.435122
v 66.410446 123.633545 11.156449
v 61.650330 128.226028 3.724127
v 61.229721 127.077446 6.811565
v 54.552372 130.666061 4.958873
v 53.941044 129.235962 8.081975
v 45.604107 132.027054 7.022825
v 46.150436 130.537552 9.902915
v 39.825500 131.144653 10.076646
v 42.873947 130.068253 11.473639
v 36.383846 129.435257 15.359390
v 40.576241 128.504166 14.200399
v 37.377884 129.160477 19.756712
v 41.488297 128.292480 18.693209
v 43.455952 128.591919 22.234686
v 44.862133 127.571404 19.339703
v 54.594067 125.623062 18.453051
v 54.813103 126.395638 21.091784
v 63.505730 123.644066 19.885582
v 61.863960 124.121941 16.500784
v 66.017342 123.339478 14.535033
v 43.821743 126.648018 17.940235
v 42.939629 127.263756 13.212579
v 52.083111 124.012527 16.977291
v 50.588169 125.133080 11.268951
v 60.807346 123.406204 15.026212
v 59.136631 124.588791 9.207969
v 63.989250 123.076134 12.417093
v 63.377918 124.070061 9.155129
v 55.612511 126.306717 -8.312303
v 54.718357 127.734062 -4.165059
v 49.901257 125.061707 -9.881434
v 48.443146 127.826004 -3.189910
v 44.954983 125.112823 -11.303018
v 43.515148 128.459290 -3.619637
v 38.796703 125.439102 -11.157788
v 36.984787 125.944016 -6.555825
v 19.054678 123.388611 -3.409065
v 20.255045 124.801056 2.636859
v 20.585543 122.880646 -9.084119
v 23.072746 121.830200 -13.854070
v 1.597585 115.346451 0.393971
v 6.001158 117.439896 5.549937
v 3.751090 115.585472 -7.407654
v 8.743385 116.901756 -14.978730
v -8.428511 113.610222 -1.421456
v -8.341618 113.081238 4.419921
v -7.437652 113.625580 -9.516489
v -3.634783 114.695656 -17.678789
v 50.023510 120.465141 -46.235649
v 43.053188 123.527229 -40.782078
v 36.555195 115.447868 -52.703747
v 31.160795 119.458450 -47.054550
v 56.499599 115.935059 -50.856110
v 44.299438 112.558640 -58.853100
v 62.186260 109.789291 -58.313728
v 51.351463 110.130653 -64.171005
v 36.278339 124.210991 -34.049061
v 26.405998 120.608437 -22.807983
v 13.077201 117.866188 -25.640940
v 25.381433 120.362549 -37.985142
v 15.360181 122.243080 -42.753120
v -4.226661 122.487892 -39.673454
v 3.984371 123.047577 -39.925598
v -18.898867 118.054634 -49.245850
v -11.855720 121.665001 -43.201889
v 7.244101 121.238892 -34.048355
v 2.484513 117.541542 -26.580805
v -17.491522 116.690254 -36.214733
v -9.305955 117.863708 -31.305510
v -26.743650 111.421432 -30.093088
v -15.430510 112.218391 -22.724075
v -89.075935 90.952919 5.886241
v -96.053879 101.671616 1.830880
v -88.733498 82.168373 13.087312
v -82.829987 97.698433 17.711592
v -87.937210 106.918442 11.012610
v -82.398659 88.433716 27.710955
v -80.956726 70.208588 32.256977
v -76.710617 51.541969 29.447395
v 57.550602 124.517380 29.092310
v 36.585274 126.097649 30.348074
v 49.769791 125.756821 36.700516
v 29.779961 126.149788 37.473465
v 42.168884 125.200600 43.850460
v 24.776077 126.835953 47.601196
v 40.666904 125.380363 47.788887
v 25.146433 127.679619 18.920584
v 27.396717 127.250023 25.420210
v 12.262316 123.096794 23.317833
v 16.855429 124.397263 30.730343
v -2.214711 117.398476 29.134966
v 7.122107 122.046768 39.056950
v -7.590107 113.523140 18.414200
v 7.715471 119.839996 13.341285
v 21.136703 125.873390 10.699600
v 34.386650 131.013809 6.288647
v 30.232065 130.103592 58.863823
v 40.397999 129.020294 58.942711
v 28.122856 139.051483 68.272430
v 39.949360 138.550522 65.699448
v 28.447746 151.428207 70.518227
v 38.706314 151.797867 69.991554
v 48.315231 151.590454 77.488121
v 50.217804 138.696533 74.155602
v 50.787834 152.100830 89.983788
v 55.530838 138.966736 88.864510
v 46.823105 152.497574 100.824387
v 48.176773 138.712250 98.408302
v 37.356289 152.064987 105.647820
v 41.180134 138.431625 105.571640
v 27.777283 151.689819 106.139664
v 28.695681 137.424896 107.317505
v 20.008688 152.831589 97.387390
v 20.100410 137.356049 99.784760
v 16.121849 153.570496 89.336922
v 16.388941 137.287766 89.180412
v 20.145815 151.385345 76.970772
v 19.989473 138.441788 77.360184
v 54.394608 127.660667 70.765800
v 48.020561 124.117218 56.783176
v 56.426773 121.235497 67.161278
v 61.056496 116.456284 73.264267
v 61.133503 112.810532 77.135895
v 57.388126 126.325790 83.025024
v 60.612217 109.319740 79.435371
v 57.616753 103.726357 85.215691
v 55.080093 122.646416 92.306244
v 49.973194 120.334015 99.253136
v 53.147495 99.780693 90.501472
v -36.199123 108.772720 -53.398647
v -25.065981 114.801331 -42.550110
v -47.133343 108.255486 -45.817432
v -35.439613 111.121773 -36.980370
v -37.574478 117.928467 -25.963629
v -25.926273 116.310486 -18.716791
v -55.497284 108.220695 -37.463322
v -44.747528 116.238831 -31.792391
v -63.357906 119.452972 -30.966454
v -56.720608 119.996490 -27.788557
v -70.261559 134.217316 -30.264067
v -63.407295 134.057465 -25.165277
v -76.955910 117.486565 -35.182793
v -86.879944 113.829155 -34.156876
v -90.721771 131.633667 -32.406757
v -81.061440 133.807755 -32.821095
v -101.364571 109.658195 -26.183277
v -103.070518 128.545151 -26.194206
v -104.768562 110.422394 -14.813386
v -109.519592 126.908691 -16.519737
v -105.387077 142.618835 -26.192402
v -91.633484 145.408188 -28.770752
v -83.005127 148.099945 -30.568035
v -112.259918 138.990662 -18.702749
v -3.351367 117.953423 -28.726908
v -9.831858 114.219391 -20.098577
v -17.073080 113.225189 -13.471957
v -49.189442 120.677208 -23.244473
v -55.396885 131.903503 -18.559425
v -38.977970 123.897530 -14.212921
v -19.499134 114.965981 -5.487438
v -19.585728 116.963890 1.856857
v -17.583500 116.800156 19.791542
v -9.446642 114.547127 35.441658
v 3.338996 119.317764 46.971710
v 19.520470 125.990067 54.792351
v -0.104121 116.714989 55.539909
v 16.543669 122.008080 62.490227
v -16.314188 113.456970 41.999714
v -25.945198 118.408875 22.535915
v -28.415352 121.703018 5.136969
v -29.662416 121.721565 -7.624897
v -1.281302 110.568489 65.908783
v 10.885416 117.769051 72.616959
v -21.491922 110.988022 51.099369
v -35.559151 117.888458 32.711960
v -38.782307 120.510231 13.522632
v -37.945030 124.457626 -5.697419
v -68.580666 68.864479 48.508060
v -69.708321 93.850227 43.620869
v -65.324753 56.443295 47.688156
v -0.080021 39.627323 -87.690247
v -50.794907 -2.066680 -79.089493
v -58.993084 0.300561 -75.698387
v -43.409981 -5.650899 -80.969444
v -63.669987 -0.557644 -82.406326
v -56.385731 -5.171695 -85.836746
v -75.078789 -4.790782 -96.417343
v -68.943428 -3.642619 -89.035179
v -62.373375 -9.843152 -92.281540
v -70.219452 -8.640653 -100.676064
v -86.324631 -2.208371 -108.723480
v -81.662888 -2.722492 -103.998009
v -78.535507 -5.043019 -109.124115
v -84.643890 -3.681917 -113.536957
v -79.864960 -8.946415 -80.640121
v -76.802589 -7.977229 -72.237625
v -91.002571 -7.039262 -95.418251
v -85.280602 -8.469107 -88.189842
v -100.430702 -5.409534 -108.688026
v -96.564812 -5.614362 -101.741547
v -72.872581 -7.439743 -64.453850
v -94.334999 -1.069854 -116.051125
v -90.650276 -2.384745 -117.840340
v -81.363907 38.505623 15.738267
v -79.359688 21.038469 18.180773
v -75.204659 42.684174 28.341078
v -72.035904 23.451328 32.527313
v -84.040253 6.256786 10.311277
v -82.145042 8.808562 25.824007
v -112.119331 -10.373390 -6.412682
v -104.437904 -6.914135 -2.265473
v -97.081367 -7.104927 0.503519
v -119.614220 -12.633660 -9.369873
v -127.719437 -12.939159 -13.206272
v -93.148071 -6.754641 4.951251
v -90.242661 -2.516130 5.476202
v -86.931137 5.219832 4.826073
v -86.103821 -2.492864 12.730336
v -83.340355 0.168112 27.114090
v -88.425232 -8.292129 15.156899
v -84.885567 -6.557727 29.197535
v -94.804962 -14.854618 7.537772
v -91.025711 -13.210751 18.139397
v -101.108368 -14.338953 3.036562
v -104.831787 -13.168588 0.732726
v -112.176018 -14.132516 -4.195666
v -120.133156 -13.679677 -8.494546
v -88.150124 -13.564975 31.491903
v -75.460938 10.175610 36.152927
v -77.718674 1.456031 38.440468
v -80.373909 -4.716473 40.414043
v -83.009544 -12.823831 42.202045
v -62.273365 41.182873 47.593758
v -60.599579 23.286255 48.008049
v -68.950249 10.177209 45.784771
v -76.273994 3.533126 48.536102
v -79.595673 -1.475207 50.433315
v -81.871834 -10.490070 51.842255
v -83.745110 -10.596926 59.704433
v -81.961571 -3.019143 63.350861
v -87.228485 -12.968476 77.659981
v -83.982414 -5.479221 80.505241
v -92.614304 -15.139892 92.504105
v -89.025894 -8.288199 94.895599
v -98.548645 -15.179623 103.803001
v -94.393707 -8.931424 105.666649
v -106.973831 -13.688753 112.851707
v -101.470818 -9.181572 114.471321
v -112.080101 -14.920358 119.797432
v -107.642372 -8.542685 121.283211
v -81.019539 0.066119 84.705032
v -75.455101 6.550267 68.495255
v -75.936546 1.988034 89.072823
v -68.331360 6.923318 75.988617
v -71.631485 -0.326795 93.849106
v -61.716415 1.338285 82.783745
v -67.020012 -7.623603 96.985382
v -56.822056 -6.931153 86.547836
v -65.026878 -12.903587 97.199699
v -54.545959 -11.177128 88.184120
v -85.181198 -5.215328 97.524651
v -82.260742 -3.290261 99.976402
v -90.950645 -6.999345 107.556709
v -87.484116 -6.125357 110.168793
v -98.228409 -6.612927 115.907356
v -95.596382 -7.188025 117.551643
v -105.405609 -6.924335 122.524948
v -102.467506 -6.919614 124.961517
v -77.188156 -4.404169 103.166023
v -74.435371 -9.615517 104.894135
v -85.506302 -8.035141 112.317474
v -83.486404 -11.212914 114.689919
v -93.384048 -8.025556 119.851593
v -91.743149 -9.921137 121.691109
v -100.798531 -7.437225 127.082001
v -97.753426 -9.402681 128.695663
v -104.421181 -8.687092 130.286148
v -102.842651 -10.579713 132.026413
v -109.287415 -8.712527 126.715721
v -107.271309 -8.377560 128.334229
v -114.169319 -14.540835 124.648369
v -111.624817 -10.184854 125.809761
v -73.067520 -15.584877 105.142067
v -83.598427 -16.304661 115.756081
v -91.221436 -13.668243 124.014153
v -97.187347 -12.727020 130.601608
v -101.514626 -13.012389 133.734146
v -62.804428 11.916067 68.674606
v -71.776428 9.591550 62.069607
v -55.219006 7.021317 75.697319
v -77.548134 4.262393 58.787857
v -56.562931 15.002841 61.038944
v -66.400375 12.722147 53.642681
v -45.919628 8.650036 70.948601
v -48.680630 -3.769133 83.507942
v -44.411800 -12.304625 87.091019
v -37.713943 -1.184679 79.975876
v -30.835049 -13.055503 90.984818
v -37.403084 16.234997 68.067001
v -51.209793 24.244371 56.400856
v -18.174234 -12.103379 95.942230
v -21.765856 -1.160336 85.717239
v -1.425530 -12.405068 95.079865
v -2.915774 1.473102 87.452179
v 15.361049 -13.598047 90.216721
v 13.712313 2.302209 86.612541
v 28.002493 -14.603436 86.545143
v 25.570051 3.879238 87.716492
v 36.360493 -14.594173 82.746368
v 36.355778 0.944248 78.106537
v 49.978367 -15.481482 80.718910
v 50.387539 -0.173462 75.500145
v 65.971092 -15.583891 83.071915
v 65.842606 -1.210594 77.037567
v -41.695843 41.052395 71.960175
v -55.087772 51.334412 66.293098
v -47.843445 60.027443 75.731087
v -55.309341 60.633911 65.896812
v -57.671944 76.905281 66.237968
v -48.212318 77.871475 75.462357
v -46.998817 94.597343 68.656334
v -56.224255 97.315804 61.131428
v -5.583143 18.785397 84.552864
v -23.937996 15.068308 82.257027
v 9.657103 23.149487 88.129059
v 20.031469 27.474318 92.865913
v 42.022110 21.693655 75.942894
v 34.659134 24.928854 87.423012
v 51.224289 18.691849 70.339592
v 68.957123 13.573588 64.576553
v -8.367181 42.795498 88.753143
v -22.686829 38.558994 82.598190
v 8.260156 35.578743 92.407593
v 18.474817 39.299522 95.305481
v 17.391354 48.767857 95.788261
v 27.595964 42.143948 97.368790
v 27.497240 52.604000 98.929359
v 34.373901 43.151722 95.254631
v 38.077988 54.573620 97.648926
v 39.727299 43.011787 88.689217
v 7.172499 47.628757 95.919357
v 6.083263 60.552559 95.915558
v -10.682673 53.067135 89.990952
v 15.796383 61.103424 97.039276
v 27.844820 61.651241 100.422104
v 38.845562 63.665298 98.417000
v -11.969317 73.238998 94.672798
v 5.556152 68.543388 94.977982
v 4.946967 85.511894 91.272987
v -12.474444 88.269531 90.445839
v 15.787706 71.493988 96.314392
v 14.099849 87.435417 91.379868
v 29.255896 77.908936 98.360435
v 24.257332 95.422791 95.959442
v 39.974842 81.653671 99.383713
v 31.216778 95.898590 99.789429
v 49.088493 81.993057 95.564751
v 47.138241 96.916893 97.913460
v 39.514008 95.505974 100.161774
v 41.427879 119.202240 104.840050
v 34.931744 118.543228 106.363510
v 27.566956 118.042465 105.667892
v 20.898863 119.077888 100.356720
v 74.879189 -0.583330 77.062836
v 76.263512 4.610752 71.867180
v 81.553513 1.972293 71.221222
v 78.642769 -1.644505 77.822327
v 83.165565 -2.751280 79.314331
v 88.306274 -1.138119 71.552345
v 92.957535 -5.119327 74.346405
v 88.729713 -4.109604 82.278999
v 94.703484 -9.804356 82.822639
v 98.143456 -8.855439 76.489578
v 103.744560 -10.549257 81.138794
v 100.417137 -10.799432 86.555901
v 107.504669 -11.377386 89.935631
v 110.838936 -10.112349 84.841339
v 115.306923 -10.148830 87.296165
v 111.983467 -10.675236 92.602936
v 117.471596 -11.177883 95.148643
v 120.523308 -9.925858 90.095963
v 124.041710 -10.448031 92.748840
v 121.556465 -11.302533 97.135101
v 126.320091 -12.486608 98.707253
v 127.919289 -11.299378 95.817039
v 80.015518 -6.857994 81.578232
v 86.663513 -9.545025 86.086540
v 93.329498 -13.960315 87.013496
v 99.733147 -15.342484 89.993507
v 106.374619 -14.598151 93.838219
v 111.043159 -15.056005 95.637787
v 116.463997 -15.669786 97.372513
v 121.309845 -15.029965 99.024200
v 78.915855 -15.435470 84.871407
v 85.644096 -17.656967 87.164742
v 93.014946 -19.630182 88.734413
v 100.628716 -20.117859 91.336174
v 107.470840 -20.211662 94.977943
v 112.263184 -20.191898 96.282211
v 117.351585 -19.755253 98.296539
v 121.969894 -19.471960 99.480026
v 75.770859 -15.003778 84.797379
v 77.540001 -5.909595 81.967751
v 74.735405 -5.187519 81.776794
v 72.965042 -14.645612 84.094299
v 122.667259 -12.354175 87.121346
v 117.663010 -12.108169 84.158836
v 130.505310 -13.703825 92.739349
v 126.622337 -12.908532 89.795647
v 113.264923 -12.146754 81.797302
v 106.103424 -12.675109 78.297676
v 99.797661 -12.353869 74.240746
v 93.787163 -9.495710 70.438805
v 91.070503 -4.349609 67.316704
v 87.288002 -0.243599 65.559242
v 83.583130 3.582811 63.717667
v 83.278618 8.007996 57.890385
v 131.402802 -15.276828 91.794952
v 128.038025 -15.126850 88.782204
v 124.675217 -15.024765 85.854088
v 120.369339 -15.699324 82.771309
v 116.666931 -16.306034 80.016129
v 108.105232 -16.773024 76.066330
v 99.339760 -16.795004 72.014389
v 94.684059 -13.747155 67.874207
v 92.083115 -10.316885 62.947903
v 89.117172 -8.088506 60.566273
v 86.833260 -5.607359 57.498795
v 86.349037 -1.266987 52.538109
v 83.262772 -12.624582 56.346508
v 85.622246 -8.820521 49.875980
v 90.315521 -16.020266 61.770287
v 86.791481 -14.438141 58.762993
v 99.619987 -21.004110 70.222656
v 94.921227 -18.640184 66.506996
v 116.962990 -17.525524 79.688919
v 109.388062 -19.125662 75.115509
v 124.894981 -16.859766 85.377762
v 120.643730 -17.187117 82.384521
v 131.594971 -17.132105 91.493423
v 128.232620 -17.003126 88.402618
v 82.137039 -16.806829 55.098724
v 83.015366 -16.400023 49.548462
v 89.135506 -18.449076 61.659687
v 85.304482 -17.569044 58.553299
v 89.492928 -2.788666 35.366722
v 98.532562 -7.861363 28.180929
v 89.399658 -10.690834 40.276455
v 99.590622 -12.904728 32.653481
v 89.090996 -17.735313 41.317875
v 100.268517 -19.967348 33.591259
v 106.508110 -20.826815 26.044077
v 114.161758 -20.285803 17.589323
v 87.545891 -0.104573 41.883278
v 87.495918 -9.807438 42.750183
v 86.035141 -9.164359 46.327328
v 86.830330 0.538479 47.640068
v 116.260567 -13.638869 7.935094
v 116.180305 -14.138592 -0.654148
v 118.210091 -16.609198 8.919366
v 118.681007 -17.904573 -0.367128
v 119.207253 -19.620127 8.989765
v 120.940178 -21.314697 0.125426
v 114.408600 -13.837878 -9.110139
v 110.464310 -13.823228 -19.048958
v 116.309082 -16.853338 -9.977022
v 111.444817 -16.537439 -19.821442
v 117.726273 -21.853048 -10.309387
v 111.116196 -20.174042 -21.041092
v 103.000542 -11.728622 -33.097019
v 96.529137 -9.385938 -39.907219
v 90.918152 -7.133778 -45.188011
v 106.706917 -12.328409 -26.794907
v 102.338913 -14.736501 -33.854458
v 96.346214 -13.141860 -41.808811
v 92.710564 -13.229939 -48.139835
v 106.374352 -16.000818 -26.846142
v 100.925797 -17.363604 -33.496914
v 95.905212 -17.123125 -41.824596
v 92.670113 -16.932814 -48.190918
v 105.418129 -18.683954 -26.483397
v 115.235252 -7.295876 -73.836174
v 123.408218 -7.827003 -75.111877
v 88.913803 2.832038 -59.120716
v 93.814423 -0.353328 -63.942009
v 133.209305 -8.259769 -76.023262
v 137.572891 -8.311627 -77.837936
v 99.560944 -2.202211 -67.524887
v 106.189178 -5.086982 -71.685051
v 114.357826 -12.449632 -71.840515
v 122.613861 -12.126043 -73.661362
v 90.135284 -6.347653 -53.834480
v 95.118095 -7.876698 -59.050438
v 132.486847 -11.495149 -74.985641
v 136.530960 -12.537264 -75.462090
v 100.272720 -9.152698 -63.791580
v 107.137131 -10.600152 -68.142265
v 114.276253 -15.611315 -72.338165
v 122.573982 -14.728226 -73.488396
v 93.141708 -15.725092 -51.878784
v 95.565758 -15.254667 -57.877251
v 132.350540 -13.841223 -75.173553
v 136.435669 -14.619822 -75.929855
v 99.869492 -15.549856 -62.809906
v 107.158463 -15.949955 -68.002609
v -26.035862 -14.111193 -84.538528
v -44.875366 -13.114750 -83.481537
v -11.709180 -13.367976 -91.397827
v -0.164667 -12.510191 -92.996315
v 26.070591 -13.335264 -83.701393
v 39.457336 -13.432003 -78.403275
v 55.308506 -13.875801 -74.542000
v 70.139099 -14.227021 -78.823891
v -108.669838 -14.781341 -30.652508
v -117.879395 -14.023038 -31.567104
v -126.421288 -13.367886 -32.966274
v -135.413254 -14.575432 -33.301582
v -97.417511 -15.244624 -34.212730
v -110.270187 -17.946630 -31.548254
v -118.738358 -18.116594 -32.693127
v -126.353920 -16.934540 -32.983295
v -135.272751 -17.797287 -33.115807
v -97.159348 -18.507545 -35.000519
v -138.750656 -9.369961 -25.035381
v -139.686981 -12.015836 -21.741175
v -140.522202 -14.645144 -20.145006
v -140.584244 -16.067984 -19.546684
v -128.185715 -14.152106 -12.285917
v -96.364967 -10.788847 -102.617172
v -92.980667 -11.377647 -96.402275
v -72.984566 -14.255321 -52.630573
v -77.772614 -15.242349 -45.810917
v -101.333824 -7.992667 -109.231789
v -87.247581 -12.913648 -87.324585
v -84.046066 -13.619478 -80.860359
v -85.027351 -15.541897 -40.837360
v -79.318054 -14.118299 -71.539543
v -75.686905 -14.502143 -63.480045
v -89.968704 -13.356467 -36.142677
v -89.754936 -16.752457 -37.293835
v -140.786240 -11.680275 -33.603756
v -141.877777 -9.758652 -30.353773
v -139.500534 -15.913332 -34.557766
v -143.842880 -10.127292 -26.238321
v -144.757446 -12.256232 -23.654856
v -139.664993 -18.306973 -33.737595
v -145.270981 -15.111204 -21.928823
v -144.988571 -16.570601 -21.529551
v -147.293320 -10.158390 -32.280415
v -148.837524 -10.861773 -28.025908
v -149.146667 -13.269306 -25.714581
v -145.128693 -16.679068 -35.177425
v -146.268906 -12.264561 -35.436554
v -149.130875 -15.409765 -24.238590
v -149.204742 -17.195801 -23.746590
v -143.868225 -17.908295 -34.439526
v -149.431656 -16.757915 -35.451431
v -149.978683 -13.461131 -35.770477
v -153.295151 -16.375221 -26.218307
v -153.115845 -17.612854 -26.130598
v -152.493484 -13.599756 -27.539200
v -150.359863 -18.296486 -34.653187
v -150.988892 -11.473552 -33.421719
v -152.126724 -12.178863 -29.791069
v -155.404175 -16.067488 -28.527205
v -155.273895 -17.929602 -28.360931
v -155.182861 -14.626914 -29.665739
v -152.197250 -18.211676 -34.326000
v -152.927399 -16.993038 -34.701355
v -153.931900 -14.751381 -34.550396
v -154.327133 -13.907546 -33.438122
v -154.748535 -13.750552 -31.374628
v 49.654999 43.693584 79.394943
v 48.698311 74.152946 93.577545
v 47.821228 56.128605 86.581619
v 51.900326 56.720718 83.340607
v 26.090513 27.632860 93.179039
v 28.670185 71.814499 99.986748
v 39.901367 72.368378 98.916512
v 47.456219 64.715775 91.681824
v 49.479122 62.791893 87.411926
v 43.502621 55.335915 90.684731
v -85.183159 -7.880116 -116.665924
v -90.346291 -4.695251 -119.340416
v -69.405838 -12.791925 -101.498474
v -78.525787 -9.421433 -111.526512
v -61.900791 -13.538357 -93.459801
v -53.608017 -12.938025 -87.181160
v -100.761971 -3.938356 -111.025299
v -98.011765 -1.879172 -114.393654
v -99.641830 -2.767571 -116.352066
v -102.250648 -4.899478 -112.852989
v -101.549026 -5.008128 -110.556694
v -96.026428 -1.391167 -117.310204
v -92.665421 -2.149942 -119.167122
v -94.940773 -2.516514 -119.970802
v -97.609695 -2.305574 -118.493454
v -92.507362 -3.969631 -120.083603
v -94.719803 -3.269900 -120.272629
v -102.105774 -7.285552 -111.065208
v -156.272186 -16.213921 -30.724901
v -156.194717 -17.132528 -29.802645
v -154.839218 -18.270897 -32.933098
v -155.134048 -17.284489 -33.447681
v -155.407028 -16.394316 -33.720772
v -155.823410 -15.925688 -32.971001
v -156.056686 -15.639862 -31.815353
v -155.985397 -17.783976 -29.539091
v -109.700981 -11.990041 135.605423
v -107.848732 -12.866197 136.792145
v -115.453873 -12.880572 131.304138
v -114.964142 -12.367932 131.907669
v -112.676201 -11.776297 133.613831
v -106.102554 -15.772427 137.091934
v -115.624237 -14.167188 130.081055
v -102.018105 -16.446274 134.630829
v -97.381470 -16.722567 130.653473
v -91.220322 -17.838310 123.205093
v -45.770248 -13.364681 84.462791
v -30.319571 -14.417583 90.889969
v -83.714470 -20.370794 114.115494
v -70.913391 -17.701658 102.212898
v -53.943218 -13.466526 88.976845
v -62.231270 -14.707084 93.941895
v 72.757858 -16.508358 84.213646
v -1.568724 -15.143340 91.285240
v 14.614484 -15.274418 84.045303
v 34.683167 -15.782778 72.935730
v 49.954384 -17.496538 74.629967
v 27.063183 -14.812846 77.698555
v 66.510445 -18.954659 78.623260
v -18.566406 -14.433290 90.349922
v 82.926392 -12.691298 56.027275
v 132.238998 -14.703053 98.885590
v 133.088013 -14.788337 97.050400
v 126.317574 -14.481387 100.082054
v 130.211182 -17.216259 101.504974
v 130.821472 -15.598249 100.510933
v 126.624336 -19.258200 100.781822
v 128.987946 -19.387428 101.107285
v 133.382278 -15.738907 95.422318
v 133.162155 -17.591997 94.450302
v 132.230835 -16.833698 100.536507
v 133.144516 -16.170193 98.999588
v 131.262192 -18.981855 100.751785
v 132.004150 -17.885849 100.991257
v 133.600952 -16.270700 97.642952
v 133.617416 -17.042128 97.030083
v 133.289810 -18.013941 96.696228
v 133.263275 -17.259888 98.901039
v 132.763412 -18.491648 98.477859
v 137.152496 -13.399455 -87.279877
v 137.456100 -9.547600 -86.681602
v 141.462662 -11.824924 -85.939705
v 140.974197 -14.113341 -86.183884
v 140.747025 -16.752453 -84.820427
v 136.782043 -15.986063 -85.760109
v 122.289078 -14.866769 -86.692825
v 133.554779 -15.231149 -86.453743
v 141.775024 -11.356983 -77.845268
v 143.350052 -12.491690 -78.988213
v 143.460831 -11.509748 -80.341232
v 141.584579 -13.867245 -76.663406
v 143.497559 -13.691356 -78.276886
v 143.189270 -12.566155 -84.123459
v 143.364777 -14.322957 -84.146667
v 141.481964 -15.636194 -76.814087
v 143.803726 -14.823811 -79.069916
v 143.852676 -11.753126 -82.343567
v 143.244614 -16.034782 -82.991547
v 144.148605 -13.593796 -81.587875
v 143.758926 -14.244720 -83.415184
v 143.874878 -13.283240 -79.560074
v 143.868851 -15.257735 -81.125099
v -113.877045 -12.949568 135.031677
v -111.908707 -13.306019 136.864777
v -115.559364 -14.377231 131.809433
v -115.562103 -13.538277 132.635071
v -109.940613 -13.863575 137.605392
v -108.745743 -15.482773 137.463913
v -115.095024 -13.117645 133.496628
v -114.200394 -14.090986 135.081314
v -112.241982 -14.479186 136.823181
v -115.180084 -14.439835 133.169312
v -110.025131 -15.154932 137.414886
v -98.173508 -17.990372 130.185349
v -91.912865 -19.080214 121.747124
v -84.007477 -21.408417 113.525085
v -71.179039 -18.835260 101.644295
v -102.808029 -17.455353 134.622269
v -62.412754 -15.537973 92.599510
v -105.081680 -17.670269 135.016403
v -103.050804 -18.707510 132.607086
v -97.432281 -19.418388 124.721504
v -88.109497 -21.937788 113.688812
v -72.579811 -19.930845 100.038368
v -63.591316 -15.926765 89.940521
v 73.739433 -19.379299 79.395073
v 67.899277 -19.157663 69.296501
v 74.983910 -19.836931 70.659355
v -47.542671 -13.398783 78.783257
v -32.297054 -14.056153 83.316940
v 25.574575 -14.896595 71.492500
v 34.884819 -15.642059 66.242508
v -19.667675 -14.044817 84.230400
v -1.745731 -14.679752 83.947868
v 51.874493 -17.618626 67.603798
v 12.034666 -14.919342 78.845032
v -54.233185 -13.968710 87.746780
v 78.769829 -19.305986 49.269123
v 82.425308 -19.869442 41.336952
v 96.382584 -18.622984 -26.767492
v 92.520668 -17.897511 -33.998295
v 82.916214 -18.857540 58.228535
v 81.080704 -18.684891 54.960949
v 104.620186 -19.526510 19.439320
v 111.994904 -19.809164 9.985985
v 111.478294 -20.636866 0.515919
v 107.972282 -21.010931 -10.189074
v 87.997597 -17.330975 -42.658649
v 90.091286 -17.125288 -50.026142
v 97.196114 -20.092272 27.772221
v 86.611290 -19.952942 61.872917
v 98.939583 -22.119949 69.910759
v 90.451660 -20.220058 34.691650
v 101.999092 -19.833399 -21.271112
v -1.231827 -14.890522 -87.945045
v -12.769152 -15.628084 -86.201874
v 68.927902 -16.587326 -73.385864
v 54.680008 -15.902889 -70.023712
v -27.158077 -16.011457 -78.550339
v 38.376053 -15.125759 -71.897820
v -44.902271 -14.757810 -81.840973
v 24.963776 -14.738341 -77.647057
v -83.244156 -18.427324 -38.901562
v -87.485550 -19.032072 -35.756203
v -77.560272 -16.050488 -72.188156
v -72.076004 -16.809589 -60.667381
v -70.098633 -16.696087 -50.396568
v -74.570595 -17.520321 -43.210423
v -96.074966 -19.685730 -33.443520
v -109.075676 -18.449331 -29.345993
v -88.678978 -15.228406 18.383162
v -83.877068 -14.640286 32.746033
v -80.379341 -14.491519 42.602951
v -79.741684 -13.981433 51.628860
v -103.014496 -14.852741 -0.353254
v -98.011810 -15.383287 2.558603
v -90.571999 -15.259080 6.982547
v -81.450294 -13.711563 59.925117
v -98.342834 -17.837883 103.288986
v -106.542053 -16.379629 112.334213
v -83.664101 -15.246566 77.536041
v -91.979439 -17.601006 91.690636
v -111.326576 -16.490273 119.867905
v -110.255562 -15.529217 136.813889
v -108.822380 -15.937466 137.020370
v -114.839737 -15.426781 129.435104
v -115.022903 -15.155330 131.075882
v -113.857224 -14.777456 135.043167
v -111.735962 -15.145069 136.441635
v -114.551582 -14.987644 133.316315
v -113.489441 -15.763300 123.973663
v -106.446152 -16.784773 136.297272
v -99.038963 -9.186227 -111.305260
v -93.183777 -11.993766 -104.904076
v -83.754799 -14.226904 -88.760300
v -82.966354 -15.543095 -81.585411
v -90.613205 -12.819724 -98.063339
v -126.696655 -17.715473 -32.586979
v -135.495682 -18.484829 -32.271030
v -139.305023 -18.993946 -32.341747
v -119.017929 -18.846832 -32.093391
v -144.915359 -18.459021 -30.068266
v -149.697281 -18.815145 -31.762901
v -25.227438 58.309681 85.917267
v -28.045507 91.018646 83.113129
v -27.175940 72.111099 88.290611
v -44.352638 102.412941 60.542542
v -53.870533 103.634346 51.890514
v 10.193949 102.694839 87.425484
v 4.086302 98.976341 85.741371
v -25.603952 100.328583 75.833435
v -10.237227 97.738274 83.766380
v -67.096855 107.483162 40.105927
v -49.669575 114.772514 38.829395
v -58.035049 117.902405 26.797068
v -3.725563 104.668571 74.538582
v -22.740101 107.443596 67.922600
v 5.242249 107.741608 78.136040
v -39.061794 110.734993 51.214767
v 9.913400 113.735443 80.752121
v 23.968334 128.171967 63.491119
v 16.382864 127.007713 74.004982
v 12.665751 125.773003 84.535591
v 12.748777 120.437805 82.322693
v 15.700127 122.529167 92.899780
v 13.315139 113.828201 89.512794
v 19.786070 103.893913 93.645416
v 49.977657 165.281387 92.137863
v 45.971848 165.959198 101.481697
v 46.845539 164.942429 80.575325
v 39.412273 167.287445 71.263603
v 21.381550 167.843689 75.578957
v 29.516336 167.803955 70.451912
v 15.343530 165.094894 88.149841
v 19.147226 165.263947 97.121567
v 28.101475 164.803864 105.318176
v 35.636013 165.540146 104.755287
v -76.420235 105.694534 30.109549
v -74.505699 112.394783 17.099291
v -50.587009 124.008804 4.480630
v -59.612637 120.973152 10.886631
v -48.445423 129.082993 -13.182874
v -47.099319 127.780052 -4.088616
v -55.268784 127.788574 0.984715
v -62.229614 125.291664 6.838650
v -53.803547 134.514160 -11.707606
v -52.592266 131.406479 -3.912755
v -69.791878 147.148483 -22.445866
v -59.131878 139.038818 -16.741547
v -75.950905 147.603821 -28.122231
v -62.544380 144.194824 -14.949017
v -59.327744 141.574203 -9.698643
v -78.436127 126.898621 8.395454
v -76.243179 121.438400 12.652404
v -67.362679 136.288666 4.006532
v -90.428452 118.625549 7.424154
v -99.213814 114.549469 -2.361651
v -103.536293 126.067207 -4.505638
v -91.931458 126.877007 5.390214
v 47.595028 175.499176 91.359337
v 45.668846 177.046234 99.608978
v 27.682302 178.097351 104.040138
v 18.527901 178.526962 95.226944
v 20.054024 180.901718 72.435966
v 29.230427 180.859085 67.807587
v -80.915733 135.093201 8.018453
v -93.323921 133.540878 5.068763
v -105.530472 136.324265 -4.675146
v -61.878460 138.096725 -0.715533
v -60.405079 139.331223 -3.005104
v 39.445320 179.851349 71.768143
v 15.896742 178.851959 86.526718
v 35.404575 178.421463 104.923546
v 46.789242 175.747238 80.560944
v 34.377213 195.880264 100.678452
v 27.994249 195.499115 100.567711
v 22.122152 198.450928 72.358223
v 29.615152 198.732483 68.014122
v 42.923683 193.629791 96.448257
v 18.007669 195.926498 92.989128
v 17.129532 194.341980 84.150116
v 37.890503 199.123795 71.634369
v 44.880642 191.293320 80.280258
v 46.773956 191.160614 91.509560
v 21.979647 227.710815 69.447899
v 28.957289 228.366348 65.186714
v 39.449089 225.017914 89.399361
v 33.329693 224.936951 92.861328
v 21.738852 225.903473 86.947655
v 19.190258 224.191772 79.218422
v 35.818642 228.589478 66.068199
v 42.482243 227.189941 74.332123
v 28.577923 223.799225 93.040543
v 43.691174 225.596832 82.518021
v 35.111408 250.034943 83.602455
v 29.377815 250.760345 86.578438
v 18.624456 245.641602 81.168724
v 17.306486 250.048615 75.726151
v 24.487255 253.389389 62.654877
v 32.443462 253.605743 64.891891
v 36.075794 250.050186 71.744751
v 26.998970 249.852264 86.617500
v 38.216305 248.462738 79.017006
v 18.269659 253.561264 66.997177
v 18.998556 263.815369 78.366905
v 14.690330 266.683167 72.650253
v 23.420992 270.563995 59.686073
v 29.740587 270.800110 60.566154
v 32.886719 269.870575 68.503563
v 24.602413 260.406403 84.116226
v 34.715488 265.708771 75.510033
v 31.674828 264.791351 80.260704
v 16.645414 269.695343 64.497955
v 27.668865 261.621674 83.473129
v 28.487900 289.963409 58.059605
v 34.351006 288.450562 65.064812
v 22.655102 286.716858 76.640648
v 16.321836 286.613831 72.005463
v 32.283604 286.524872 74.122154
v 31.227671 285.473633 76.048782
v 15.315326 288.491974 66.041229
v 17.867413 287.881012 63.020138
v 27.390295 286.324005 76.872932
v 22.900887 289.286346 58.397285
v 22.188412 307.171600 69.945763
v 16.980494 307.620941 66.440170
v 31.151318 308.391876 65.332634
v 29.723484 308.037140 67.972015
v 15.702810 306.628601 61.118256
v 18.697372 307.719788 56.396530
v 31.430204 312.148041 59.400181
v 25.706308 308.159576 69.946121
v 22.167347 311.111603 54.013371
v 26.353392 310.791565 54.766766
v -66.459953 152.122879 -8.430717
v -67.844803 151.000229 -4.086103
v -83.284966 153.613998 -29.485975
v -77.346527 153.303650 -27.512037
v -106.362701 150.988937 -3.436638
v -114.069809 148.814728 -16.026201
v -66.669098 154.270248 -11.930003
v -92.724747 152.098984 -27.954874
v -96.163918 152.965729 7.214474
v -69.224754 151.051163 -2.258302
v -84.691498 154.405151 4.759231
v -72.878624 155.993530 -20.561024
v -107.469070 151.927551 -24.097456
v -73.483841 151.354919 0.955710
v -90.930542 176.178085 -31.017706
v -85.180458 172.492523 -26.841562
v -97.904640 173.403992 -30.741690
v -74.996895 172.019302 -14.301107
v -74.236435 170.725159 -10.197563
v -114.299797 171.511566 -20.396797
v -110.690880 172.340317 -25.756922
v -111.939705 173.632996 -8.082617
v -79.951942 173.383194 -2.294225
v -85.305893 173.242798 -0.277715
v -102.795906 174.702682 2.987679
v -75.831688 171.892365 -5.315651
v -92.541084 176.223465 1.180229
v -81.528831 174.043350 -21.691277
v -113.592148 186.366776 -22.889786
v -109.338264 187.368195 -28.443182
v -110.731071 190.767395 -10.185246
v -86.511314 191.471558 -6.189399
v -89.647858 191.939285 -3.736624
v -100.073128 190.269730 -0.974542
v -79.407814 189.638672 -13.194440
v -79.832451 189.852112 -10.115201
v -92.479881 190.117355 -0.687334
v -85.095566 189.089279 -29.664774
v -80.861496 191.263290 -22.143791
v -78.905228 191.677551 -17.602444
v -94.650139 190.635132 -32.548252
v -88.874146 189.854523 -33.515308
v -100.824799 210.724060 -3.855065
v -107.791077 208.280243 -11.549093
v -79.847832 210.546265 -13.419673
v -82.036858 212.160950 -8.274517
v -90.731804 210.575302 -1.965551
v -82.651588 211.827789 -7.083073
v -85.097099 212.336090 -3.476301
v -85.663452 206.993271 -26.028032
v -82.496513 208.896439 -21.967552
v -79.987991 211.124329 -15.930172
v -108.377907 208.472305 -28.571640
v -97.737968 208.781433 -29.677097
v -92.576241 210.535034 -27.361715
v -110.527992 209.150269 -22.481752
v -90.359230 228.292313 -4.972430
v -93.910378 230.016525 -3.817432
v -87.013390 231.630386 -19.705547
v -84.317688 232.196396 -17.148949
v -84.585335 229.392624 -15.660284
v -104.848717 227.144394 -25.321980
v -95.711349 227.827759 -27.208059
v -92.702690 229.252319 -25.461237
v -85.246597 226.411011 -12.209644
v -107.908096 225.448334 -20.959446
v -110.442505 227.075836 -10.782608
v -86.589714 227.882431 -7.041697
v -101.807610 226.809097 -3.158129
v -85.986198 227.015915 -9.853762
v -86.751945 248.255859 -16.566166
v -86.654640 247.953171 -13.112925
v -105.385445 245.354218 -24.116140
v -97.719131 244.902878 -23.728069
v -93.540810 246.806824 -22.925602
v -90.177338 248.171783 -20.038212
v -87.378616 247.075287 -10.295123
v -108.138474 246.417999 -20.208977
v -109.461075 245.974869 -11.288700
v -89.153122 248.224396 -5.384672
v -90.662186 247.592957 -2.715751
v -101.899246 246.423798 -6.072586
v -88.906380 246.773544 -7.780122
v -94.916985 247.456879 -1.282021
v -100.737198 265.694824 -21.911129
v -97.638596 267.794098 -21.197170
v -90.490707 264.863007 -12.031671
v -89.364693 265.279755 -8.282863
v -108.812500 261.671448 -20.050476
v -106.558838 261.432037 -22.687834
v -109.884636 263.092010 -11.816825
v -90.055115 264.751526 -6.299664
v -91.187424 265.083771 -4.723690
v -106.324318 265.121063 -5.581544
v -89.448753 265.783478 -7.872493
v -95.460251 264.372650 -2.354473
v -94.592102 265.225922 -16.754272
v -90.722809 266.161621 -15.847200
v -107.052872 288.183105 -15.159392
v -105.471291 284.881287 -19.690598
v -92.891663 289.680176 -7.675135
v -94.209824 290.227203 -6.458119
v -104.253052 289.619049 -7.529680
v -92.177040 290.247101 -12.762664
v -92.022774 289.411316 -9.753841
v -96.668877 290.964355 -5.520854
v -93.617943 289.667725 -18.597647
v -92.407852 291.066254 -16.820374
v -91.534370 288.408569 -14.184361
v -104.066277 284.581512 -20.527287
v -97.357880 287.973480 -20.650078
v -95.291092 289.333496 -20.039593
v -95.188156 309.330078 -9.262415
v -103.164078 307.053680 -11.104609
v -92.287430 308.799133 -11.816743
v -94.036209 308.910797 -10.129929
v -92.793869 306.799133 -20.309744
v -91.708153 307.198578 -19.313467
v -91.170105 306.840210 -17.030245
v -99.618233 305.009247 -22.559298
v -97.746964 305.847046 -22.891964
v -93.972404 306.692383 -21.139944
v -91.217613 309.312714 -14.736333
v -101.728867 303.144928 -21.097120
v -104.211838 304.676788 -16.744387
v -93.236916 324.762268 -21.010176
v -92.079117 323.093781 -19.909306
v -91.688660 324.110260 -17.835169
v -99.295067 322.065033 -24.030067
v -96.194588 321.013733 -23.279264
v -94.241753 327.156067 -21.910709
v -91.728912 324.092926 -16.495420
v -100.871986 324.511993 -22.998558
v -102.257286 326.592743 -20.651367
v -93.088928 324.855591 -13.746381
v -94.646667 324.938171 -12.934852
v -99.603767 325.383453 -13.685094
v -92.019699 324.906067 -15.293162
v -95.931122 324.434906 -11.925401
v -96.935410 339.064178 -23.401979
v -94.602226 339.138977 -23.781328
v -92.588112 339.492096 -21.128746
v -91.932434 339.452332 -18.670925
v -91.586243 339.789032 -17.330296
v -98.704536 340.041718 -21.680855
v -99.395866 341.283539 -19.311024
v -91.444206 340.522491 -15.279681
v -92.072952 339.998413 -13.994987
v -98.664566 342.750458 -15.772580
v -95.024445 341.531433 -14.686980
v -91.265083 348.953125 -19.696753
v -90.648132 357.736450 -20.645111
v -90.445312 357.881317 -19.008583
v -90.984573 349.330017 -18.215347
v -95.549744 348.383301 -21.935539
v -96.935486 348.710083 -21.369705
v -96.222481 356.822540 -22.918692
v -94.734970 356.703491 -23.590729
v -97.947144 349.365082 -20.320997
v -96.778519 356.781982 -20.988998
v -93.114403 349.559418 -15.932826
v -91.399124 349.631378 -16.868866
v -90.841415 357.273773 -17.918221
v -91.634789 357.504150 -17.432890
v -97.518669 349.882019 -17.932552
v -95.156830 356.599487 -19.648268
v -96.012161 349.942719 -16.016399
v -93.071869 357.085907 -18.188675
v -92.311783 348.503174 -21.285128
v -91.330238 357.601013 -22.493574
v -91.615074 348.642853 -20.886169
v -93.964668 348.165039 -21.747578
v -92.984917 356.536377 -24.347654
v 28.808039 327.732208 60.182079
v 26.751097 326.321777 65.888535
v 14.456490 329.821838 55.885361
v 16.917498 330.199249 52.899899
v 28.612627 328.221436 58.120850
v 26.271685 326.664398 66.243614
v 21.056292 327.787323 64.655899
v 21.201168 327.987793 53.039394
v 16.898413 329.378204 62.447659
v 25.698311 327.468536 54.669449
v 22.775955 350.543884 56.561207
v 21.852491 349.900421 57.868942
v 18.142433 351.462189 50.142612
v 21.783072 351.910248 48.294460
v 24.915844 351.104736 55.174152
v 18.436041 351.155701 56.695446
v 16.835148 350.011627 54.042473
v 23.147758 350.496796 50.833431
v 17.753260 359.290253 47.647877
v 21.223036 359.008362 48.264221
v 24.685104 357.229950 53.461689
v 21.301943 357.162720 55.113873
v 17.659271 358.710602 53.860802
v 15.465206 359.426849 50.499184
v 23.338745 358.289490 50.322849
v 25.774586 322.412689 -109.795349
v 27.094864 322.357635 -105.817184
v 17.919758 325.546753 -96.326820
v 15.161653 324.773376 -95.858284
v 13.585588 324.234406 -110.155571
v 17.691257 322.409790 -111.430443
v 21.383854 321.715363 -111.839813
v 11.517737 324.731354 -96.518501
v 25.158331 324.176453 -102.134583
v 22.474216 323.754181 -99.369781
v 9.246235 324.366608 -101.194649
v 9.812149 324.239136 -107.535812
v 22.266087 341.982849 -105.316116
v 24.889519 342.517151 -103.224319
v 18.392864 340.228210 -96.544754
v 14.056350 340.728668 -95.230186
v 13.683522 341.371674 -105.507462
v 17.731726 341.267517 -106.254646
v 10.698878 341.895844 -96.346199
v 22.209246 342.365570 -98.868279
v 7.566862 341.256348 -100.671104
v 10.620309 340.935791 -105.002777
v 19.536539 366.124084 -102.734818
v 20.416891 366.181610 -101.057259
v 17.642466 366.385559 -96.450798
v 12.199004 366.697174 -102.965828
v 16.570358 365.658661 -103.857117
v 14.093063 364.867493 -96.041245
v 20.393370 366.212341 -100.946426
v 19.758015 366.558197 -98.989777
v 11.658196 366.160675 -97.877716
v 11.228068 366.937225 -99.929474
v -91.301956 377.291748 -18.722261
v -91.777229 377.606293 -19.475248
v -92.077721 378.413574 -19.090479
v -91.867706 378.293701 -18.751539
v 12.977073 387.719482 -97.857231
v 13.661206 387.875702 -99.552696
v 17.558498 386.366211 -99.788010
v 18.775595 384.279785 -95.134682
v 17.498219 385.030945 -94.190491
v 15.433418 387.382660 -100.157936
v 15.640228 386.051941 -94.595100
v 19.191832 384.890167 -97.442993
v 13.802162 386.848022 -95.546745
v 18.099663 390.891663 -97.237228
v 17.712418 390.853119 -96.183197
v 19.482229 364.123413 54.460087
v 16.754396 363.896210 53.457256
v 15.975707 364.501007 50.059406
v 20.583977 365.705719 46.528191
v 21.604038 364.503021 50.125748
v 22.555510 364.174591 52.475735
v 16.893356 365.819458 47.213276
v 18.374075 372.270691 51.195145
v 15.755947 372.187317 51.649658
v 15.124681 373.649994 45.708282
v 18.790333 373.458191 45.597851
v 19.634710 372.573364 48.552483
v 14.084344 373.475372 48.956867
v 19.426516 371.536530 50.499985
v 18.885717 378.286926 48.597359
v 17.556343 378.525848 49.907097
v 13.616852 379.649414 48.167458
v 14.470620 380.077759 45.386265
v 19.193024 377.891418 46.441727
v 15.128094 378.857483 49.951649
v 17.607065 379.943939 44.635902
v 14.297165 386.478302 44.493866
v 16.987514 386.535858 43.610550
v 18.316540 385.714691 44.972370
v 14.639927 384.774841 48.758347
v 13.431172 385.952545 46.331192
v 17.689951 385.063568 47.001652
v 16.664480 385.394714 47.922558
v 16.856508 391.564178 44.222626
v 16.883581 391.119904 45.672661
v 15.282960 391.275299 47.140415
v 13.727819 391.559204 47.098660
v 13.470718 392.274841 43.949265
v 15.675973 392.122894 43.481155
v 12.991497 392.211060 45.333878
v 16.659660 390.623016 -95.163750
v 15.218806 391.588867 -95.042480
v 13.163303 392.127563 -97.787971
v 13.727927 391.996338 -98.985291
v 17.295725 391.207855 -99.266068
v 13.827115 391.776855 -96.156937
v 15.116954 391.734192 -99.692307
v 14.605547 395.494476 -98.066704
v 15.583188 395.388092 -98.595787
v 14.179440 395.466919 -97.336411
v 17.174496 394.591766 -96.239456
v 16.481333 394.643311 -95.617973
v 14.448178 395.295319 -96.053253
v 16.752708 395.069672 -98.278572
v 15.587724 395.113556 -95.425308
v 17.479849 394.533020 -96.921906
v 15.746964 397.308990 -97.417404
v 16.363226 397.275391 -96.560631
v 15.735281 397.336823 -96.234619
v 16.104237 397.251038 -97.357567
v 15.227294 397.199188 -97.234344
v 15.140021 397.260254 -96.688850
v 15.754937 397.647003 -96.891701
v 15.875566 397.674896 -96.737801
v 15.644493 397.722229 -96.582512
v 15.549816 397.648285 -96.772324
v 15.721155 397.610687 -96.972733
v 15.553414 397.574219 -96.967766
v -91.060631 363.547333 -17.381794
v -92.020401 363.588379 -17.065344
v -93.562637 363.412689 -17.342216
v -96.105270 362.986298 -20.355371
v -95.238564 363.031097 -21.709042
v -94.252480 363.015869 -22.576075
v -92.472549 364.076080 -22.776560
v -94.986877 363.002625 -18.129133
v -90.540199 363.891388 -18.013941
v -90.787834 364.420685 -21.493128
v -90.245163 364.195984 -19.574862
v -93.555359 367.755524 -17.360781
v -94.953735 367.465820 -17.856396
v -91.238899 367.808136 -20.799719
v -90.264397 368.084442 -19.459772
v -90.522926 367.729004 -18.296440
v -91.313751 367.356750 -17.515234
v -94.046219 367.638672 -21.788824
v -92.294342 367.518860 -21.837444
v -92.056763 367.501892 -17.053572
v -95.807114 367.779999 -19.506657
v -94.963654 367.793488 -21.330887
v -94.548431 371.359253 -20.855639
v -93.663437 371.210510 -21.263367
v -92.213089 371.258667 -21.131741
v -91.192162 371.435974 -20.579870
v -94.489868 371.306488 -17.844110
v -95.208794 371.283997 -19.400700
v -90.882721 370.995575 -17.399696
v -91.903076 370.975372 -17.022301
v -90.374405 371.572845 -19.249744
v -90.526161 371.380585 -18.050444
v -93.509331 371.326599 -17.118725
v -91.414932 375.395874 -19.680992
v -90.639610 375.301636 -18.760962
v -90.796089 374.986023 -18.005257
v -91.433495 374.877197 -17.543335
v -93.355507 374.966949 -20.662346
v -92.256989 374.932312 -20.660767
v -91.857162 374.869965 -17.400681
v -92.783630 374.798981 -17.294153
v -94.089676 375.164673 -19.038465
v -93.927383 375.076782 -20.219158
v -93.546326 375.032013 -18.030680
v -92.118454 377.251953 -19.886656
v -92.847435 377.447113 -18.368275
v -93.105667 377.567200 -19.032206
v -91.579185 377.280365 -18.114229
v -91.706581 377.303741 -17.995047
v -91.461121 377.329193 -18.314419
v -92.525223 377.441650 -18.010374
v -92.741516 377.429779 -19.852114
v -92.935036 377.604095 -19.602753
v -91.923729 378.179718 -18.493202
v -92.356911 378.430176 -19.354847
v -92.268837 378.247101 -18.478657
v -92.450417 378.289307 -18.926414
v -92.317963 378.351776 -18.607126
v 16.064171 394.531372 44.368534
v 16.160368 394.329651 45.262966
v 14.775044 394.351288 46.468697
v 13.597073 394.330505 46.434990
v 13.402992 394.816132 43.918827
v 15.026622 394.903137 43.770706
v 12.835300 394.621368 44.846413
v 14.191426 396.662537 45.313400
v 13.447009 396.569519 45.392956
v 13.172244 396.642334 44.359127
v 14.316470 396.657959 44.390732
v 14.576892 396.623688 44.779938
v 12.909100 396.597137 44.827068
v 13.843168 397.046631 44.904388
v 13.603158 397.002594 44.957607
v 13.389183 396.984314 44.753292
v 13.547106 397.028442 44.705364
v 14.009891 397.025848 44.768539
v 13.916162 397.007294 44.659916
v -155.765671 -17.361658 -32.894508
v -156.178665 -17.019066 -31.798906
v -156.314301 -17.274948 -30.436014
v -155.280701 -18.234850 -32.692070
v -155.974228 -17.962471 -31.538082
v -155.980606 -18.108130 -30.279518
v 132.279404 -18.438185 93.842194
v 131.017334 -18.279861 91.848633
v 124.240822 -18.001949 85.657036
v 120.120262 -18.163130 82.125031
v 127.291595 -18.326679 89.139351
v 116.264915 -18.700449 79.728836
v 108.688644 -20.184942 74.728127
v 85.806244 -18.533724 86.803993
v 93.904144 -20.859928 88.624130
v 127.939903 -20.139143 100.039635
v 130.225159 -19.832951 99.613785
v 111.741203 -20.962488 95.510155
v 116.789169 -20.589718 97.572670
v 125.816650 -20.068605 100.002563
v 131.748138 -19.373997 97.242500
v 132.338348 -18.919416 95.394875
v 120.961861 -20.152985 98.401443
v 100.891701 -21.340656 90.809822
v 80.149261 -16.911510 85.023926
v 107.612160 -21.241777 94.268402
v 76.102478 -16.799385 85.081657
v 117.224281 -20.969849 95.523384
v 121.096779 -20.370489 96.220459
v 94.283897 -21.719378 86.809090
v 100.483604 -21.642784 88.548973
v 126.045929 -20.264454 97.815742
v 86.934433 -19.990593 85.336868
v 105.563576 -20.915310 91.279739
v 111.159798 -20.974781 93.057892
v 83.571739 -19.575819 84.230957
v 130.888733 -19.343105 94.446342
v 130.599411 -18.844091 92.452362
v 130.318832 -19.822933 96.295120
v 128.756012 -20.358616 98.697868
v 119.735077 -19.120924 82.947662
v 115.637726 -19.643173 80.579964
v 123.820808 -18.902916 86.685867
v 127.350990 -18.782347 90.234322
v 108.268379 -21.261152 75.302429
v 97.582985 -22.762115 70.646362
v 99.346855 -22.294931 84.204308
v 104.305885 -21.386879 86.275818
v 124.837769 -19.392584 89.862801
v 122.135025 -19.596630 86.867638
v 118.969131 -20.439779 94.092606
v 122.035759 -20.462000 94.986832
v 115.435143 -20.340055 81.999016
v 109.397316 -20.772367 77.868225
v 109.114349 -20.922634 89.096031
v 114.066032 -20.837387 91.842384
v 118.687004 -19.803053 83.922066
v 101.070877 -22.562260 73.931244
v 125.563957 -20.274328 96.250374
v 127.552696 -20.152761 96.811127
v 128.949249 -19.222507 92.437759
v 128.123337 -19.906265 95.285835
v 94.105598 -21.978367 83.119659
v 128.518539 -19.663719 93.956375
v 90.459366 -21.737602 80.992798
v 78.676186 -19.539728 55.122417
v 76.312119 -19.602390 49.807346
v 85.275055 -20.112169 35.536728
v 92.049980 -20.061028 28.613689
v 80.258255 -19.999069 59.042454
v 99.882637 -19.469883 20.186726
v 85.191322 -20.353712 62.505711
v 78.711685 -19.865742 41.620033
v 78.473900 -19.136818 80.693680
v 82.055611 -20.193741 73.249130
v 76.078911 -19.764221 57.389313
v 72.835327 -19.475170 51.929893
v 77.771614 -20.007109 61.320480
v 82.704498 -20.285873 64.840759
v 94.919640 -23.065556 72.890793
v -112.090881 -16.705044 125.225594
v -112.956932 -16.004288 131.099976
v -97.285103 -19.293894 104.139328
v -105.334496 -17.530119 113.395920
v -81.277672 -15.638210 78.230942
v -90.202927 -18.478951 92.436424
v -109.780937 -17.374990 121.149902
v -94.812988 -20.439608 105.584152
v -103.059517 -18.799700 115.011925
v -77.389679 -15.319891 79.172943
v -87.273781 -19.016378 93.445053
v -106.952950 -17.950121 123.198547
v -109.482834 -17.478239 127.158180
v -110.373627 -16.719357 133.152740
v -100.360153 -19.045273 123.205544
v -91.005524 -21.452995 112.160828
v -105.919731 -17.755863 131.140488
v -75.766983 -20.369045 99.038437
v -107.253258 -17.310349 134.294388
v -67.330658 -16.082991 86.904884
v -113.359001 -15.685812 132.300644
v -112.855370 -15.547670 134.218231
v -109.162231 -16.359329 136.091614
v -107.801170 -16.748844 136.065842
v -110.573402 -15.922132 135.694427
v -112.179108 -15.930704 133.290985
v -110.140144 -16.393705 134.872421
v -108.649254 -16.827169 135.276108
v -152.751022 -18.399263 -26.850512
v -148.792648 -18.389078 -24.121267
v -144.632828 -17.560076 -22.096804
v -140.249146 -17.245962 -20.013691
v -128.124390 -15.151795 -12.970809
v -120.092224 -14.319583 -9.321224
v -111.888748 -14.461192 -5.227630
v -154.883820 -18.575361 -29.164326
v -139.581573 -17.734947 -21.150841
v -127.441200 -15.852186 -14.613946
v -110.049675 -14.179676 -7.709405
v -99.437943 -15.057495 -2.758816
v -154.563049 -18.728540 -30.216898
v -152.274857 -18.606291 -27.564783
v -148.378021 -18.335999 -25.498295
v -143.917480 -17.426678 -23.527550
v -119.045448 -14.427914 -11.587849
v -127.272476 -18.616291 -30.292707
v -136.501038 -18.989841 -29.518150
v -140.754074 -18.703642 -28.810808
v -118.934982 -18.890890 -28.952995
v -107.155403 -16.624231 -24.198648
v -155.314682 -18.644981 -30.270473
v -155.436295 -18.467165 -29.643404
v -154.326035 -18.711067 -32.512539
v -154.683899 -18.730215 -32.227577
v -155.355759 -18.598886 -31.256104
v -153.648407 -18.853296 -32.411579
v -154.059006 -18.925911 -32.115337
v -154.763931 -18.832344 -31.182199
v -151.838028 -18.819807 -32.465466
v -54.108879 -13.885654 -86.741562
v -62.371643 -14.428813 -92.883247
v -79.030991 -10.332906 -110.916176
v -85.638115 -8.873097 -116.209389
v -90.743423 -5.832192 -119.079910
v -69.867569 -13.737047 -100.912254
v -92.976212 -5.237136 -119.759880
v -92.520996 -6.994661 -117.680992
v -94.850410 -6.277440 -118.160439
v -80.670525 -11.703386 -109.588982
v -87.340317 -10.184627 -114.862198
v -55.508671 -14.876678 -84.789368
v -63.957191 -15.714258 -91.432808
v -71.502098 -14.762968 -99.086319
v -80.272079 -16.127916 -83.399292
v -74.883003 -16.523163 -74.102989
v -69.462799 -17.019272 -62.629833
v -78.130035 -16.530663 -85.087837
v -72.682114 -16.375158 -75.803802
v -96.896744 -9.439325 -113.015259
v -91.037651 -12.576961 -106.598602
v -88.508125 -13.114265 -99.813545
v -81.615456 -14.823092 -90.456734
v -67.367035 -16.921282 -64.360855
v -96.086250 -3.413363 -120.139069
v -95.117035 -4.401507 -120.003830
v -96.768875 -4.645703 -119.443413
v -98.866722 -3.450752 -118.792023
v -102.431793 -6.380577 -112.816917
v -101.560677 -4.470950 -115.581833
v -101.496292 -5.470404 -115.650307
v -100.471718 -3.674172 -116.995667
v -97.054184 -5.425516 -118.444954
v -97.584412 -5.152076 -118.656876
v -98.737747 -4.463515 -118.802048
v -100.623970 -4.553698 -117.281403
v -100.064606 -5.489574 -117.083824
v -100.824600 -6.549476 -115.205559
v -100.761871 -7.357563 -114.068489
v -100.461884 -8.272320 -112.443863
v 111.973419 -15.999390 -83.083801
v 96.555305 -17.656765 -81.632965
v 136.823120 -16.790573 -84.582283
v 133.270111 -16.533899 -84.800056
v 122.515854 -16.529139 -84.146599
v 140.634079 -17.559595 -83.590034
v 113.627541 -16.328342 -73.560310
v 121.805069 -15.942688 -74.739822
v 131.572495 -14.905675 -76.435547
v 91.527771 -16.925179 -53.381645
v 94.982346 -16.805458 -58.811638
v 135.947723 -15.063330 -77.220490
v 140.928696 -16.652308 -78.360443
v 98.576317 -17.088242 -64.205544
v 105.384750 -17.552427 -70.441887
v 121.076263 -16.716724 -76.735298
v 130.924911 -15.834799 -78.454353
v 88.493141 -16.948595 -55.039734
v 92.306305 -16.907190 -60.823048
v 112.800835 -16.637362 -74.937561
v 135.031952 -16.044027 -79.822914
v 140.490479 -17.112230 -79.761398
v 97.476906 -17.161512 -65.675659
v 104.509827 -17.698355 -71.922935
v 87.331108 -16.948515 -51.086735
v 142.837204 -16.666950 -79.294350
v 142.709534 -16.839811 -80.829842
v 141.938126 -17.173058 -82.399292
v 136.804932 -17.206812 -82.824814
v 133.132599 -16.905933 -83.176605
v 140.186523 -17.214888 -82.031754
v 123.269341 -16.960756 -82.196793
v 114.110336 -16.851274 -80.996857
v 82.903702 -17.257763 -77.714890
v 97.748314 -17.729628 -78.927879
v 84.318893 -17.205770 -75.286987
v 69.243752 -16.365332 -70.290466
v 54.603054 -15.896252 -68.282516
v 37.191185 -15.259455 -65.799934
v 24.085917 -15.061972 -71.221008
v -1.766982 -15.487825 -81.681351
v -14.054851 -15.892191 -80.008263
v -28.799223 -16.115555 -72.207138
v 23.836409 -15.096731 -64.108582
v -1.600143 -15.483696 -74.379944
v -14.750794 -15.856796 -73.002792
v -29.425669 -15.881205 -64.997269
v 36.538605 -15.115212 -58.842644
v 53.339687 -15.824839 -63.283836
v 50.555962 -15.499523 -56.586773
v 83.336548 -17.035112 -44.053947
v 90.273521 -17.950651 -27.744621
v 86.460625 -17.512335 -34.633896
v 101.867584 -20.141914 -11.713354
v 95.478279 -18.826109 -22.887920
v 105.364349 -20.188656 -0.478844
v 105.893547 -19.556522 9.007665
v -90.003616 -15.759291 -0.346162
v -81.747551 -15.021232 4.365136
v -70.919838 -13.632716 50.733944
v -72.170166 -12.796165 59.048557
v -73.784546 -14.112357 30.975273
v -71.460503 -14.304869 41.337715
v -80.306999 -14.804805 16.377777
v -59.213799 -13.259597 49.418900
v -61.468067 -12.771924 58.417961
v -62.730423 -13.648021 28.848135
v -58.672531 -13.403276 39.469028
v -84.431618 -15.754492 -7.113719
v -79.189003 -15.164177 -4.060672
v -70.883743 -14.704565 1.323428
v -67.915848 -14.190098 13.351802
v -59.576550 -13.807718 83.987228
v -52.473907 -13.153297 73.881859
v -80.073456 -17.748934 -30.033943
v -88.750809 -18.334784 -27.819567
v -65.330101 -17.236832 -56.495720
v -63.717045 -17.167345 -46.216503
v -67.515381 -17.223341 -38.284840
v -76.090294 -17.408634 -33.387558
v -46.140148 -15.644831 -79.589043
v -48.112926 -16.646616 -74.401474
v -47.516888 -15.860760 -40.733044
v -55.458405 -15.300346 -24.049427
v 79.742607 -18.661379 7.578051
v -51.574337 -13.657261 1.702752
v -59.895103 -14.893136 -14.223477
v 57.319191 -17.741564 38.168064
v 74.680679 -17.975285 -17.428045
v -38.591549 -12.809501 56.420948
v -14.633854 -13.916007 63.322453
v -20.822449 -14.859767 -46.983288
v 63.040054 -16.146694 -32.509327
v -42.572948 -12.679705 29.547127
v 18.583925 -13.532681 52.717525
v 18.197281 -14.573099 -45.998878
vn 0.4190 0.3820 -0.8237
vn 0.2741 0.7829 -0.5585
vn 0.1794 0.7703 -0.6120
vn 0.8054 0.4195 -0.4187
vn 0.6958 0.2609 -0.6692
vn 0.9602 0.1647 -0.2256
vn 0.9721 -0.0339 -0.2320
vn 0.6261 0.1406 -0.7670
vn 0.9707 0.2074 -0.1212
vn 0.6263 0.1449 -0.7660
vn 0.9586 0.2787 -0.0577
vn 0.5857 0.1301 -0.8000
vn 0.6699 0.0999 -0.7357
vn 0.9968 0.0760 0.0254
vn 0.6558 0.0060 -0.7549
vn 0.1791 0.0526 -0.9824
vn 0.5910 -0.0290 -0.8061
vn 0.3286 0.9156 -0.2319
vn 0.2309 0.9448 -0.2326
vn 0.3285 0.9383 -0.1081
vn 0.1677 0.9857 -0.0149
vn 0.5183 0.7817 0.3468
vn 0.6061 0.7630 0.2246
vn 0.7084 0.2035 0.6758
vn 0.9041 0.2063 0.3743
vn 0.7738 -0.1320 0.6195
vn 0.9037 -0.1182 0.4115
vn 0.9962 -0.0767 0.0416
vn 0.9213 -0.1920 0.3382
vn 0.9950 -0.0986 0.0141
vn 0.9245 -0.1898 0.3305
vn 0.9448 -0.1586 0.2866
vn 0.9781 -0.1016 -0.1817
vn 0.9960 -0.0571 0.0686
vn 0.9979 0.0568 0.0317
vn 0.9428 0.0060 0.3333
vn 0.9595 0.2481 0.1336
vn 0.9075 0.1938 0.3727
vn 0.8947 0.2752 0.3518
vn 0.9193 0.3526 0.1750
vn 0.9206 0.3660 0.1362
vn 0.9151 0.2905 0.2798
vn 0.8812 0.4695 0.0549
vn 0.8637 0.3809 0.3302
vn 0.8234 0.5666 0.0308
vn 0.8083 0.4448 0.3857
vn 0.7846 0.6125 0.0966
vn 0.7810 0.4012 0.4786
vn 0.7832 0.6212 0.0257
vn 0.9045 0.2991 0.3039
vn 0.8227 0.5627 -0.0803
vn 0.9369 0.2921 -0.1921
vn 0.7976 0.6029 0.0181
vn 0.8347 0.3975 -0.3812
vn 0.7380 0.4453 -0.5070
vn 0.6784 0.5272 -0.5117
vn 0.8056 0.3522 -0.4764
vn 0.8535 0.5199 0.0336
vn 0.7814 0.4437 -0.4388
vn 0.8218 0.5695 0.0192
vn 0.7169 0.5297 -0.4533
vn 0.8881 0.4586 0.0316
vn 0.7781 0.4071 -0.4783
vn 0.9407 0.3378 -0.0322
vn 0.9204 0.3857 -0.0645
vn 0.7409 0.3218 -0.5895
vn 0.7779 0.3426 -0.5268
vn 0.9925 0.1223 0.0085
vn 0.7684 0.1467 -0.6230
vn 0.6716 0.6003 -0.4343
vn 0.6857 0.6528 -0.3220
vn 0.5177 0.8353 -0.1851
vn 0.6310 0.7649 0.1297
vn 0.7104 0.6117 0.3481
vn 0.7764 0.5724 -0.2637
vn 0.9551 0.0875 -0.2829
vn 0.9723 -0.0372 -0.2307
vn 0.9709 -0.0954 -0.2196
vn 0.6991 0.4431 0.5612
vn 0.6508 0.3924 0.6500
vn 0.7018 0.2787 0.6556
vn 0.7082 0.2130 0.6731
vn 0.7032 0.0360 0.7101
vn 0.7125 0.1359 0.6884
vn 0.9483 -0.1831 -0.2594
vn 0.8122 0.4694 -0.3464
vn 0.8148 -0.1971 -0.5452
vn 0.8051 0.4165 -0.4224
vn 0.8921 0.3815 -0.2421
vn 0.7979 -0.1017 -0.5941
vn 0.9931 0.1167 0.0084
vn 0.6438 0.1486 -0.7507
vn 0.8027 -0.1765 -0.5697
vn 0.7383 -0.0640 -0.6714
vn 0.6588 -0.1178 -0.7431
vn 0.9339 -0.0817 -0.3480
vn 0.9639 -0.1571 -0.2149
vn 0.9814 -0.0492 -0.1856
vn 0.9981 -0.0611 0.0052
vn 0.8320 0.1700 0.5281
vn 0.5516 0.2233 0.8037
vn 0.9783 -0.0360 -0.2038
vn 0.5691 0.0861 -0.8178
vn 0.6163 0.1347 -0.7759
vn 0.7318 0.1306 -0.6689
vn 0.5101 0.1016 0.8541
vn 0.9664 0.2170 0.1380
vn 0.9490 -0.0072 -0.3151
vn 0.9383 -0.1072 -0.3289
vn 0.9739 -0.1094 0.1988
vn 0.9577 0.0730 0.2782
vn 0.5033 0.2268 0.8338
vn 0.7549 0.4594 -0.4680
vn 0.8063 0.5569 -0.1994
vn 0.7135 0.6961 0.0794
vn 0.7691 0.6058 0.2038
vn 0.6762 0.0165 0.7366
vn 0.5737 0.0661 -0.8164
vn 0.5566 0.0915 0.8257
vn 0.6500 0.1867 0.7367
vn 0.7070 -0.0062 0.7072
vn 0.7021 -0.0141 0.7120
vn 0.6666 0.0338 0.7447
vn 0.5495 0.1277 -0.8257
vn 0.9579 0.2733 -0.0883
vn 0.9768 0.0123 -0.2137
vn 0.2380 0.2874 0.9278
vn 0.6278 0.3848 -0.6766
vn 0.6239 0.6896 -0.3677
vn 0.9985 -0.0288 -0.0468
vn 0.6375 -0.1017 -0.7637
vn 0.6589 -0.2270 -0.7171
vn 0.9975 -0.0589 -0.0399
vn 0.8306 -0.0895 -0.5496
vn 0.9994 -0.0253 -0.0242
vn 0.8735 -0.0955 -0.4774
vn 0.9962 -0.0494 0.0717
vn 0.8376 -0.0087 -0.5462
vn 0.9956 0.0409 0.0848
vn 0.8308 0.1534 -0.5349
vn 0.9868 0.1502 0.0598
vn 0.8128 0.2217 -0.5387
vn 0.9618 0.2736 0.0091
vn 0.8573 0.4731 0.2028
vn 0.7566 0.3151 -0.5729
vn 0.9376 0.3476 -0.0006
vn 0.5870 0.8060 0.0768
vn 0.5803 0.6115 0.5378
vn 0.3489 0.0736 -0.9343
vn 0.3567 0.1106 -0.9277
vn 0.1826 0.3920 -0.9016
vn -0.0138 0.2876 -0.9577
vn 0.6543 0.0779 0.7522
vn 0.6852 0.1513 0.7125
vn 0.8049 0.2002 -0.5586
vn 0.7199 0.1161 -0.6843
vn 0.9382 0.3365 -0.0808
vn 0.9079 0.4161 -0.0514
vn 0.9303 0.3559 -0.0885
vn 0.8473 0.5115 0.1427
vn 0.8318 0.5082 0.2231
vn 0.8387 0.4117 -0.3564
vn 0.7975 0.5214 -0.3034
vn 0.7774 0.4990 -0.3830
vn 0.7993 0.3723 -0.4716
vn 0.8098 0.3185 -0.4927
vn 0.7988 0.2996 -0.5216
vn 0.6927 0.1701 -0.7009
vn 0.5295 0.5128 -0.6758
vn 0.8980 0.1659 -0.4076
vn 0.9137 0.2783 -0.2962
vn 0.9011 -0.1596 -0.4032
vn 0.9632 -0.2244 -0.1478
vn 0.9462 -0.2764 -0.1682
vn 0.9433 -0.3015 -0.1387
vn 0.9398 -0.2936 -0.1749
vn 0.9512 -0.2968 0.0850
vn 0.6791 -0.0914 -0.7283
vn 0.8006 0.3755 -0.4670
vn 0.7740 0.3350 -0.5374
vn 0.5709 0.3627 -0.7365
vn 0.6416 -0.0451 -0.7657
vn 0.6235 0.3031 0.7206
vn 0.6930 0.2514 0.6757
vn 0.8669 0.2706 0.4187
vn 0.2909 0.7502 0.5938
vn 0.2992 0.9310 0.2092
vn 0.2840 0.9381 -0.1980
vn 0.9377 0.0875 -0.3362
vn 0.9009 0.3041 -0.3098
vn 0.3857 0.6923 -0.6099
vn 0.5591 0.2562 -0.7885
vn 0.9761 0.0043 -0.2172
vn 0.5809 -0.1180 -0.8054
vn 0.9766 0.1249 -0.1752
vn 0.7076 -0.1271 -0.6951
vn 0.7327 -0.0932 -0.6741
vn 0.9290 0.0663 -0.3642
vn 0.8922 0.3060 -0.3321
vn 0.8756 0.3274 -0.3552
vn 0.8341 0.3661 -0.4125
vn 0.7404 0.4575 -0.4924
vn 0.9008 0.3163 -0.2976
vn 0.8059 0.4603 0.3725
vn 0.8955 0.1968 0.3993
vn 0.5489 0.3180 0.7731
vn 0.6846 0.5054 0.5253
vn 0.8630 -0.1345 -0.4869
vn 0.7818 -0.1797 -0.5971
vn 0.8742 -0.0634 -0.4813
vn 0.9550 -0.2852 0.0815
vn 0.8104 0.1035 -0.5767
vn 0.9047 0.0851 0.4175
vn 0.9849 -0.1500 0.0865
vn 0.8861 0.4576 0.0734
vn 0.9758 -0.1904 0.1072
vn 0.9295 -0.1569 0.3338
vn 0.2230 0.0846 -0.9711
vn 0.2560 0.1259 -0.9585
vn 0.2572 0.3134 -0.9141
vn 0.7267 0.4162 -0.5465
vn 0.9583 0.2796 -0.0590
vn 0.7138 0.6792 -0.1709
vn 0.5387 0.4930 -0.6832
vn 0.5171 0.5034 -0.6922
vn 0.6230 0.4302 -0.6533
vn 0.6883 0.3256 -0.6482
vn 0.7287 0.2194 -0.6488
vn 0.7548 0.1143 -0.6460
vn 0.6278 0.1173 -0.7695
vn 0.8361 0.5184 0.1793
vn 0.8342 0.5272 0.1616
vn 0.5912 0.0768 -0.8028
vn 0.4899 -0.0029 -0.8718
vn 0.4603 0.2958 -0.8370
vn 0.9108 0.3511 0.2172
vn 0.7455 0.6388 0.1905
vn 0.8821 0.4238 0.2055
vn 0.8333 0.4678 0.2945
vn 0.9468 0.2968 0.1246
vn 0.9239 0.2553 0.2849
vn 0.9808 0.1274 0.1479
vn 0.9738 0.0795 0.2130
vn 0.9939 -0.0088 0.1098
vn 0.9932 0.0034 0.1161
vn 0.9870 -0.1515 0.0533
vn 0.9959 -0.0831 0.0365
vn 0.9810 -0.1842 -0.0606
vn 0.7294 0.4839 -0.4837
vn 0.6656 0.5167 -0.5385
vn 0.7211 0.4333 -0.5406
vn 0.8230 0.3100 -0.4760
vn 0.8925 0.1490 -0.4258
vn 0.9017 0.0137 -0.4321
vn 0.7029 0.2238 -0.6752
vn 0.8284 0.4576 0.3230
vn 0.9118 -0.0831 0.4022
vn 0.9833 -0.0051 0.1821
vn 0.9083 0.2396 0.3430
vn 0.9771 0.1567 0.1443
vn 0.8905 0.4380 0.1232
vn 0.9498 0.0273 0.3115
vn 0.9771 0.1894 -0.0965
vn 0.8607 -0.1626 0.4824
vn 0.8426 -0.3998 0.3607
vn 0.8449 -0.4460 0.2954
vn 0.8506 -0.0468 0.5238
vn 0.8616 -0.3763 0.3406
vn 0.5803 0.3068 0.7544
vn 0.5337 0.2157 0.8177
vn 0.7707 0.0991 0.6294
vn 0.7158 0.2425 0.6549
vn 0.6826 -0.0507 0.7290
vn 0.6388 0.5389 0.5491
vn 0.5926 0.5235 0.6121
vn 0.6089 0.5487 0.5729
vn 0.6009 0.5922 0.5369
vn 0.5134 0.4649 0.7213
vn 0.5224 0.5601 0.6429
vn 0.5529 0.5918 0.5866
vn 0.5521 0.5207 0.6512
vn 0.5750 0.2080 0.7913
vn 0.5585 -0.1487 0.8160
vn 0.2536 0.1693 0.9524
vn 0.6403 -0.0866 0.7632
vn -0.0133 0.3768 0.9262
vn 0.5597 0.1107 0.8213
vn -0.0508 0.4280 0.9024
vn 0.4521 0.2274 0.8625
vn 0.7842 -0.2646 0.5613
vn 0.1996 0.5576 0.8058
vn -0.0386 0.4556 0.8894
vn 0.5496 0.2160 0.8070
vn 0.3692 0.3400 0.8649
vn 0.6621 0.6141 0.4295
vn 0.7084 0.6282 0.3217
vn 0.6534 -0.1341 0.7450
vn 0.7692 0.5953 0.2324
vn 0.8648 0.4664 0.1860
vn 0.9822 0.0602 0.1778
vn 0.9474 -0.3192 0.0234
vn 0.9219 -0.3661 -0.1265
vn 0.9380 -0.3032 -0.1678
vn 0.9426 -0.3338 0.0046
vn 0.9229 -0.3183 0.2168
vn 0.9335 0.3519 -0.0696
vn 0.7166 0.2425 0.6540
vn 0.9777 0.0809 0.1939
vn 0.8803 0.4182 -0.2241
vn 0.8791 0.3828 -0.2838
vn 0.9011 0.2888 -0.3234
vn 0.9163 0.2007 -0.3466
vn 0.9212 -0.0149 -0.3889
vn 0.8694 -0.2470 -0.4280
vn 0.8609 -0.3431 -0.3758
vn 0.8738 -0.3318 -0.3555
vn 0.6995 0.3575 0.6189
vn 0.8713 0.3880 0.3006
vn 0.9058 0.3697 -0.2068
vn 0.8525 0.4031 -0.3330
vn 0.8629 0.4178 -0.2843
vn 0.8927 0.3674 -0.2611
vn 0.9283 0.3073 -0.2095
vn 0.9806 0.1261 -0.1502
vn 0.9762 -0.2017 -0.0803
vn 0.9279 -0.3727 0.0128
vn 0.9540 -0.2967 -0.0424
vn 0.4544 0.6523 0.6066
vn 0.0329 0.7338 0.6786
vn 0.8765 -0.4436 -0.1871
vn 0.9912 0.1248 0.0432
vn 0.7540 -0.6039 -0.2584
vn 0.8337 -0.4949 -0.2450
vn 0.8872 -0.3614 -0.2867
vn 0.9609 -0.2274 0.1577
vn 0.8935 -0.3575 0.2719
vn 0.8486 -0.4796 0.2233
vn 0.8812 -0.4592 0.1122
vn 0.9562 -0.0752 0.2828
vn 0.5495 0.7440 0.3802
vn -0.0087 0.8515 0.5243
vn -0.0803 0.7659 0.6379
vn -0.0671 0.7341 0.6757
vn 0.4167 0.1036 0.9031
vn 0.4629 0.1623 0.8714
vn 0.6672 0.0154 0.7447
vn 0.8038 -0.2169 0.5540
vn 0.8283 -0.3964 0.3959
vn 0.3911 0.3454 0.8531
vn 0.6394 -0.0036 0.7689
vn 0.7669 -0.1669 0.6197
vn 0.8300 -0.3664 0.4204
vn 0.8558 -0.4454 0.2631
vn 0.8752 -0.2683 0.4026
vn 0.9226 -0.1217 0.3661
vn 0.9102 -0.3544 0.2141
vn 0.8679 -0.3681 0.3335
vn 0.8308 -0.2240 0.5094
vn 0.7208 0.0644 0.6902
vn 0.4649 0.2172 0.8583
vn 0.3175 0.4425 0.8387
vn 0.6831 -0.2932 0.6689
vn 0.7122 -0.0213 0.7016
vn 0.5537 -0.0468 0.8314
vn 0.7983 -0.1377 0.5863
vn 0.7682 -0.2642 0.5831
vn 0.8588 -0.0711 0.5073
vn 0.9110 0.2467 0.3305
vn 0.8622 0.4710 0.1866
vn 0.7951 0.5912 0.1356
vn 0.7350 0.6694 0.1083
vn 0.7267 0.6815 0.0858
vn 0.5742 0.7537 0.3198
vn 0.5919 0.7979 0.1138
vn 0.7498 0.6510 0.1186
vn 0.7752 0.6268 0.0790
vn 0.9010 0.2592 -0.3478
vn 0.8776 0.3395 -0.3385
vn 0.8310 0.2975 -0.4701
vn 0.7853 0.3326 -0.5221
vn 0.8300 0.0498 0.5556
vn 0.8592 0.1736 0.4813
vn 0.9445 0.3272 0.0307
vn 0.8796 0.4008 -0.2561
vn 0.8197 0.5084 -0.2639
vn 0.7292 0.5592 -0.3945
vn 0.7632 0.5378 -0.3582
vn 0.8014 0.5815 -0.1398
vn 0.6377 0.7430 -0.2030
vn 0.7436 0.4477 0.4967
vn 0.8186 0.5452 0.1809
vn 0.6140 0.6687 0.4194
vn 0.6815 0.6424 0.3506
vn 0.7490 0.2932 0.5942
vn 0.8025 0.3256 0.5000
vn 0.8252 0.5474 -0.1395
vn 0.8215 0.5110 -0.2529
vn 0.8179 0.4861 -0.3079
vn 0.7382 0.4745 -0.4795
vn 0.6992 0.4824 -0.5276
vn 0.8575 0.4717 -0.2054
vn 0.8132 0.5671 0.1308
vn 0.5678 0.8230 0.0151
vn 0.4476 0.7314 -0.5146
vn 0.3005 0.8182 -0.4902
vn 0.4589 -0.0159 -0.8884
vn 0.6146 -0.0633 -0.7863
vn 0.6711 -0.1216 -0.7314
vn 0.7454 -0.1069 -0.6580
vn 0.8423 0.0108 -0.5389
vn 0.8906 0.0720 -0.4491
vn 0.9154 0.1479 -0.3743
vn 0.8896 0.2713 -0.3675
vn 0.8215 0.4309 -0.3735
vn 0.6725 0.6577 -0.3394
vn 0.5204 0.8165 -0.2501
vn 0.5958 0.6582 -0.4602
vn 0.4644 0.7993 -0.3814
vn 0.7321 0.5016 -0.4608
vn 0.8311 0.3078 -0.4631
vn 0.8244 0.1785 -0.5372
vn 0.7563 0.1215 -0.6429
vn 0.6631 0.0766 -0.7446
vn 0.5329 -0.0251 -0.8458
vn 0.4526 -0.0074 -0.8917
vn 0.0558 0.1697 -0.9839
vn 0.1925 0.1408 -0.9711
vn 0.3370 0.1877 -0.9226
vn 0.4012 0.2316 -0.8862
vn 0.5138 0.2210 -0.8290
vn 0.7230 0.2401 -0.6477
vn 0.7299 0.1780 -0.6600
vn 0.7884 0.4175 -0.4518
vn 0.8382 0.1718 -0.5175
vn 0.6969 0.4654 -0.5457
vn 0.9044 0.1606 -0.3954
vn 0.6687 0.3566 -0.6525
vn 0.9703 0.0010 -0.2420
vn 0.6971 0.2133 -0.6845
vn 0.9540 -0.1962 -0.2268
vn 0.7315 0.0602 -0.6792
vn 0.8887 -0.3723 -0.2677
vn 0.7112 -0.1541 -0.6859
vn 0.8435 -0.4544 -0.2864
vn 0.6643 -0.2646 -0.6991
vn 0.7900 -0.5099 -0.3403
vn 0.5170 -0.3314 -0.7892
vn 0.7154 -0.5502 -0.4306
vn 0.4526 -0.3420 -0.8236
vn 0.8618 -0.2856 -0.4192
vn 0.5190 -0.2472 -0.8182
vn 0.7539 0.1673 -0.6353
vn 0.5413 -0.0060 -0.8408
vn 0.3126 0.2571 -0.9144
vn 0.1289 0.1799 -0.9752
vn 0.6746 -0.0923 -0.7324
vn 0.6011 0.0123 -0.7991
vn 0.4319 0.0819 -0.8982
vn 0.8885 -0.0247 -0.4581
vn 0.9958 -0.0164 -0.0899
vn 0.9826 -0.1125 -0.1478
vn 0.9495 -0.2826 -0.1367
vn 0.8987 -0.3935 -0.1937
vn 0.8205 -0.4582 -0.3418
vn 0.7524 -0.4541 -0.4772
vn 0.8099 -0.3192 -0.4920
vn 0.7681 0.0507 -0.6383
vn 0.7349 0.0660 -0.6749
vn 0.6936 0.0063 -0.7203
vn 0.6969 -0.1641 -0.6982
vn 0.6639 -0.2399 -0.7083
vn 0.5528 -0.1750 -0.8147
vn 0.4215 0.1342 -0.8968
vn 0.3623 0.2198 -0.9057
vn 0.2350 0.2130 -0.9484
vn 0.2236 0.0860 -0.9709
vn 0.1925 0.0811 -0.9779
vn 0.5755 0.2061 0.7914
vn 0.5161 0.0447 0.8554
vn 0.5709 -0.0934 0.8157
vn 0.4335 -0.1818 0.8826
vn 0.6930 0.6558 0.2994
vn 0.5919 0.6941 0.4098
vn 0.4990 0.7138 0.4914
vn 0.5301 0.6631 0.5285
vn 0.5989 0.5203 0.6088
vn 0.6045 0.3003 0.7378
vn 0.4870 0.0277 0.8730
vn 0.4606 -0.0692 0.8849
vn 0.4548 0.0229 0.8903
vn 0.3837 0.0900 0.9191
vn 0.4507 0.0643 0.8904
vn 0.4446 -0.0019 0.8957
vn 0.2998 -0.0587 0.9522
vn 0.7828 0.6222 -0.0080
vn 0.8311 0.5536 0.0533
vn 0.7693 0.6362 0.0584
vn 0.8800 0.4750 -0.0049
vn 0.7519 0.6396 0.1599
vn 0.8955 0.4451 -0.0055
vn 0.8687 0.4746 -0.1418
vn 0.7269 0.6316 0.2695
vn 0.6059 0.7159 0.3471
vn 0.8618 0.4661 -0.2002
vn 0.6341 0.6823 0.3639
vn 0.8379 0.3541 -0.4154
vn 0.7589 0.5199 0.3921
vn 0.9020 0.2639 -0.3418
vn 0.7710 0.2206 0.5974
vn 0.9837 0.0506 -0.1726
vn 0.6904 -0.0270 0.7229
vn 0.9659 -0.2570 -0.0323
vn 0.5874 -0.1301 0.7988
vn 0.8870 -0.4442 0.1263
vn 0.5478 -0.1628 0.8206
vn 0.8173 -0.4670 0.3376
vn 0.5529 -0.2528 0.7940
vn 0.7157 -0.4251 0.5540
vn 0.8358 0.5276 0.1520
vn 0.7584 0.5527 0.3456
vn 0.3438 0.6591 0.6689
vn 0.4010 0.5005 0.7673
vn 0.3891 0.2411 0.8891
vn 0.4366 -0.0006 0.8996
vn 0.4920 -0.0617 0.8684
vn 0.5310 -0.0590 0.8453
vn 0.6379 -0.1066 0.7627
vn 0.8602 0.4592 0.2218
vn 0.8558 0.5162 -0.0331
vn 0.8670 0.4741 -0.1535
vn 0.9275 0.3732 -0.0200
vn 0.9905 0.0592 0.1240
vn 0.9400 -0.2847 0.1880
vn 0.8788 -0.4103 0.2438
vn 0.8379 -0.4575 0.2977
vn 0.7182 0.6936 0.0553
vn 0.6682 0.7326 0.1296
vn 0.6653 0.6782 0.3121
vn 0.7909 -0.3550 0.4985
vn 0.4940 0.8565 0.1498
vn 0.4085 0.8944 0.1823
vn 0.4079 0.9037 0.1304
vn 0.6129 0.7693 0.1805
vn 0.5868 -0.0576 0.8077
vn 0.3672 -0.0495 0.9288
vn 0.2221 -0.0011 0.9750
vn 0.5886 -0.2093 0.7809
vn 0.3402 -0.1551 0.9275
vn 0.3436 -0.1053 0.9332
vn 0.5621 -0.3784 0.7354
vn 0.4307 -0.3368 0.8373
vn 0.4905 -0.2714 0.8281
vn 0.7989 0.5484 0.2472
vn 0.5605 0.7888 0.2522
vn 0.4673 0.8813 0.0701
vn 0.5920 0.8045 0.0483
vn 0.5900 0.7830 0.1970
vn 0.3743 0.6468 0.6645
vn 0.2680 0.6168 0.7400
vn 0.2980 0.4745 0.8283
vn 0.2665 0.2541 0.9298
vn 0.6571 0.7497 0.0782
vn 0.7875 0.6064 0.1099
vn 0.7933 0.5779 0.1918
vn 0.9216 0.3876 0.0196
vn 0.2191 0.1601 0.9625
vn 0.2616 0.1236 0.9572
vn 0.4168 0.1044 0.9030
vn 0.5573 -0.0698 0.8274
vn 0.5223 0.5582 0.6447
vn 0.2951 0.5347 0.7918
vn 0.9020 0.4087 0.1393
vn 0.9594 0.2378 -0.1516
vn 0.8610 0.3940 0.3215
vn 0.8627 0.4024 0.3062
vn 0.9695 0.1206 -0.2135
vn 0.9225 0.2789 0.2668
vn 0.9786 -0.0658 -0.1951
vn 0.9882 -0.1475 -0.0410
vn 0.9373 -0.2998 -0.1777
vn 0.9311 -0.3331 -0.1486
vn 0.9165 -0.3607 -0.1730
vn 0.9281 -0.3565 0.1079
vn 0.7960 -0.3236 0.5116
vn 0.9078 -0.4193 0.0090
vn 0.6868 -0.3303 0.6475
vn 0.9062 -0.4078 0.1120
vn 0.6743 -0.2675 0.6883
vn 0.9616 -0.1413 0.2355
vn 0.8798 -0.0011 0.4754
vn 0.9287 0.3129 0.1989
vn 0.9192 0.1507 0.3637
vn 0.8800 -0.0617 0.4710
vn 0.7042 -0.1588 0.6920
vn 0.5480 -0.2293 0.8044
vn 0.4921 -0.2938 0.8194
vn 0.4474 -0.3330 0.8300
vn 0.5083 -0.4259 0.7485
vn 0.8167 -0.1297 0.5623
vn 0.7413 -0.0505 0.6693
vn 0.6495 0.0180 0.7602
vn 0.3906 0.1868 0.9014
vn 0.2472 0.4261 0.8703
vn 0.6708 -0.2113 0.7109
vn 0.6887 -0.1918 0.6992
vn 0.6155 -0.2151 0.7582
vn 0.5385 -0.0887 0.8380
vn 0.6571 -0.0460 0.7524
vn 0.5184 0.0258 0.8548
vn 0.6512 0.1012 0.7522
vn 0.5472 0.1404 0.8251
vn 0.6608 0.1570 0.7340
vn 0.5322 0.4145 0.7382
vn 0.7103 0.3773 0.5943
vn 0.6402 0.3905 0.6616
vn 0.7701 0.3926 0.5029
vn 0.5832 0.5422 0.6049
vn 0.5340 -0.1924 0.8233
vn 0.5060 -0.1443 0.8504
vn 0.5395 0.0194 0.8417
vn 0.5818 0.1443 0.8004
vn 0.6424 0.2981 0.7060
vn 0.6572 0.4778 0.5829
vn 0.6484 0.6129 0.4516
vn 0.7373 0.6602 0.1434
vn 0.6457 0.4416 -0.6229
vn 0.5541 0.4956 -0.6688
vn 0.4201 0.3740 -0.8268
vn 0.5802 0.3399 -0.7402
vn 0.5017 0.3766 -0.7788
vn 0.7570 0.2680 -0.5960
vn 0.7894 0.1338 -0.5992
vn 0.6824 0.1877 -0.7065
vn 0.7815 -0.1204 -0.6122
vn 0.7799 -0.1924 -0.5956
vn 0.6691 -0.2553 -0.6979
vn 0.6791 -0.2864 -0.6759
vn 0.4089 -0.2669 -0.8727
vn 0.4427 -0.2087 -0.8721
vn 0.5051 0.2979 -0.8100
vn 0.4738 0.2104 -0.8551
vn 0.3967 0.1661 -0.9028
vn 0.4598 0.0282 -0.8876
vn 0.3741 -0.1383 -0.9170
vn 0.3714 0.3206 -0.8714
vn 0.3361 0.2929 -0.8951
vn 0.4286 0.1292 -0.8942
vn 0.4283 0.1248 -0.8950
vn 0.6233 0.6000 -0.5015
vn 0.5275 0.7093 -0.4677
vn 0.4564 0.7757 -0.4358
vn 0.5862 0.5953 -0.5496
vn 0.5528 0.7090 -0.4378
vn 0.4772 0.7869 -0.3914
vn 0.6708 0.2512 -0.6978
vn 0.6520 0.3711 -0.6612
vn 0.5933 0.4438 -0.6716
vn 0.4777 0.6050 -0.6369
vn 0.8163 0.4765 -0.3265
vn 0.4876 0.7876 -0.3767
vn 0.6443 0.0735 -0.7613
vn 0.5239 0.1247 -0.8426
vn 0.6619 0.1288 -0.7385
vn 0.3068 -0.1972 -0.9311
vn 0.4972 -0.0787 -0.8640
vn 0.3219 -0.1824 -0.9290
vn 0.4703 -0.2506 -0.8462
vn 0.7381 0.6746 0.0102
vn 0.9834 0.1691 0.0651
vn 0.8950 0.3421 0.2863
vn 0.9276 -0.0914 -0.3622
vn 0.6292 -0.3615 -0.6881
vn 0.4302 -0.2569 -0.8654
vn 0.4225 -0.3028 -0.8543
vn 0.3548 -0.3850 -0.8520
vn 0.2047 -0.2769 -0.9388
vn -0.2370 -0.2128 -0.9479
vn 0.3179 -0.3071 -0.8970
vn -0.3472 -0.1411 -0.9271
vn -0.1376 -0.3212 -0.9370
vn -0.5268 -0.1999 -0.8261
vn -0.7297 0.0809 -0.6789
vn -0.7638 0.0916 -0.6389
vn -0.8978 0.3303 -0.2912
vn -0.9058 0.3716 -0.2038
vn -0.6144 -0.0442 -0.7878
vn -0.6451 0.2890 -0.7073
vn -0.7790 0.6163 0.1158
vn -0.7489 0.6108 0.2571
vn -0.6372 0.7426 -0.2060
vn 0.3478 -0.2442 -0.9052
vn -0.0694 -0.3328 -0.9405
vn -0.4621 -0.2900 -0.8381
vn -0.5191 -0.2347 -0.8218
vn -0.5168 -0.0558 -0.8543
vn -0.4998 0.5904 -0.6337
vn 0.3386 -0.2420 -0.9093
vn 0.3458 -0.2248 -0.9110
vn 0.3479 -0.2509 -0.9033
vn 0.2185 -0.2264 -0.9492
vn 0.3716 -0.2272 -0.9002
vn 0.3538 -0.2073 -0.9121
vn -0.0371 -0.3052 -0.9516
vn 0.3080 -0.1832 -0.9336
vn 0.4278 -0.0787 -0.9005
vn -0.4306 -0.3382 -0.8368
vn -0.4529 -0.3029 -0.8385
vn -0.3812 -0.2142 -0.8993
vn -0.3483 -0.1811 -0.9197
vn -0.3134 0.1127 -0.9429
vn -0.2789 0.1024 -0.9548
vn -0.5011 -0.1630 -0.8499
vn -0.4339 -0.1213 -0.8927
vn -0.3046 0.0243 -0.9522
vn 0.2509 0.1447 -0.9571
vn 0.3529 0.2943 -0.8882
vn -0.1646 0.2853 -0.9442
vn -0.3497 0.2321 -0.9077
vn -0.4771 -0.0439 -0.8778
vn -0.3956 0.0974 -0.9132
vn -0.5418 0.0178 -0.8403
vn 0.2526 -0.1127 -0.9610
vn 0.2809 0.1606 -0.9462
vn 0.2589 0.4233 -0.8682
vn 0.2024 0.3942 -0.8965
vn 0.1464 0.5876 -0.7958
vn 0.1752 0.7357 -0.6543
vn 0.0903 0.3409 -0.9358
vn 0.1388 0.5948 -0.7918
vn 0.6551 0.7473 0.1114
vn 0.2648 0.8281 -0.4941
vn 0.2177 0.8476 -0.4839
vn 0.5806 0.8013 0.1443
vn 0.4762 0.8643 0.1618
vn 0.1498 0.8547 -0.4970
vn 0.0162 0.8666 -0.4987
vn 0.3038 0.9355 0.1807
vn 0.1391 0.9344 0.3279
vn 0.0018 0.8964 -0.4432
vn 0.0827 0.9167 -0.3910
vn 0.1400 0.8999 0.4129
vn 0.2340 0.8726 0.4286
vn 0.1752 0.9076 -0.3814
vn 0.3685 0.8452 -0.3870
vn 0.4387 0.8360 0.3297
vn 0.6418 0.7128 0.2830
vn 0.6241 0.7049 -0.3370
vn -0.0989 0.4884 -0.8670
vn -0.2050 0.5135 -0.8333
vn -0.1567 0.5296 -0.8337
vn -0.1099 0.5325 -0.8393
vn -0.1165 0.5082 -0.8533
vn -0.1294 0.3291 -0.9354
vn -0.2590 0.3242 -0.9099
vn -0.2865 0.3519 -0.8911
vn -0.1000 0.1543 -0.9830
vn -0.1417 0.3026 -0.9425
vn 0.1178 0.4496 -0.8854
vn -0.0154 0.4712 -0.8819
vn 0.0600 -0.1428 -0.9879
vn -0.0325 -0.0670 -0.9972
vn 0.2117 0.3035 -0.9290
vn -0.0117 0.2332 -0.9724
vn 0.2860 0.1462 -0.9470
vn -0.2780 -0.3773 -0.8834
vn -0.2301 0.3896 -0.8918
vn -0.0535 -0.5084 -0.8595
vn -0.1583 -0.4096 -0.8984
vn 0.0555 -0.0033 -0.9985
vn 0.1586 0.2362 -0.9587
vn 0.1344 0.3324 -0.9335
vn 0.3206 0.2601 -0.9108
vn 0.2593 0.3424 -0.9031
vn 0.2830 0.2950 -0.9126
vn 0.2297 0.4467 -0.8647
vn 0.2976 0.2789 -0.9130
vn 0.3330 0.1970 -0.9221
vn 0.0720 0.2597 -0.9630
vn -0.2298 0.3133 -0.9214
vn -0.3410 0.3182 -0.8846
vn -0.2834 0.2146 -0.9347
vn -0.2472 0.2916 -0.9240
vn -0.3094 0.3724 -0.8750
vn -0.5234 0.3938 -0.7556
vn -0.4730 -0.1173 -0.8732
vn -0.6990 -0.0877 -0.7097
vn -0.7021 -0.0597 -0.7095
vn -0.8206 -0.0406 -0.5700
vn -0.8265 -0.0710 -0.5584
vn -0.7754 -0.1252 -0.6189
vn -0.7501 -0.0588 -0.6587
vn -0.7534 -0.2129 -0.6221
vn -0.7437 -0.1247 -0.6567
vn -0.9184 -0.2531 -0.3042
vn -0.9223 -0.1819 -0.3409
vn -0.9341 -0.2388 0.2653
vn -0.9663 -0.1383 0.2169
vn -0.8300 -0.2192 0.5129
vn -0.8848 -0.0963 0.4560
vn -0.6984 -0.0189 -0.7154
vn -0.8020 -0.0010 -0.5973
vn -0.7493 -0.0161 -0.6620
vn -0.7215 -0.0130 -0.6923
vn -0.6628 0.1901 -0.7242
vn -0.7476 0.2067 -0.6312
vn -0.7465 0.1397 -0.6505
vn -0.5303 0.3629 -0.7662
vn -0.5793 0.5740 -0.5787
vn -0.5623 0.5944 -0.5749
vn -0.6797 0.0143 -0.7333
vn -0.5412 -0.0327 -0.8403
vn -0.9913 0.0468 0.1232
vn -0.9091 -0.0309 -0.4155
vn -0.9966 -0.0757 0.0338
vn -0.8589 -0.1032 -0.5016
vn -0.9532 -0.2696 0.1366
vn -0.7701 -0.2398 -0.5911
vn -0.8373 -0.0494 -0.5445
vn -0.7158 -0.0208 -0.6980
vn -0.7295 0.0249 -0.6835
vn -0.8359 0.0883 -0.5418
vn -0.7406 0.3823 -0.5526
vn -0.8081 0.3235 -0.4923
vn -0.8275 -0.0994 -0.5526
vn -0.8717 0.0762 -0.4841
vn -0.8495 0.2963 -0.4366
vn -0.8151 0.0760 -0.5744
vn -0.7846 -0.1509 -0.6014
vn -0.7652 0.3714 -0.5258
vn -0.8722 0.0388 -0.4876
vn -0.9417 -0.2104 -0.2626
vn -0.9326 -0.1967 0.3027
vn -0.9970 0.0389 0.0673
vn -0.9326 0.0653 0.3549
vn -0.9105 0.4104 0.0516
vn -0.8344 0.3686 0.4097
vn -0.7546 0.4992 0.4260
vn -0.7499 0.6544 0.0966
vn -0.5038 0.8492 0.1583
vn -0.5315 0.6746 0.5123
vn -0.4071 0.7763 0.4813
vn -0.3646 0.9193 0.1482
vn -0.4032 0.8852 0.2321
vn -0.4745 0.7321 0.4887
vn -0.3877 0.7346 0.5568
vn -0.2885 0.9233 0.2535
vn -0.2287 0.9213 0.3145
vn -0.3175 0.7508 0.5792
vn -0.6126 0.4357 -0.6595
vn -0.7438 0.4708 -0.4745
vn -0.6000 0.6903 -0.4044
vn -0.4398 0.7906 -0.4260
vn -0.2776 0.8361 -0.4731
vn -0.2288 0.8663 -0.4439
vn -0.0736 0.9290 -0.3628
vn -0.0920 0.9617 -0.2583
vn -0.3236 0.9319 -0.1638
vn -0.5750 0.8153 -0.0689
vn -0.5531 0.8161 0.1675
vn -0.2341 0.9680 -0.0900
vn -0.2031 0.9700 -0.1337
vn -0.5615 0.8130 0.1540
vn -0.3612 0.8653 0.3474
vn -0.0326 0.9955 0.0886
vn 0.0241 0.9852 0.1695
vn -0.2797 0.8583 0.4302
vn -0.3741 0.8434 0.3856
vn -0.1440 0.9844 0.1016
vn -0.2321 0.9673 0.1020
vn -0.5174 0.7980 0.3089
vn -0.8313 0.4404 -0.3392
vn -0.8017 0.3874 -0.4551
vn -0.9595 0.1543 -0.2357
vn -0.7957 0.1457 -0.5879
vn -0.6442 0.4823 -0.5936
vn -0.6340 0.3026 -0.7116
vn -0.4970 0.5781 -0.6472
vn -0.4238 0.5116 -0.7474
vn -0.2409 0.4822 -0.8423
vn -0.0918 0.5032 -0.8593
vn 0.0748 0.6217 -0.7797
vn 0.0509 0.6164 -0.7858
vn 0.0770 0.5971 -0.7985
vn -0.1234 0.9536 -0.2746
vn 0.5608 0.5749 0.5959
vn 0.4769 0.8157 0.3273
vn 0.0186 0.7099 0.7040
vn 0.1073 0.8291 0.5487
vn -0.4597 0.6994 0.5474
vn -0.3385 0.8609 0.3798
vn -0.5874 0.7719 0.2430
vn 0.9851 0.0423 0.1669
vn 0.9470 -0.1671 -0.2744
vn 0.9351 -0.0976 -0.3406
vn 0.9872 0.0510 0.1514
vn -0.7492 0.0583 -0.6598
vn -0.9195 0.3470 -0.1846
vn -0.9581 0.2017 -0.2036
vn -0.6767 0.0254 -0.7358
vn -0.8088 0.5067 0.2985
vn -0.5248 0.5993 0.6044
vn -0.6295 0.3861 0.6743
vn -0.8844 0.3093 0.3495
vn 0.3182 -0.3771 -0.8698
vn -0.2475 -0.2363 -0.9396
vn -0.1567 -0.1514 -0.9760
vn 0.3208 -0.2164 -0.9221
vn 0.8742 0.2057 0.4398
vn 0.8621 0.1656 0.4789
vn 0.6873 -0.3297 -0.6473
vn 0.6557 -0.1763 -0.7342
vn -0.1027 0.6055 0.7892
vn -0.2517 0.4446 0.8596
vn 0.5481 0.4387 0.7121
vn 0.4671 0.2915 0.8348
vn -0.6567 0.0630 -0.7515
vn -0.9820 0.0987 -0.1609
vn -0.9741 0.0575 -0.2189
vn -0.6917 0.0519 -0.7203
vn 0.9036 0.0435 -0.4261
vn 0.6303 -0.0181 -0.7762
vn 0.6577 0.0296 -0.7527
vn 0.8868 0.0859 -0.4542
vn -0.2706 0.2323 0.9343
vn 0.3944 0.2404 0.8870
vn 0.3519 0.2574 0.8999
vn -0.2354 0.2144 0.9479
vn -0.1219 -0.0366 -0.9919
vn -0.1545 0.0222 -0.9877
vn 0.3150 -0.0765 -0.9460
vn 0.3217 -0.0069 -0.9468
vn -0.6640 0.1469 0.7332
vn -0.6526 0.1047 0.7504
vn 0.8529 0.1413 0.5026
vn 0.9894 0.1182 0.0844
vn 0.9926 0.1217 -0.0045
vn 0.8523 0.1762 0.4924
vn -0.9277 0.1181 0.3542
vn -0.9334 0.0652 0.3528
vn -0.1937 0.3027 0.9332
vn 0.3328 0.2848 0.8990
vn 0.3252 0.2077 0.9225
vn -0.1275 0.2755 0.9528
vn -0.1893 -0.0273 -0.9816
vn -0.6337 -0.0063 -0.7735
vn -0.5728 0.0292 -0.8192
vn -0.1585 0.0222 -0.9871
vn 0.2806 -0.0389 -0.9590
vn 0.2489 0.0004 -0.9685
vn -0.5861 0.2592 0.7676
vn -0.5332 0.2008 0.8218
vn 0.7987 0.1748 0.5758
vn 0.9978 0.0505 0.0440
vn 0.9922 0.0469 0.1151
vn 0.7531 0.1316 0.6446
vn -0.9598 0.0710 -0.2716
vn -0.9214 0.1676 0.3505
vn -0.9341 0.1178 0.3370
vn -0.9553 0.0699 -0.2873
vn 0.6971 -0.0400 -0.7158
vn 0.7329 -0.0439 -0.6789
vn 0.9011 -0.0301 -0.4326
vn 0.9398 -0.0046 -0.3417
vn 0.9708 0.0289 -0.2383
vn 0.7354 0.0359 -0.6766
vn 0.7712 0.0526 -0.6344
vn 0.9633 0.0720 -0.2585
vn -0.1014 0.1197 0.9876
vn 0.2680 0.1191 0.9560
vn 0.1117 0.1946 0.9745
vn -0.0917 0.2108 0.9732
vn -0.1175 0.0453 -0.9920
vn -0.5656 0.0643 -0.8221
vn -0.5429 0.0018 -0.8398
vn -0.0882 -0.0038 -0.9961
vn 0.2084 0.0501 -0.9768
vn 0.1632 -0.0069 -0.9866
vn -0.5088 0.0785 0.8573
vn -0.4558 0.1585 0.8759
vn 0.6698 0.0857 0.7376
vn 0.9719 0.0575 0.2281
vn 0.9578 0.0953 0.2712
vn 0.5953 0.1327 0.7925
vn -0.9500 0.0623 -0.3061
vn -0.9423 0.0465 0.3315
vn -0.9673 0.0739 0.2425
vn -0.9493 0.0224 -0.3134
vn 0.9475 0.0983 -0.3043
vn 0.7263 0.0894 -0.6815
vn 0.6903 0.1378 -0.7102
vn 0.9221 0.0642 -0.3816
vn -0.1002 0.1074 0.9892
vn 0.1361 0.0868 0.9869
vn 0.2247 -0.0558 0.9728
vn -0.1049 -0.0886 0.9905
vn -0.1437 0.0358 -0.9890
vn -0.5361 0.0987 -0.8384
vn -0.5031 0.1620 -0.8489
vn -0.1937 0.1390 -0.9712
vn 0.2297 0.0418 -0.9724
vn 0.1810 0.1377 -0.9738
vn -0.4346 0.0792 0.8971
vn -0.4916 -0.0247 0.8704
vn 0.6700 0.1198 0.7326
vn 0.9795 0.1112 0.1681
vn 0.9944 0.0754 0.0738
vn 0.6938 0.0163 0.7200
vn -0.9391 0.0515 -0.3398
vn -0.9575 0.0672 0.2806
vn -0.9557 0.0361 0.2920
vn -0.8658 0.0903 -0.4922
vn -0.5150 0.0191 -0.8570
vn -0.8686 0.0383 -0.4941
vn -0.9313 -0.0004 -0.3642
vn -0.5316 -0.0447 -0.8458
vn 0.9437 -0.0442 -0.3277
vn 0.7271 -0.0113 -0.6865
vn 0.7325 -0.0369 -0.6798
vn 0.9427 -0.0399 -0.3312
vn -0.1411 -0.0108 0.9899
vn 0.2829 -0.0460 0.9580
vn 0.2610 0.1540 0.9530
vn -0.1703 0.1784 0.9691
vn -0.1742 0.0858 -0.9810
vn -0.2521 -0.0165 -0.9676
vn 0.2830 -0.0541 -0.9576
vn 0.1955 -0.0217 -0.9805
vn -0.5527 0.0449 0.8322
vn -0.5433 0.1761 0.8209
vn 0.7377 -0.0196 0.6749
vn 0.9950 0.0037 0.1002
vn 0.9903 -0.0144 0.1379
vn 0.7298 0.0700 0.6800
vn -0.9519 0.0671 0.2988
vn -0.9082 0.1172 0.4017
vn -0.4978 0.1017 -0.8613
vn -0.9280 0.1304 -0.3491
vn -0.8354 0.1560 -0.5270
vn -0.5220 0.1642 -0.8370
vn 0.9308 0.0784 -0.3571
vn 0.6554 0.1522 -0.7398
vn 0.5957 0.1294 -0.7927
vn 0.9053 0.1043 -0.4118
vn -0.1567 0.1281 0.9793
vn 0.2586 0.1659 0.9516
vn 0.3393 0.0472 0.9395
vn -0.0824 -0.0075 0.9966
vn -0.2165 0.1689 -0.9616
vn -0.1784 0.0932 -0.9795
vn 0.1534 0.1865 -0.9704
vn 0.2174 0.0673 -0.9738
vn -0.5154 0.0833 0.8529
vn -0.5311 -0.0548 0.8456
vn 0.6693 0.1220 0.7329
vn 0.9738 0.0802 0.2129
vn 0.9681 0.0898 0.2337
vn 0.6579 0.0639 0.7504
vn -0.8915 0.1268 0.4350
vn -0.9253 0.0195 0.3787
vn 0.3655 0.1247 0.9224
vn 0.6695 0.1005 0.7360
vn 0.6716 0.0598 0.7385
vn 0.3975 0.0513 0.9162
vn -0.5520 -0.0095 -0.8338
vn -0.8653 0.0591 -0.4978
vn -0.8633 0.0847 -0.4975
vn -0.5557 0.0290 -0.8309
vn 0.9066 0.0434 -0.4198
vn 0.5894 -0.0312 -0.8072
vn 0.6500 -0.0855 -0.7551
vn 0.9621 -0.0822 -0.2600
vn -0.0106 0.1173 0.9930
vn 0.0312 0.0878 0.9957
vn -0.1674 -0.0736 -0.9831
vn -0.1671 -0.0137 -0.9858
vn 0.2543 -0.0657 -0.9649
vn 0.2797 -0.0622 -0.9581
vn -0.5236 0.0917 0.8470
vn -0.5570 0.1356 0.8194
vn 0.9711 0.0854 0.2229
vn 0.9368 -0.0217 0.3491
vn -0.9701 0.0965 0.2226
vn -0.9764 0.1610 0.1437
vn 0.3685 0.7113 -0.5986
vn 0.5906 0.7111 -0.3814
vn 0.2191 0.9561 -0.1945
vn 0.2496 0.8959 -0.3676
vn 0.5030 0.8538 0.1342
vn 0.7132 0.7003 0.0305
vn 0.7517 0.6546 -0.0797
vn 0.5434 0.8161 0.1968
vn 0.6909 0.5952 -0.4102
vn 0.2579 0.9601 0.1080
vn 0.2482 0.9420 0.2260
vn -0.0140 0.9996 0.0248
vn 0.0660 0.9941 0.0862
vn -0.0307 0.9556 -0.2931
vn 0.0266 0.9800 -0.1971
vn 0.1635 0.7925 -0.5875
vn 0.2031 0.7947 -0.5720
vn 0.4455 0.6756 -0.5875
vn 0.4164 0.9070 -0.0627
vn 0.1884 0.9677 -0.1677
vn 0.0567 0.9913 -0.1187
vn 0.5142 0.8498 -0.1159
vn 0.3791 0.8588 -0.3446
vn 0.4068 0.8663 -0.2898
vn 0.4506 0.8029 -0.3903
vn 0.3192 0.9163 -0.2419
vn 0.3305 0.9043 -0.2702
vn 0.3656 0.8476 -0.3846
vn 0.4803 0.8299 -0.2839
vn 0.5691 0.8063 0.1612
vn 0.4704 0.8676 0.1614
vn 0.2409 0.9346 -0.2619
vn -0.0976 0.9903 -0.0990
vn -0.1517 0.9774 -0.1474
vn -0.0625 0.9933 0.0976
vn -0.0601 0.9959 -0.0677
vn -0.0532 0.9985 -0.0140
vn -0.2375 0.9234 -0.3016
vn -0.0620 0.9913 -0.1163
vn -0.2245 0.9269 -0.3009
vn 0.0330 0.9843 -0.1734
vn -0.2740 0.9383 -0.2110
vn 0.0262 0.9440 -0.3288
vn -0.2838 0.9327 -0.2226
vn -0.0742 0.8395 -0.5383
vn -0.1468 0.9743 -0.1709
vn -0.0312 0.8102 -0.5853
vn 0.1199 0.9901 -0.0735
vn 0.0474 0.8026 -0.5946
vn 0.2778 0.9605 -0.0159
vn 0.0632 0.8927 -0.4462
vn 0.3004 0.9494 -0.0914
vn -0.0288 0.9258 -0.3770
vn 0.2877 0.9341 -0.2112
vn -0.0701 0.9669 -0.2452
vn 0.4953 0.8682 -0.0279
vn 0.4569 0.8667 0.2003
vn 0.3255 0.8547 0.4045
vn 0.1898 0.9553 0.2265
vn 0.3728 0.8982 0.2330
vn 0.2981 0.7615 0.5756
vn 0.2788 0.9199 0.2758
vn 0.2902 0.7078 0.6441
vn 0.0737 0.9695 0.2337
vn 0.2478 0.7295 0.6376
vn 0.0063 0.9602 0.2792
vn 0.2698 0.7365 0.6203
vn -0.0331 0.9894 0.1411
vn 0.3500 0.8847 0.3078
vn 0.0267 0.9933 0.1121
vn 0.2909 0.9450 -0.1496
vn 0.1206 0.9925 0.0197
vn 0.1731 0.8633 -0.4740
vn 0.1106 0.9022 -0.4168
vn 0.2270 0.9733 -0.0335
vn 0.3479 0.9305 0.1147
vn 0.1359 0.9681 -0.2107
vn 0.2116 0.9772 0.0172
vn 0.3382 0.8810 -0.3309
vn 0.4364 0.7727 0.4610
vn 0.1405 0.9400 -0.3108
vn 0.2747 0.8079 0.5214
vn 0.0469 0.9819 -0.1835
vn 0.2059 0.8132 0.5444
vn -0.0119 0.9958 0.0903
vn 0.0596 0.8905 0.4511
vn -0.2811 0.9554 -0.0908
vn -0.1491 0.7923 -0.5917
vn -0.0754 0.9966 0.0334
vn 0.0416 0.7430 -0.6680
vn -0.0236 0.9962 0.0834
vn 0.0565 0.7323 -0.6787
vn 0.0361 0.9991 0.0211
vn 0.0899 0.8977 -0.4314
vn -0.4097 0.9036 -0.1251
vn -0.4113 0.9062 -0.0986
vn -0.3743 0.8982 -0.2304
vn -0.3055 0.9175 -0.2547
vn -0.2881 0.9561 -0.0542
vn -0.3933 0.9162 -0.0774
vn -0.2813 0.9578 -0.0591
vn -0.2439 0.9687 -0.0458
vn 0.0004 0.9977 -0.0671
vn 0.0062 0.9978 -0.0661
vn -0.0777 0.9970 -0.0013
vn -0.1294 0.9823 0.1352
vn 0.1592 0.8713 -0.4643
vn -0.0186 0.9276 -0.3732
vn 0.3155 0.8971 -0.3092
vn 0.1797 0.9756 -0.1261
vn 0.3088 0.8540 -0.4188
vn 0.2185 0.9027 -0.3706
vn 0.5231 0.6680 -0.5294
vn 0.2803 0.7858 -0.5514
vn -0.2450 0.9616 -0.1235
vn -0.2717 0.9576 -0.0953
vn -0.1278 0.9853 0.1136
vn -0.0499 0.9970 0.0587
vn 0.2000 0.9126 0.3567
vn -0.2045 0.9193 0.3362
vn -0.0057 0.9245 0.3811
vn -0.4967 0.8670 0.0403
vn -0.3788 0.8980 0.2238
vn 0.0091 0.9476 0.3193
vn -0.1061 0.9547 0.2780
vn -0.3423 0.9009 0.2668
vn -0.2549 0.9057 0.3387
vn -0.0044 0.9951 -0.0985
vn -0.0586 0.9965 0.0600
vn -0.9035 0.0070 0.4286
vn -0.8304 -0.1467 0.5376
vn -0.9276 0.1466 0.3435
vn -0.8599 0.2378 0.4518
vn -0.6539 0.0924 0.7509
vn -0.8795 0.1545 0.4502
vn -0.8493 -0.0798 0.5219
vn -0.8277 -0.2221 0.5154
vn 0.3160 0.9396 0.1318
vn -0.0001 0.9886 0.1505
vn 0.1747 0.9693 0.1730
vn -0.0445 0.9987 0.0240
vn 0.1405 0.9873 0.0742
vn -0.1432 0.9853 -0.0926
vn 0.2078 0.9734 -0.0967
vn -0.2574 0.9651 0.0485
vn -0.1362 0.9827 0.1258
vn -0.3569 0.9330 -0.0451
vn -0.2360 0.9717 0.0052
vn -0.2934 0.9547 -0.0497
vn -0.3332 0.9428 -0.0074
vn -0.0819 0.9939 -0.0741
vn -0.4017 0.9103 -0.1002
vn -0.3735 0.9256 -0.0609
vn -0.2449 0.9695 0.0033
vn -0.2189 0.8605 -0.4599
vn 0.3238 0.7846 -0.5287
vn -0.4671 0.3836 -0.7967
vn 0.2884 0.4656 -0.8367
vn -0.3766 0.0930 -0.9217
vn 0.3148 0.1899 -0.9300
vn 0.8321 0.2205 -0.5089
vn 0.7785 0.3589 -0.5149
vn 0.9841 0.1527 0.0909
vn 0.9671 0.2079 0.1466
vn 0.7263 0.0579 0.6849
vn 0.7739 0.0931 0.6264
vn 0.2731 0.0528 0.9605
vn 0.4108 0.0362 0.9110
vn -0.3571 0.0558 0.9324
vn -0.2906 0.0184 0.9567
vn -0.8312 0.0136 0.5558
vn -0.8051 0.0312 0.5923
vn -0.9990 -0.0141 0.0429
vn -0.9845 0.1090 0.1374
vn -0.8228 0.0120 -0.5681
vn -0.8753 0.2204 -0.4305
vn 0.7647 0.5105 -0.3933
vn 0.4821 0.8540 -0.1957
vn 0.6910 0.6917 -0.2098
vn 0.8561 0.5096 0.0863
vn 0.8835 0.2801 0.3755
vn 0.9650 0.2449 0.0935
vn 0.8377 0.1945 0.5103
vn 0.7725 0.0654 0.6316
vn 0.8667 0.0331 0.4978
vn 0.7210 -0.0353 0.6920
vn 0.7155 -0.0136 0.6985
vn -0.3910 0.8737 -0.2893
vn -0.3697 0.9286 0.0310
vn -0.3209 0.8559 -0.4055
vn -0.0873 0.9636 -0.2527
vn 0.2415 0.8714 -0.4270
vn 0.3244 0.9028 -0.2824
vn -0.1528 0.7087 -0.6888
vn 0.0851 0.8527 -0.5154
vn 0.2390 0.3937 -0.8876
vn 0.3177 0.5957 -0.7377
vn 0.4081 0.2872 -0.8666
vn 0.5760 0.4140 -0.7049
vn -0.0513 0.1632 -0.9853
vn -0.3649 -0.0389 -0.9302
vn -0.2728 0.0831 -0.9585
vn 0.0551 0.1749 -0.9830
vn -0.7348 -0.1936 -0.6501
vn -0.6370 -0.0855 -0.7661
vn -0.9745 -0.2213 0.0367
vn -0.9769 -0.2091 -0.0428
vn -0.5319 0.0162 -0.8467
vn -0.2332 0.1343 -0.9631
vn 0.0490 0.1841 -0.9817
vn -0.9690 -0.1542 -0.1930
vn -0.1467 0.9321 0.3312
vn -0.1157 0.9818 0.1509
vn 0.1860 0.9793 -0.0796
vn 0.3399 0.7747 -0.5332
vn 0.6087 0.5573 -0.5648
vn 0.3715 0.8783 -0.3008
vn 0.3516 0.9284 -0.1205
vn 0.3757 0.9246 -0.0626
vn 0.2167 0.9757 0.0322
vn -0.1401 0.9890 0.0470
vn -0.3619 0.9293 0.0733
vn -0.3977 0.9166 0.0403
vn -0.3742 0.9027 0.2122
vn -0.5668 0.8235 0.0220
vn -0.0764 0.9788 0.1899
vn 0.1511 0.9783 0.1421
vn 0.2736 0.9602 0.0555
vn 0.3813 0.9180 -0.1090
vn -0.3591 0.8543 0.3758
vn -0.7388 0.6606 0.1337
vn -0.0880 0.9612 0.2614
vn 0.0137 0.9688 0.2473
vn 0.0597 0.9801 0.1895
vn 0.2870 0.9569 0.0451
vn -0.8189 -0.0798 0.5684
vn -0.7687 0.2486 0.5894
vn -0.8293 -0.1839 0.5277
vn -0.0341 -0.2834 -0.9584
vn 0.1080 0.7193 -0.6862
vn -0.0490 0.9264 -0.3733
vn -0.1033 0.4509 -0.8866
vn 0.0824 0.9262 -0.3680
vn 0.3806 0.6332 -0.6739
vn 0.3143 0.9323 -0.1790
vn 0.1734 0.8947 -0.4117
vn 0.5308 0.5250 -0.6652
vn 0.6489 0.5840 -0.4878
vn 0.2278 0.9686 -0.0999
vn 0.3057 0.9493 -0.0732
vn 0.5921 0.6728 -0.4435
vn 0.4936 0.7370 -0.4616
vn -0.7355 0.5844 0.3428
vn -0.7614 0.5541 0.3366
vn -0.6322 0.5043 0.5882
vn -0.6336 0.5894 0.5011
vn -0.7803 0.3654 0.5076
vn -0.7270 0.3895 0.5654
vn -0.8578 0.4968 0.1319
vn 0.0662 0.9920 -0.1077
vn 0.4263 0.7674 -0.4790
vn -0.8604 -0.1526 0.4862
vn -0.9248 0.0987 0.3673
vn -0.8503 -0.1246 0.5113
vn -0.8432 0.1637 0.5121
vn -0.9272 0.2545 0.2748
vn -0.9128 0.2898 0.2877
vn -0.5003 0.5888 0.6348
vn -0.4331 0.5906 0.6809
vn -0.5140 0.5436 0.6635
vn -0.3784 0.6591 0.6500
vn -0.3821 0.6501 0.6568
vn -0.7308 0.4611 0.5033
vn -0.7857 0.4215 0.4528
vn -0.8358 0.3150 0.4497
vn -0.8893 0.3538 0.2899
vn -0.9165 0.3018 0.2626
vn -0.8598 0.4305 0.2747
vn -0.8752 0.4146 0.2493
vn -0.6974 -0.5008 0.5127
vn -0.9126 -0.2904 0.2877
vn -0.5497 -0.3577 0.7549
vn -0.4985 -0.1931 0.8451
vn -0.5095 -0.2957 0.8081
vn -0.4555 -0.1149 0.8828
vn -0.9070 -0.3057 0.2896
vn -0.8135 0.3988 0.4234
vn -0.8637 0.4310 0.2611
vn -0.9061 0.3908 0.1617
vn -0.9131 -0.3329 0.2352
vn -0.8250 -0.1411 0.5472
vn -0.7952 0.2236 0.5635
vn -0.7844 0.5646 0.2568
vn -0.8045 0.5939 0.0044
vn -0.9172 0.3909 -0.0777
vn -0.9849 -0.1618 -0.0610
vn -0.9667 -0.1773 -0.1844
vn -0.8942 0.4388 -0.0887
vn -0.9494 -0.1329 -0.2845
vn -0.8512 0.5142 -0.1051
vn -0.8972 0.1458 -0.4169
vn -0.7319 0.6495 -0.2059
vn -0.7648 0.3306 -0.5529
vn -0.5570 0.7528 -0.3507
vn -0.7288 0.3426 -0.5929
vn -0.4889 0.7499 -0.4457
vn -0.8536 0.1584 -0.4963
vn -0.5610 0.7529 -0.3443
vn -0.6350 0.7701 0.0612
vn -0.6265 0.7712 0.1128
vn -0.1666 0.9383 0.3030
vn -0.1530 0.9088 0.3882
vn 0.3118 0.7958 0.5192
vn 0.2564 0.7390 0.6230
vn 0.5999 0.4562 0.6572
vn 0.3855 0.5227 0.7604
vn 0.6827 0.1023 0.7235
vn 0.4170 0.1609 0.8945
vn -0.5543 0.8321 -0.0185
vn -0.2269 0.9438 0.2404
vn -0.3406 0.9321 -0.1231
vn -0.0090 0.9784 0.2063
vn -0.1984 0.9648 -0.1728
vn 0.1088 0.9858 0.1281
vn -0.2826 0.9540 -0.0998
vn 0.0030 0.9866 0.1631
vn 0.3188 0.7767 0.5432
vn 0.6210 0.3929 0.6783
vn 0.3611 0.8017 0.4764
vn 0.6293 0.4409 0.6399
vn 0.3461 0.8800 0.3254
vn 0.5968 0.6038 0.5285
vn 0.1823 0.9157 0.3581
vn 0.4786 0.6800 0.5556
vn 0.0256 0.8841 0.4665
vn 0.2837 0.6880 0.6679
vn -0.4176 0.9066 0.0600
vn -0.2134 0.9394 0.2682
vn -0.9384 0.0786 -0.3366
vn -0.6720 0.7097 -0.2114
vn 0.7073 -0.0397 0.7058
vn 0.7197 -0.0253 0.6938
vn 0.7404 0.1348 0.6585
vn 0.6378 0.2734 0.7200
vn 0.4970 0.3450 0.7962
vn -0.1525 0.9167 0.3694
vn -0.5430 0.8371 0.0668
vn 0.1041 0.7688 0.6310
vn -0.7735 0.6295 -0.0737
vn -0.3172 0.7865 0.5300
vn -0.6383 0.7550 0.1504
vn -0.0945 0.6887 0.7189
vn 0.1127 0.5778 0.8084
vn -0.0573 -0.0878 0.9945
vn -0.1271 0.5958 0.7930
vn -0.2857 -0.1411 0.9479
vn -0.5233 0.2061 0.8268
vn -0.6736 0.1304 0.7275
vn -0.1503 -0.1732 0.9733
vn -0.2621 0.4338 0.8621
vn 0.0652 -0.2865 0.9558
vn -0.0323 0.2872 0.9573
vn 0.1393 -0.5064 0.8510
vn -0.0059 0.0727 0.9973
vn 0.2766 -0.6341 0.7221
vn 0.2801 -0.0860 0.9561
vn 0.2494 -0.6090 0.7529
vn 0.4763 0.0763 0.8760
vn -0.0539 -0.4670 0.8826
vn 0.1615 0.3071 0.9379
vn -0.2093 -0.3229 0.9230
vn -0.0263 0.4879 0.8725
vn -0.5871 -0.2348 0.7747
vn -0.7585 -0.2039 0.6190
vn -0.5947 -0.1606 0.7878
vn -0.7846 -0.1476 0.6022
vn -0.7720 0.0567 0.6331
vn -0.5982 0.1197 0.7923
vn -0.4880 0.5107 0.7078
vn -0.6094 0.4860 0.6264
vn -0.1713 -0.0349 0.9846
vn -0.4653 0.0103 0.8851
vn -0.1927 -0.1757 0.9654
vn -0.1511 -0.2406 0.9588
vn 0.6269 -0.1340 0.7675
vn 0.6489 -0.2472 0.7196
vn 0.3417 0.0894 0.9355
vn 0.3570 0.4055 0.8415
vn -0.2952 -0.1729 0.9397
vn -0.4068 -0.1604 0.8993
vn -0.2223 -0.2561 0.9407
vn -0.1525 -0.2090 0.9659
vn -0.1354 -0.1346 0.9816
vn 0.0809 -0.2278 0.9703
vn -0.0252 -0.1552 0.9876
vn 0.5129 -0.2958 0.8059
vn 0.4950 -0.2428 0.8343
vn 0.7146 -0.3046 0.6298
vn -0.1983 -0.1548 0.9678
vn -0.1821 -0.0428 0.9823
vn -0.3090 -0.1634 0.9369
vn -0.1792 -0.0076 0.9838
vn -0.0571 -0.0572 0.9967
vn 0.4123 -0.1444 0.8995
vn -0.2163 0.0499 0.9751
vn -0.1146 0.0842 0.9898
vn -0.0920 0.3014 0.9491
vn -0.1902 0.3915 0.9003
vn -0.2229 0.1469 0.9637
vn -0.2956 0.1762 0.9389
vn -0.2090 0.0974 0.9731
vn -0.4411 -0.0623 0.8953
vn 0.1506 -0.0564 0.9870
vn -0.2502 -0.1706 0.9530
vn 0.5686 -0.1024 0.8162
vn 0.5270 -0.0885 0.8452
vn 0.1431 -0.1487 0.9785
vn 0.4119 -0.0978 0.9059
vn 0.0790 -0.1434 0.9865
vn -0.3621 -0.1666 0.9171
vn -0.7213 -0.1054 0.6845
vn 0.0841 0.7035 0.7057
vn 0.2791 0.7378 0.6146
vn 0.4165 0.8192 0.3942
vn 0.1729 0.7325 0.6585
vn 0.0986 0.7993 0.5927
vn 0.5242 0.8416 0.1303
vn 0.6452 0.7640 -0.0073
vn 0.2304 0.7854 0.5745
vn 0.2513 0.8081 0.5328
vn 0.5215 0.8334 -0.1832
vn 0.1920 0.9679 -0.1625
vn -0.1456 0.8826 0.4471
vn -0.2256 0.8896 0.3971
vn 0.0576 0.9822 -0.1789
vn 0.0787 0.9841 -0.1594
vn -0.2089 0.8677 0.4511
vn -0.1935 0.8183 0.5413
vn 0.1543 0.9781 -0.1399
vn 0.2238 0.9728 -0.0589
vn -0.1532 0.7937 0.5887
vn 0.0402 0.7498 0.6604
vn 0.3401 0.9322 0.1237
vn -0.0812 0.4784 0.8744
vn -0.0801 0.4367 0.8960
vn -0.1012 0.4311 0.8966
vn -0.3676 0.4379 0.8204
vn -0.3965 0.4257 0.8134
vn -0.3201 0.3612 0.8758
vn -0.3203 0.2881 0.9024
vn -0.2805 0.2927 0.9141
vn -0.1071 0.1850 0.9769
vn -0.2870 -0.0460 0.9568
vn -0.2738 -0.0827 0.9582
vn -0.4102 -0.1457 0.9003
vn -0.3624 -0.2354 0.9018
vn -0.3041 -0.2642 0.9153
vn -0.2526 -0.3131 0.9155
vn -0.2444 -0.3133 0.9177
vn -0.0646 0.2059 0.9764
vn 0.0383 0.4809 0.8760
vn -0.0912 0.5064 0.8574
vn -0.1941 0.2120 0.9578
vn 0.3949 0.7459 -0.5363
vn 0.3260 0.7540 -0.5703
vn 0.5822 0.7459 -0.3235
vn 0.4732 0.7456 -0.4693
vn 0.2816 0.7507 -0.5976
vn 0.3525 0.6900 -0.6321
vn 0.5508 0.5604 -0.6185
vn 0.7915 0.4699 -0.3908
vn 0.7908 0.5554 -0.2573
vn 0.7090 0.6910 -0.1407
vn 0.7349 0.6401 0.2242
vn 0.8275 0.3532 0.4365
vn 0.7354 0.4156 -0.5351
vn 0.6076 0.4340 -0.6652
vn 0.5414 0.4543 -0.7074
vn 0.4767 0.4576 -0.7505
vn 0.4160 0.4865 -0.7683
vn 0.3653 0.4869 -0.7934
vn 0.5576 0.3896 -0.7330
vn 0.7973 0.2486 -0.5501
vn 0.8076 0.2062 -0.5525
vn 0.7431 0.2158 -0.6334
vn 0.9573 0.0822 -0.2773
vn 0.9934 0.0522 0.1024
vn 0.9504 -0.3018 0.0752
vn 0.9674 -0.2423 0.0735
vn 0.6721 -0.0830 -0.7358
vn 0.6236 -0.1148 -0.7732
vn 0.5215 0.0549 -0.8515
vn 0.7073 0.0317 -0.7062
vn 0.5316 0.0931 -0.8419
vn 0.4716 0.1434 -0.8701
vn 0.6302 -0.1097 -0.7686
vn 0.5869 0.0001 -0.8097
vn 0.7627 -0.1763 -0.6223
vn 0.6511 -0.2053 -0.7307
vn 0.8041 -0.4963 -0.3273
vn 0.7707 -0.5830 0.2569
vn 0.5264 -0.3770 -0.7621
vn 0.5571 -0.4170 -0.7182
vn 0.8452 0.2630 0.4653
vn 0.6929 0.4870 0.5318
vn 0.7794 0.1863 0.5983
vn 0.6662 0.3226 0.6724
vn 0.5690 -0.5282 0.6303
vn 0.4948 -0.6231 0.6057
vn 0.4891 -0.7671 0.4152
vn 0.6000 -0.6993 0.3887
vn 0.9752 -0.0201 0.2205
vn 0.9265 0.0673 0.3702
vn 0.9570 -0.0985 0.2728
vn 0.9787 -0.0328 0.2027
vn 0.7950 0.5937 0.1245
vn 0.8068 0.5839 -0.0902
vn 0.8723 0.4337 0.2259
vn 0.8720 0.4783 -0.1040
vn 0.8190 -0.4973 0.2862
vn 0.8476 -0.5306 -0.0009
vn 0.7791 0.5852 -0.2247
vn 0.8352 0.4108 -0.3657
vn 0.8589 0.4093 -0.3080
vn 0.8433 0.2074 -0.4958
vn 0.7245 -0.6207 -0.2997
vn 0.5580 -0.6538 -0.5111
vn 0.8164 0.1853 -0.5470
vn 0.7495 0.3206 -0.5792
vn 0.8583 0.3795 -0.3453
vn 0.8725 0.2222 -0.4351
vn 0.8095 -0.1408 -0.5700
vn 0.8236 0.0847 -0.5609
vn 0.9493 0.1924 -0.2485
vn 0.8211 -0.1031 -0.5614
vn 0.4857 -0.7732 -0.4077
vn 0.5607 -0.7415 -0.3686
vn 0.6367 -0.7553 -0.1549
vn 0.4382 -0.7593 -0.4812
vn 0.2473 0.5377 0.8061
vn 0.1344 0.4753 0.8695
vn 0.7997 0.4558 0.3909
vn 0.6705 0.5556 0.4917
vn 0.2099 0.4622 0.8616
vn 0.3834 0.5193 0.7637
vn 0.5800 0.6051 0.5453
vn 0.4723 0.6155 0.6309
vn 0.3361 0.1519 0.9295
vn 0.1597 0.1363 0.9777
vn 0.8931 0.3711 0.2541
vn 0.7373 0.3240 0.5928
vn 0.1679 0.1413 0.9756
vn 0.2239 0.1099 0.9684
vn 0.6342 0.2849 0.7187
vn 0.5219 0.2432 0.8176
vn 0.3015 -0.5483 0.7801
vn 0.1845 -0.4572 0.8700
vn 0.9035 -0.3877 0.1826
vn 0.7830 -0.2946 0.5478
vn 0.1171 -0.4769 0.8711
vn 0.0409 -0.5681 0.8220
vn 0.6128 -0.3988 0.6822
vn 0.4682 -0.5094 0.7220
vn -0.2342 -0.5380 -0.8097
vn 0.1798 -0.2764 -0.9441
vn -0.2055 -0.4811 -0.8522
vn 0.1113 -0.4512 -0.8854
vn 0.2926 -0.5476 -0.7839
vn 0.2444 -0.5541 -0.7957
vn -0.0163 -0.4823 -0.8759
vn -0.2506 -0.3140 -0.9158
vn -0.1045 0.3140 -0.9436
vn 0.1175 0.2989 -0.9470
vn 0.0960 0.2596 -0.9609
vn 0.1190 0.1577 -0.9803
vn -0.2836 0.3190 -0.9043
vn -0.0027 -0.4617 -0.8870
vn 0.0976 -0.3538 -0.9302
vn 0.0413 -0.2544 -0.9662
vn 0.1282 -0.4573 -0.8800
vn -0.2588 -0.4122 -0.8736
vn -0.2970 0.8948 0.3334
vn -0.3440 0.6919 0.6348
vn -0.4032 0.5042 0.7637
vn -0.4428 -0.0574 0.8948
vn -0.4558 0.0116 0.8900
vn -0.7324 -0.5943 0.3321
vn -0.7570 -0.4798 0.4435
vn -0.8262 -0.5374 -0.1691
vn -0.5747 -0.5294 -0.6241
vn -0.8233 -0.4860 0.2932
vn -0.8394 -0.3371 0.4264
vn -0.9027 -0.1537 0.4020
vn -0.5476 -0.3124 -0.7763
vn -0.9038 -0.1340 0.4064
vn -0.9197 -0.2783 0.2769
vn -0.4926 0.2705 -0.8271
vn -0.3870 -0.2860 -0.8766
vn 0.1840 0.5886 -0.7872
vn -0.0191 0.9641 -0.2648
vn 0.2196 -0.0136 -0.9755
vn -0.2492 0.9073 0.3387
vn -0.3576 0.6543 0.6664
vn 0.0921 -0.6950 -0.7131
vn -0.4305 0.3826 0.8175
vn -0.4139 -0.1240 0.9018
vn -0.1384 0.9531 -0.2691
vn -0.3503 0.8794 0.3223
vn -0.4436 0.6122 0.6546
vn 0.1185 -0.2126 -0.9699
vn 0.0644 0.4890 -0.8699
vn -0.4844 0.3528 0.8006
vn -0.4679 -0.1871 0.8637
vn 0.0548 -0.7596 -0.6481
vn -0.0409 -0.2609 -0.9645
vn -0.1772 0.3363 -0.9249
vn -0.6063 0.2619 0.7509
vn -0.5704 -0.3009 0.7642
vn -0.5357 0.6262 0.5664
vn -0.0332 -0.7767 -0.6290
vn -0.3791 0.8492 -0.3675
vn -0.5048 0.8373 0.2100
vn -0.7900 0.2610 0.5547
vn -0.7013 -0.4203 0.5758
vn -0.7475 0.5706 0.3400
vn -0.1698 -0.7289 -0.6632
vn -0.3090 -0.2916 -0.9053
vn -0.4919 0.2426 -0.8361
vn -0.6410 0.6463 -0.4140
vn -0.6972 0.7166 0.0202
vn 0.5899 -0.3566 0.7245
vn 0.6005 -0.1897 0.7768
vn 0.6589 -0.3130 0.6840
vn 0.5217 -0.3023 0.7977
vn 0.1845 -0.2665 0.9460
vn -0.1026 0.1010 0.9896
vn 0.3136 -0.0700 0.9470
vn 0.6911 -0.2718 0.6697
vn 0.6574 -0.3265 0.6791
vn 0.7158 -0.2989 0.6312
vn 0.5129 -0.0777 -0.8549
vn 0.4394 0.0915 -0.8936
vn 0.6876 -0.2230 -0.6910
vn 0.6395 -0.1348 -0.7568
vn 0.6585 -0.2016 -0.7251
vn 0.5272 -0.1264 -0.8403
vn -0.5763 0.7696 0.2750
vn -0.3849 0.9217 0.0486
vn -0.5497 0.8223 -0.1468
vn -0.8973 0.4405 0.0297
vn -0.8113 0.4193 0.4073
vn -0.1477 0.9676 -0.2047
vn 0.2422 0.7632 -0.5990
vn -0.0589 0.6692 -0.7407
vn -0.3635 0.8104 -0.4595
vn 0.2642 0.1047 -0.9588
vn 0.0200 0.1160 -0.9930
vn -0.9072 -0.3971 0.1390
vn -0.9590 0.2707 0.0837
vn -0.9448 0.0153 0.3273
vn -0.3813 -0.6749 -0.6318
vn -0.5403 -0.3528 -0.7639
vn -0.6688 -0.0258 -0.7430
vn -0.8746 0.2339 -0.4246
vn -0.9218 0.3634 -0.1352
vn -0.8495 -0.3802 0.3657
vn -0.0852 0.8343 0.5447
vn 0.1918 0.5740 0.7961
vn -0.8670 0.4976 -0.0281
vn -0.6042 0.7789 0.1682
vn -0.3235 0.8803 0.3469
vn 0.3129 -0.1234 0.9417
vn -0.9857 -0.0272 -0.1666
vn 0.5504 -0.2277 0.8032
vn 0.6495 -0.3223 0.6887
vn 0.6379 -0.4412 0.6312
vn 0.0291 -0.9418 0.3350
vn -0.0951 -0.9411 0.3245
vn 0.6152 -0.4600 0.6403
vn 0.6964 -0.3776 0.6103
vn 0.3670 -0.7063 0.6053
vn 0.6380 -0.3860 0.6663
vn -0.1980 -0.4654 0.8627
vn 0.0103 -0.9736 0.2280
vn 0.0231 -0.9949 0.0986
vn -0.0844 -0.9949 0.0544
vn -0.1058 -0.9832 0.1490
vn -0.0187 -0.9989 0.0420
vn -0.1185 -0.9559 0.2689
vn -0.0351 -0.9729 0.2285
vn 0.6412 -0.0964 -0.7613
vn 0.5796 0.7021 0.4136
vn 0.7950 0.6066 0.0068
vn -0.1282 0.3633 0.9228
vn 0.0885 0.1465 0.9852
vn 0.2944 0.5837 0.7567
vn -0.1988 -0.3236 0.9251
vn 0.0152 -0.5154 0.8568
vn 0.9193 0.3003 -0.2545
vn 0.9065 -0.2651 -0.3285
vn 0.6342 0.2948 0.7148
vn 0.8365 0.2929 0.4631
vn 0.4476 -0.6444 0.6200
vn 0.6142 -0.1626 0.7722
vn 0.9621 0.2117 0.1716
vn 0.9951 -0.0953 0.0266
vn 0.8741 -0.4850 -0.0276
vn 0.9160 -0.2148 0.3389
vn 0.7405 -0.6447 0.1896
vn 0.1461 -0.1904 -0.9708
vn 0.2749 0.4187 -0.8655
vn 0.5475 0.2667 -0.7931
vn 0.4176 -0.2260 -0.8801
vn 0.3076 -0.6782 -0.6674
vn 0.0268 -0.6633 -0.7479
vn -0.0388 -0.6226 -0.7816
vn -0.0034 -0.6277 -0.7785
vn 0.5339 0.4805 0.6958
vn 0.7797 0.3993 0.4823
vn 0.8503 0.4736 0.2295
vn 0.4623 0.0741 0.8836
vn 0.7930 0.1053 0.6001
vn 0.8146 0.1910 -0.5477
vn 0.7618 -0.1936 -0.6182
vn 0.3411 -0.5353 0.7727
vn 0.8835 -0.2997 0.3599
vn 0.9107 0.3760 -0.1711
vn 0.7618 -0.5498 -0.3426
vn 0.9982 0.0144 -0.0582
vn 0.9334 -0.1172 -0.3391
vn 0.9613 0.1583 0.2255
vn 0.9257 -0.3780 -0.0161
vn -0.6026 0.5534 0.5751
vn -0.3745 0.4823 0.7919
vn -0.9320 -0.3411 0.1222
vn -0.9580 0.1442 0.2478
vn -0.0818 0.3078 0.9479
vn 0.0119 -0.3381 0.9410
vn -0.7969 0.4404 0.4136
vn -0.7680 -0.1849 0.6132
vn -0.5346 -0.2514 0.8068
vn -0.8446 -0.3842 0.3728
vn -0.2558 -0.4234 0.8691
vn 0.4116 -0.7843 0.4642
vn 0.3422 -0.8089 0.4781
vn 0.4110 -0.8218 0.3947
vn 0.5310 -0.7848 0.3196
vn 0.3622 -0.6713 0.6467
vn 0.4337 -0.8699 0.2349
vn -0.0287 -0.8981 0.4389
vn 0.0266 -0.9679 0.2501
vn 0.0169 -0.9864 0.1637
vn 0.0791 -0.9842 0.1582
vn 0.2473 -0.9682 -0.0375
vn 0.2477 -0.9629 -0.1068
vn -0.0994 -0.9580 0.2689
vn -0.0899 -0.9960 0.0013
vn -0.0687 -0.9974 0.0217
vn -0.0031 -0.9997 -0.0249
vn -0.0280 -0.9992 -0.0273
vn -0.0587 -0.9979 -0.0283
vn -0.1082 -0.9940 -0.0172
vn -0.0153 -0.9993 -0.0340
vn -0.0294 -0.9984 -0.0473
vn -0.1030 -0.9946 -0.0109
vn -0.0165 -0.9988 -0.0452
vn 0.1287 -0.9902 0.0538
vn 0.2920 -0.9536 0.0739
vn 0.1505 -0.9718 0.1817
vn -0.0490 -0.9918 -0.1183
vn -0.0143 -0.9974 -0.0705
vn 0.4010 -0.7907 -0.4625
vn 0.4865 -0.8459 -0.2183
vn -0.0613 -0.9949 -0.0802
vn -0.0404 -0.9987 0.0304
vn -0.0674 -0.9941 0.0854
vn -0.0941 -0.9956 -0.0041
vn -0.0153 -0.9990 -0.0420
vn 0.1009 -0.9936 -0.0499
vn -0.0308 -0.9986 -0.0428
vn 0.2766 -0.7840 -0.5557
vn 0.3757 -0.6473 -0.6632
vn 0.0553 -0.9870 0.1506
vn -0.0773 -0.9896 -0.1210
vn 0.0455 -0.9696 -0.2404
vn -0.0408 -0.9699 -0.2399
vn -0.0936 -0.9770 -0.1916
vn -0.0441 -0.9865 -0.1577
vn -0.0309 -0.9791 -0.2012
vn 0.0083 -0.9897 -0.1430
vn 0.0743 -0.9203 -0.3842
vn 0.0539 -0.9857 -0.1597
vn -0.1161 -0.9356 -0.3333
vn -0.0523 -0.9576 -0.2834
vn -0.4302 -0.8865 0.1703
vn -0.3760 -0.9217 0.0951
vn -0.2276 -0.9705 -0.0792
vn -0.1145 -0.9714 -0.2082
vn -0.0570 -0.9837 -0.1703
vn -0.0156 -0.9999 -0.0071
vn -0.1894 -0.9784 0.0826
vn -0.1927 -0.9762 0.0991
vn -0.2740 -0.9560 0.1054
vn -0.3742 -0.9260 0.0494
vn -0.2008 -0.9627 0.1811
vn -0.1288 -0.9852 0.1134
vn -0.0880 -0.9920 0.0904
vn -0.3993 -0.9089 -0.1202
vn -0.7383 -0.4585 -0.4947
vn -0.7115 -0.4517 -0.5383
vn -0.3748 -0.8913 -0.2553
vn -0.6142 -0.6748 -0.4091
vn -0.6935 -0.6228 -0.3622
vn -0.3270 -0.7794 0.5344
vn -0.1705 -0.7617 0.6251
vn -0.6860 -0.7253 -0.0585
vn -0.6405 -0.7637 0.0805
vn -0.5566 -0.7033 0.4422
vn -0.4116 -0.7529 0.5135
vn -0.5852 -0.7643 0.2708
vn -0.7189 -0.6623 -0.2110
vn 0.0410 -0.7741 0.6317
vn -0.3992 -0.9014 -0.1675
vn -0.3248 -0.9450 -0.0390
vn -0.3583 -0.9335 -0.0097
vn -0.4608 -0.8828 0.0914
vn -0.3051 -0.9513 0.0448
vn 0.0004 -0.8326 -0.5539
vn 0.0764 -0.9103 -0.4068
vn 0.0068 -0.9759 -0.2180
vn 0.0111 -0.9244 -0.3812
vn 0.0017 -1.0000 -0.0004
vn 0.0403 -0.9975 -0.0580
vn -0.4056 -0.1976 0.8924
vn -0.3954 0.4591 0.7955
vn -0.4346 0.0315 0.9001
vn -0.3475 0.7580 0.5519
vn -0.4325 0.7115 0.5539
vn -0.5838 0.2485 0.7729
vn -0.2918 0.5120 0.8079
vn -0.2836 0.7262 0.6263
vn -0.1751 0.6631 0.7277
vn -0.5432 0.6497 0.5318
vn -0.1974 0.8821 0.4276
vn -0.2553 0.9158 0.3102
vn -0.2375 0.8047 0.5441
vn -0.1849 0.8801 0.4372
vn -0.5723 0.6402 0.5125
vn -0.1976 0.8789 0.4342
vn -0.8612 0.4150 0.2936
vn -0.6533 0.6887 -0.3145
vn -0.8272 0.4715 -0.3057
vn -0.9779 0.2069 -0.0288
vn -0.9668 0.2387 0.0916
vn -0.9183 0.0421 0.3936
vn -0.8562 0.0480 0.5144
vn -0.6531 -0.0880 0.7521
vn 0.9908 0.1018 0.0894
vn 0.7065 0.0803 0.7031
vn 0.8927 0.1010 -0.4392
vn 0.4696 0.0246 -0.8825
vn -0.7670 -0.0873 -0.6356
vn -0.2124 -0.0712 -0.9746
vn -0.9997 -0.0238 0.0030
vn -0.8250 0.0209 0.5647
vn -0.3605 0.0499 0.9314
vn 0.1970 0.0577 0.9787
vn -0.7538 0.5225 0.3985
vn -0.4839 0.6173 0.6204
vn 0.1752 0.8908 0.4194
vn -0.0119 0.8561 0.5167
vn 0.5669 0.7776 -0.2719
vn 0.4037 0.8813 0.2459
vn 0.4016 0.6380 0.6571
vn 0.2374 0.5742 0.7836
vn 0.7359 0.6708 -0.0918
vn 0.6024 0.6887 0.4036
vn 0.6834 0.4122 -0.6025
vn 0.7124 0.5645 -0.4170
vn 0.4787 0.2890 -0.8290
vn 0.7832 0.5451 -0.2992
vn 0.8056 0.5883 0.0708
vn -0.0642 0.2928 0.9540
vn -0.1419 0.4455 0.8840
vn 0.3814 0.3642 0.8496
vn -0.5556 0.1315 0.8210
vn -0.8190 -0.0923 0.5664
vn -0.7947 -0.1425 0.5900
vn -0.4639 0.0004 0.8859
vn 0.9883 0.1251 0.0868
vn 0.7407 0.1594 0.6526
vn -0.3801 0.1140 0.9179
vn -0.8446 0.0720 0.5305
vn -0.7577 -0.0504 -0.6506
vn -0.0965 -0.0643 -0.9933
vn 0.0750 0.1006 0.9921
vn -0.4159 -0.0629 0.9072
vn -0.7904 -0.1455 0.5950
vn 0.5681 0.4437 0.6931
vn 0.7032 0.5313 0.4724
vn 0.5770 0.0081 -0.8167
vn -0.9990 0.0108 -0.0431
vn 0.1978 0.1494 0.9688
vn 0.9174 0.0688 -0.3920
vn 0.2176 0.2477 0.9441
vn -0.3536 0.2113 0.9112
vn -0.7643 -0.0030 -0.6449
vn -0.0809 -0.0454 -0.9957
vn 0.6945 0.2195 0.6852
vn -0.8514 0.1403 0.5053
vn -0.9951 0.0664 -0.0727
vn 0.5813 -0.0393 -0.8127
vn 0.9227 0.0528 -0.3818
vn 0.9762 0.1262 0.1766
vn -0.7826 -0.1164 -0.6115
vn -0.1306 -0.1122 -0.9851
vn 0.6697 0.2547 0.6976
vn 0.2378 0.2614 0.9355
vn -0.8250 0.1195 0.5524
vn -0.9988 -0.0079 -0.0477
vn 0.5643 -0.0170 -0.8254
vn 0.9155 0.0884 -0.3925
vn -0.3260 0.2326 0.9163
vn 0.9663 0.1868 0.1771
vn 0.6614 0.2907 0.6914
vn 0.2359 0.2769 0.9315
vn -0.8289 0.0429 0.5578
vn -0.9924 -0.0726 0.0990
vn -0.1969 -0.1576 -0.9677
vn 0.6308 -0.0063 -0.7759
vn 0.9269 0.1426 -0.3471
vn -0.3194 0.1951 0.9273
vn 0.9508 0.2515 0.1808
vn -0.8120 -0.1738 -0.5572
vn -0.7665 0.0946 0.6352
vn -0.9945 -0.0280 0.1010
vn -0.2495 -0.1324 -0.9593
vn 0.5533 -0.0976 -0.8272
vn 0.9659 0.0299 -0.2571
vn -0.3339 0.1979 0.9216
vn 0.9672 0.1611 0.1962
vn 0.6315 0.2438 0.7360
vn -0.8020 -0.1044 -0.5881
vn 0.2272 0.2769 0.9337
vn 0.4583 -0.1119 -0.8817
vn 0.9725 0.0196 -0.2321
vn -0.3237 0.2517 0.9121
vn -0.7903 0.1487 0.5944
vn 0.9269 0.1521 0.3430
vn 0.6246 0.2247 0.7479
vn -0.9938 -0.0047 -0.1115
vn -0.7534 -0.1041 -0.6493
vn 0.1879 0.2859 0.9397
vn -0.2834 -0.1469 -0.9477
vn -0.3218 0.2462 0.9142
vn -0.8031 0.1392 0.5794
vn 0.9296 0.1884 0.3168
vn 0.6754 0.2488 0.6942
vn -0.9795 -0.0581 -0.1931
vn -0.6398 -0.1809 -0.7470
vn 0.9388 0.0817 -0.3347
vn 0.1435 0.2619 0.9544
vn -0.0854 -0.1244 -0.9886
vn 0.4462 -0.0612 -0.8928
vn 0.8741 0.4601 0.1559
vn 0.7633 0.4321 0.4803
vn 0.1755 0.1057 -0.9788
vn 0.5768 0.2614 -0.7739
vn -0.8036 -0.1077 0.5854
vn -0.9934 -0.1038 -0.0497
vn 0.8724 0.4311 -0.2305
vn -0.2025 0.0010 -0.9793
vn -0.3234 0.0208 0.9460
vn 0.5996 0.3601 0.7147
vn 0.2045 0.1925 0.9598
vn 0.7457 0.3413 -0.5722
vn -0.5585 -0.0586 -0.8274
vn 0.4159 0.2871 0.8629
vn 0.2157 -0.1116 -0.9701
vn 0.6792 0.1006 -0.7270
vn -0.2032 -0.1231 -0.9714
vn 0.9250 0.2712 -0.2660
vn 0.9260 0.3426 0.1586
vn -0.9809 -0.0487 -0.1881
vn -0.5898 -0.1129 -0.7996
vn -0.8741 0.0505 0.4831
vn 0.5329 0.3070 0.7885
vn 0.4076 0.2598 0.8754
vn -0.3965 0.1408 0.9072
vn 0.7979 0.3358 0.5007
vn 0.2421 0.2134 0.9465
vn 0.8129 0.1214 -0.5697
vn -0.9761 0.0619 -0.2083
vn -0.5859 -0.0014 -0.8104
vn -0.8760 0.1491 0.4587
vn 0.5925 0.1115 0.7978
vn 0.5377 0.0554 0.8413
vn -0.3730 0.1692 0.9123
vn 0.9743 0.1663 0.1520
vn 0.8289 0.1875 0.5270
vn 0.2130 0.1347 0.9677
vn 0.7070 0.0159 -0.7070
vn 0.8525 0.0416 -0.5210
vn 0.9657 0.0792 -0.2474
vn -0.1009 0.0391 -0.9941
vn 0.3037 0.0519 -0.9513
vn -0.4249 0.0310 0.9047
vn -0.8935 0.0541 0.4458
vn 0.9673 0.1370 0.2133
vn 0.8934 0.1628 0.4187
vn 0.1778 0.0502 0.9828
vn 0.7478 0.0622 0.6610
vn 0.5678 0.0646 0.8206
vn 0.6514 0.1925 -0.7339
vn 0.8435 0.1495 -0.5159
vn 0.9845 0.1586 -0.0744
vn -0.5918 0.1394 -0.7940
vn 0.0030 0.1484 -0.9889
vn 0.3952 0.1797 -0.9009
vn -0.9757 0.1197 -0.1837
vn 0.4803 0.0761 0.8738
vn 0.0476 -0.0072 0.9988
vn 0.6493 0.1593 -0.7436
vn 0.9225 0.1596 -0.3513
vn 0.9875 0.1551 0.0269
vn -0.5273 0.1379 -0.8384
vn 0.1374 0.1374 -0.9809
vn 0.4415 0.1553 -0.8837
vn 0.9350 0.2042 0.2898
vn -0.9536 0.0720 -0.2924
vn -0.9308 0.0024 0.3656
vn 0.8698 0.1569 0.4678
vn -0.4206 0.0007 0.9072
vn 0.9415 0.1810 0.2842
vn 0.8932 0.1907 -0.4073
vn 0.9862 0.1478 0.0740
vn -0.4541 0.0623 -0.8888
vn 0.0947 0.1345 -0.9864
vn 0.4759 0.1663 -0.8636
vn 0.6529 0.1844 -0.7346
vn 0.9531 0.0868 0.2900
vn -0.9209 -0.0063 -0.3898
vn -0.9425 -0.0054 0.3342
vn 0.9022 0.0528 0.4280
vn 0.5587 0.0056 0.8294
vn -0.5058 -0.0110 0.8626
vn 0.9536 0.0789 0.2904
vn 0.0015 -0.0159 0.9999
vn 0.0907 0.0822 -0.9925
vn 0.4938 0.0540 -0.8679
vn 0.9886 0.1344 -0.0683
vn 0.9831 0.0841 0.1628
vn -0.8972 0.0441 -0.4393
vn -0.4061 0.0751 -0.9108
vn -0.9758 0.0233 0.2175
vn 0.8998 0.0886 0.4271
vn 0.6367 0.1111 0.7630
vn -0.6357 0.0373 0.7710
vn 0.9697 0.0989 0.2235
vn 0.0381 0.0702 0.9968
vn 0.6390 0.1210 -0.7597
vn 0.8325 0.1095 -0.5431
vn -0.9895 0.1385 -0.0416
vn -0.8172 0.1045 -0.5667
vn 0.8327 0.1130 0.5421
vn 0.5919 0.1339 0.7948
vn -0.6754 0.1631 0.7192
vn 0.9944 0.0239 0.1028
vn 0.9708 0.0807 0.2258
vn 0.0836 0.1615 0.9833
vn 0.6496 -0.0764 -0.7564
vn 0.8626 -0.0713 -0.5008
vn 0.9936 0.0320 -0.1079
vn -0.3419 0.0578 -0.9380
vn 0.1569 -0.0327 -0.9871
vn 0.5508 -0.0739 -0.8314
vn 0.1543 0.1915 0.9693
vn -0.7219 0.2031 0.6615
vn 0.8579 0.0843 0.5068
vn 0.5957 0.1474 0.7895
vn 0.6890 -0.0645 -0.7219
vn 0.8741 -0.0407 -0.4841
vn 0.9971 -0.0194 -0.0734
vn -0.2640 -0.0680 -0.9621
vn 0.2513 -0.0793 -0.9647
vn 0.5497 -0.0656 -0.8328
vn 0.9882 0.0278 0.1505
vn -0.7335 0.0424 -0.6784
vn -0.9862 0.1144 -0.1198
vn 0.6493 -0.0276 -0.7601
vn 0.8676 -0.0014 -0.4973
vn 0.9901 0.0129 -0.1396
vn -0.2690 -0.0210 -0.9629
vn 0.3206 -0.0453 -0.9461
vn 0.7177 -0.0649 -0.6933
vn 0.9961 0.0243 0.0845
vn -0.7265 0.0685 -0.6837
vn -0.9787 0.1420 -0.1485
vn 0.7405 0.0494 0.6703
vn 0.4784 0.0982 0.8726
vn -0.7011 0.1740 0.6915
vn 0.9342 0.0203 0.3562
vn 0.0444 0.1678 0.9848
vn -0.2709 0.1199 -0.9551
vn 0.3778 0.0474 -0.9247
vn 0.8555 -0.0238 -0.5172
vn 0.9798 -0.0401 -0.1958
vn 0.9984 -0.0354 -0.0444
vn -0.7147 0.1670 -0.6792
vn -0.9791 0.1645 -0.1193
vn 0.8926 0.0438 0.4487
vn 0.4043 0.0865 0.9105
vn -0.7601 0.1902 0.6214
vn -0.1881 0.1608 0.9689
vn 0.9727 -0.0891 -0.2144
vn 0.9672 -0.0622 -0.2463
vn 0.9851 -0.0440 0.1665
vn 0.9984 -0.0557 0.0113
vn -0.3058 0.0049 -0.9521
vn -0.7009 0.0597 -0.7108
vn -0.7027 0.0728 -0.7078
vn -0.3570 0.0105 -0.9340
vn -0.9772 0.1738 -0.1222
vn -0.9910 0.1306 0.0293
vn 0.2144 0.1957 0.9570
vn 0.8355 0.0512 0.5471
vn 0.7574 -0.0036 0.6530
vn 0.1297 0.0303 0.9911
vn -0.7904 0.2937 0.5376
vn -0.7435 0.1579 0.6499
vn -0.3814 0.2836 0.8799
vn -0.4132 0.1078 0.9042
vn 0.6569 -0.0936 -0.7482
vn 0.7893 -0.0512 -0.6118
vn 0.8735 -0.0929 -0.4779
vn 0.2961 -0.0448 -0.9541
vn 0.2137 -0.0756 -0.9740
vn 0.9657 0.1887 0.1782
vn 0.6984 0.2441 0.6728
vn -0.9923 0.0066 -0.1238
vn -0.5976 -0.1071 -0.7946
vn 0.9049 0.0818 -0.4177
vn 0.2052 0.2985 0.9321
vn -0.2589 0.2540 0.9319
vn 0.0834 -0.1151 -0.9899
vn -0.7173 0.1770 0.6739
vn 0.5855 -0.0256 -0.8103
vn 0.4835 0.3344 0.8089
vn -0.0269 0.3317 0.9430
vn -0.5847 -0.1779 -0.7915
vn 0.3616 -0.0944 -0.9275
vn 0.9180 0.2296 0.3234
vn -0.5870 0.2435 0.7721
vn -0.9988 0.0430 0.0252
vn 0.8129 -0.0322 -0.5816
vn -0.5041 -0.1837 -0.8439
vn 0.4537 -0.0690 -0.8885
vn 0.9403 0.1885 0.2834
vn 0.1546 0.2641 0.9520
vn -0.6388 0.0903 0.7641
vn -0.9941 -0.0860 -0.0654
vn 0.8669 0.0657 -0.4941
vn 0.6891 0.0803 -0.7202
vn 0.9957 -0.0095 -0.0922
vn 0.3970 -0.0284 0.9174
vn 0.0248 -0.0337 0.9991
vn -0.3991 0.1727 -0.9005
vn -0.1034 0.1678 -0.9804
vn 0.2420 0.1194 -0.9629
vn -0.5755 -0.0185 0.8176
vn 0.8579 -0.0220 0.5134
vn 0.6727 -0.0363 0.7390
vn -0.9896 0.0288 0.1412
vn -0.8080 0.1020 -0.5803
vn 0.5035 0.2111 -0.8378
vn 0.9866 0.1559 -0.0484
vn 0.4275 0.0030 0.9040
vn 0.0254 -0.0052 0.9997
vn -0.3689 0.1627 -0.9151
vn -0.0141 0.1981 -0.9801
vn -0.5310 0.0057 0.8474
vn 0.7327 0.0440 0.6791
vn -0.9913 0.0395 0.1252
vn -0.7742 0.1171 -0.6220
vn 0.5572 0.1645 -0.8140
vn 0.9205 0.1736 -0.3499
vn 0.3742 -0.0403 0.9265
vn -0.5342 0.1292 -0.8354
vn 0.0421 0.1335 -0.9902
vn -0.3816 0.0113 0.9242
vn 0.9903 0.1236 0.0640
vn 0.8485 0.0155 0.5289
vn -0.9127 0.0704 0.4025
vn -0.9575 0.1102 -0.2666
vn 0.9231 0.3758 -0.0818
vn 0.7114 0.3822 -0.5897
vn 0.3747 0.8956 -0.2399
vn 0.6116 0.7870 0.0815
vn -0.9974 0.0719 -0.0044
vn -0.6751 0.1189 -0.7280
vn 0.6242 0.1613 -0.7644
vn 0.8185 0.0469 0.5725
vn 0.3429 0.0484 0.9381
vn -0.0048 0.1427 -0.9898
vn -0.2687 0.0312 0.9627
vn 0.9867 0.1318 -0.0952
vn -0.7694 0.0419 0.6373
vn 0.9830 0.1750 -0.0550
vn 0.8325 0.1649 0.5289
vn 0.1320 0.2404 0.9617
vn -0.6414 0.0670 0.7643
vn -0.9938 -0.1030 -0.0418
vn 0.5712 -0.0037 -0.8208
vn 0.9393 0.2083 -0.2725
vn 0.8676 0.3464 0.3568
vn -0.5580 -0.2072 -0.8035
vn 0.3428 0.2984 0.8908
vn -0.5425 0.1212 0.8313
vn -0.6153 -0.1870 -0.7658
vn 0.5044 -0.0518 -0.8619
vn 0.9825 0.1617 -0.0921
vn -0.9893 -0.1045 0.1015
vn 0.8469 0.3327 0.4147
vn 0.8701 0.2153 0.4433
vn 0.4298 0.2655 0.8630
vn -0.9869 -0.0123 0.1610
vn -0.6627 -0.1396 -0.7357
vn 0.9792 0.0774 -0.1875
vn -0.3930 0.1801 0.9017
vn 0.3121 -0.1007 -0.9447
vn -0.6406 -0.1447 -0.7541
vn 0.2568 -0.0405 -0.9656
vn 0.9524 0.1172 -0.2814
vn -0.3918 0.1870 0.9008
vn -0.9979 -0.0572 0.0297
vn 0.8500 0.2396 0.4692
vn 0.4661 0.2596 0.8458
vn 0.8978 0.2060 -0.3894
vn 0.8609 0.2507 0.4427
vn 0.4027 0.2465 0.8815
vn -0.5217 0.1372 0.8420
vn -0.6270 -0.0836 -0.7745
vn 0.2073 0.0654 -0.9761
vn -0.9987 -0.0510 0.0095
vn 0.3744 0.1549 0.9142
vn -0.2336 0.1041 0.9668
vn -0.9830 0.1749 -0.0549
vn -0.6860 0.2092 -0.6969
vn 0.6301 0.1932 -0.7521
vn -0.7871 0.1050 0.6079
vn -0.0856 0.2073 -0.9745
vn -0.5911 0.4270 -0.6843
vn -0.0416 0.4088 -0.9117
vn -0.9093 0.3919 -0.1402
vn 0.8030 0.2121 0.5570
vn 0.4700 0.1899 0.8620
vn -0.7436 0.3013 0.5970
vn 0.6494 0.3548 -0.6726
vn -0.1105 0.2509 0.9617
vn 0.9661 0.2582 0.0100
vn -0.0692 0.6963 -0.7144
vn 0.7575 0.5830 0.2939
vn -0.0620 0.5473 0.8346
vn 0.5743 0.6020 -0.5549
vn -0.7091 0.6129 -0.3487
vn -0.7691 0.5446 0.3345
vn 0.1592 0.9227 -0.3512
vn 0.4226 0.9049 0.0512
vn -0.1522 0.8956 0.4181
vn -0.4759 0.8795 -0.0035
vn -0.0419 0.8646 -0.5006
vn -0.4395 0.8049 -0.3987
vn 0.6441 -0.0044 0.7650
vn 0.0841 -0.0324 0.9959
vn -0.3529 -0.0739 0.9327
vn -0.9967 0.0636 0.0509
vn -0.7415 0.1635 -0.6508
vn -0.3933 0.1892 -0.8998
vn 0.2544 0.1886 -0.9485
vn -0.6742 -0.0785 0.7344
vn 0.9218 0.0061 0.3876
vn 0.8101 0.1009 -0.5775
vn 0.9931 0.0149 -0.1166
vn -0.3023 -0.0146 0.9531
vn -0.7014 0.0164 0.7126
vn 0.7520 0.1117 -0.6497
vn 0.9844 0.0398 -0.1714
vn 0.9084 -0.0089 0.4180
vn 0.5936 -0.0009 0.8047
vn -0.2811 0.1737 -0.9438
vn 0.2986 0.1875 -0.9358
vn 0.1305 -0.0165 0.9913
vn -0.9943 0.1034 0.0266
vn -0.7147 0.1516 -0.6828
vn -0.7232 0.2100 -0.6579
vn -0.2008 0.1742 -0.9640
vn 0.3355 0.1427 -0.9312
vn 0.7130 0.1126 -0.6921
vn -0.7367 0.1353 0.6625
vn -0.9782 0.2034 0.0417
vn 0.6059 -0.0020 0.7955
vn 0.1622 0.0133 0.9867
vn 0.9723 0.0742 -0.2217
vn 0.9016 0.0302 0.4315
vn -0.3239 0.0648 0.9439
vn 0.7403 0.1862 -0.6460
vn 0.9657 0.2131 -0.1481
vn 0.8520 0.1654 0.4967
vn 0.5285 0.1558 0.8345
vn -0.2502 0.2647 -0.9313
vn 0.3360 0.2101 -0.9181
vn 0.2074 0.1584 0.9653
vn -0.3046 0.1948 0.9324
vn -0.9415 0.3153 0.1188
vn -0.7645 0.3246 -0.5570
vn -0.7571 0.2547 0.6016
vn 0.3858 0.3239 -0.8638
vn -0.7333 0.4208 0.5341
vn -0.8614 0.4934 0.1206
vn 0.6004 0.3509 0.7186
vn 0.3260 0.3660 0.8717
vn 0.7785 0.3975 0.4857
vn -0.3162 0.4113 0.8549
vn -0.2480 0.4203 -0.8729
vn -0.7158 0.5278 -0.4572
vn 0.4475 0.6525 0.6116
vn -0.1503 0.8605 -0.4867
vn -0.1699 0.6900 0.7036
vn -0.5538 0.8171 0.1600
vn -0.2945 0.8673 0.4014
vn 0.8396 0.4191 -0.3456
vn 0.8313 0.3893 0.3968
vn 0.3270 0.3611 0.8733
vn -0.5068 0.2399 0.8280
vn -0.5358 0.0756 -0.8409
vn 0.2785 0.2972 -0.9133
vn -0.9997 0.0225 -0.0137
vn 0.3632 0.6734 0.6439
vn -0.4325 0.5010 0.7496
vn -0.5088 0.4439 -0.7376
vn 0.3172 0.5861 -0.7456
vn 0.7059 0.6996 -0.1109
vn -0.9100 0.4123 0.0443
vn 0.0709 0.9660 0.2485
vn -0.1885 0.8809 0.4341
vn -0.4996 0.8648 0.0494
vn -0.1253 0.9405 -0.3159
vn 0.3782 0.9249 -0.0382
vn 0.0985 0.8763 -0.4716
vn -0.8212 -0.2966 -0.4875
vn -0.9668 -0.1386 -0.2147
vn -0.9894 -0.1406 0.0364
vn -0.5996 -0.6449 -0.4740
vn -0.8196 -0.5431 -0.1824
vn -0.8252 -0.5612 0.0644
vn 0.6435 -0.6797 -0.3520
vn 0.5298 -0.6803 -0.5065
vn 0.5342 -0.6045 -0.5910
vn 0.5339 -0.4999 -0.6820
vn 0.4666 -0.7157 -0.5197
vn 0.5313 -0.4733 -0.7026
vn 0.4998 -0.4042 -0.7660
vn -0.3482 -0.5636 0.7491
vn -0.2792 -0.7022 0.6549
vn 0.0077 -0.9112 0.4119
vn 0.3271 -0.9158 0.2332
vn -0.1121 -0.8890 0.4440
vn -0.1015 -0.8607 0.4990
vn -0.1094 -0.8810 0.4602
vn 0.4872 -0.8732 0.0157
vn 0.5914 -0.7924 -0.1493
vn -0.0422 -0.9040 0.4255
vn -0.1834 -0.8504 0.4931
vn -0.3012 -0.5287 0.7935
vn -0.1584 -0.8892 0.4292
vn -0.1595 -0.4338 0.8868
vn 0.0651 -0.9977 0.0191
vn 0.0601 -0.9970 0.0478
vn -0.1695 -0.9598 0.2239
vn 0.0057 -0.9893 0.1458
vn -0.0013 -0.9996 0.0297
vn -0.2689 -0.8903 0.3675
vn 0.0730 -0.9973 -0.0070
vn 0.0300 -0.9990 -0.0343
vn -0.2807 -0.8808 0.3813
vn 0.3063 -0.9269 -0.2167
vn 0.3412 -0.8733 -0.3478
vn 0.2393 -0.9649 -0.1083
vn 0.1262 -0.9903 0.0578
vn 0.3988 -0.8062 -0.4370
vn 0.3807 -0.8403 -0.3860
vn 0.3858 -0.8468 -0.3661
vn 0.3001 -0.8725 -0.3855
vn 0.3337 -0.8891 -0.3133
vn 0.1086 -0.9579 -0.2656
vn 0.0491 -0.9960 0.0742
vn 0.0912 -0.9948 0.0456
vn 0.1923 -0.9628 -0.1897
vn 0.2179 -0.9575 -0.1890
vn 0.0994 -0.9917 -0.0814
vn 0.0778 -0.9949 -0.0637
vn 0.1943 -0.9720 -0.1320
vn 0.1646 -0.9856 -0.0385
vn 0.0644 -0.9979 -0.0006
vn 0.0825 -0.9944 -0.0664
vn 0.2242 -0.9540 -0.1990
vn 0.1190 -0.9927 0.0194
vn 0.0590 -0.9960 -0.0673
vn 0.0675 -0.9914 -0.1117
vn 0.2131 -0.9338 -0.2873
vn 0.1031 -0.9825 -0.1551
vn -0.1023 -0.9921 0.0731
vn 0.1437 -0.9708 -0.1921
vn -0.1634 -0.9799 0.1143
vn 0.1311 -0.9880 -0.0816
vn 0.0268 -0.9996 -0.0083
vn -0.0507 -0.9982 -0.0319
vn -0.0404 -0.9982 -0.0443
vn 0.0937 -0.9826 -0.1607
vn -0.0335 -0.9984 -0.0455
vn 0.0464 -0.9620 -0.2691
vn -0.0382 -0.9992 0.0070
vn -0.1579 -0.9488 0.2737
vn -0.1415 -0.9890 0.0435
vn -0.0521 -0.9981 -0.0330
vn -0.0626 -0.9977 -0.0252
vn -0.0623 -0.9977 -0.0268
vn -0.0889 -0.9953 -0.0395
vn -0.0604 -0.9981 0.0090
vn -0.3659 -0.9306 -0.0122
vn -0.3619 -0.9277 0.0916
vn -0.4032 -0.8778 -0.2586
vn -0.4183 -0.8805 -0.2232
vn -0.0141 -0.9840 -0.1778
vn -0.2186 -0.9404 -0.2604
vn -0.3551 -0.9283 -0.1105
vn -0.1828 -0.9729 -0.1416
vn -0.2581 -0.9641 -0.0627
vn 0.0533 -0.9848 -0.1652
vn -0.0345 -0.9786 -0.2027
vn -0.2103 -0.9776 0.0001
vn -0.2335 -0.9713 0.0454
vn -0.2984 -0.9447 0.1359
vn -0.1883 -0.9818 0.0263
vn -0.1121 -0.9932 -0.0308
vn -0.2098 -0.9765 0.0503
vn 0.0531 -0.9855 -0.1614
vn -0.2242 -0.9581 0.1781
vn 0.1459 -0.9565 -0.2527
vn -0.3644 -0.9182 0.1549
vn -0.3685 -0.8955 0.2496
vn -0.2943 -0.8731 0.3888
vn -0.1490 -0.8994 0.4109
vn -0.3506 -0.8771 0.3283
vn -0.3492 -0.9184 0.1862
vn -0.3274 -0.9166 0.2297
vn -0.2496 -0.9351 0.2517
vn -0.2741 -0.8787 0.3909
vn -0.1605 -0.8685 0.4690
vn -0.1540 -0.8451 0.5120
vn -0.2178 -0.8016 0.5567
vn -0.1869 -0.8022 0.5670
vn -0.1227 -0.9232 0.3642
vn -0.1375 -0.9673 0.2131
vn -0.3442 -0.8934 0.2888
vn -0.0375 -0.9790 0.2003
vn 0.0178 -0.9662 0.2571
vn -0.0540 -0.9976 0.0443
vn -0.0555 -0.9984 0.0113
vn -0.0993 -0.9906 0.0942
vn -0.0257 -0.9957 0.0891
vn 0.0843 -0.9940 0.0698
vn 0.0071 -0.9943 0.1064
vn 0.0332 -0.9878 0.1522
vn -0.0022 -0.9992 -0.0398
vn 0.0269 -0.9994 0.0217
vn -0.0664 -0.9932 0.0956
vn 0.0125 -0.9920 0.1255
vn 0.0028 -0.9784 0.2067
vn -0.4397 -0.8942 0.0844
vn -0.5237 -0.8162 0.2442
vn -0.2116 -0.8759 -0.4336
vn -0.3726 -0.8828 -0.2860
vn -0.4976 -0.8625 -0.0916
vn -0.0057 -0.9847 -0.1740
vn -0.0045 -0.9962 -0.0871
vn -0.1747 -0.9845 0.0172
vn -0.0073 -0.9910 -0.1335
vn 0.3220 -0.7954 -0.5135
vn 0.4120 -0.7831 -0.4658
vn 0.3359 -0.7373 -0.5862
vn 0.2213 -0.6640 -0.7143
vn 0.1043 -0.5460 -0.8313
vn 0.3713 -0.7779 -0.5070
vn 0.0028 -0.5353 -0.8447
vn -0.1005 -0.7747 -0.6242
vn -0.1635 -0.7671 -0.6203
vn 0.1039 -0.9252 -0.3650
vn -0.0000 -0.8606 -0.5092
vn 0.1183 -0.9716 -0.2051
vn 0.1700 -0.9672 -0.1886
vn 0.0861 -0.9560 -0.2803
vn -0.2026 -0.9781 -0.0477
vn -0.0772 -0.9970 0.0016
vn -0.0461 -0.9988 -0.0182
vn -0.1077 -0.9912 -0.0773
vn 0.0204 -0.9994 -0.0270
vn -0.2499 -0.8845 -0.3939
vn -0.1286 -0.9780 -0.1645
vn -0.1340 -0.9884 -0.0715
vn -0.1957 -0.9743 -0.1114
vn 0.0273 -0.9986 -0.0463
vn -0.3033 0.1346 -0.9434
vn -0.1320 -0.4679 -0.8739
vn -0.2434 -0.5231 -0.8167
vn -0.5783 0.3656 -0.7293
vn -0.9507 -0.2856 -0.1207
vn -0.8731 0.4050 -0.2715
vn -0.8339 -0.2760 -0.4779
vn -0.7552 0.4932 -0.4317
vn -0.1897 -0.7739 -0.6042
vn -0.2495 -0.7316 -0.6345
vn -0.4953 -0.3201 -0.8076
vn -0.7232 -0.1896 -0.6641
vn -0.4174 -0.6685 -0.6155
vn -0.4982 -0.6961 -0.5170
vn -0.4938 -0.7558 -0.4300
vn -0.4935 -0.8333 -0.2489
vn 0.0050 -0.9365 -0.3506
vn -0.0430 -0.9512 -0.3057
vn -0.0534 -0.9211 -0.3857
vn -0.0346 -0.9061 -0.4217
vn -0.0434 -0.9213 -0.3864
vn 0.1735 -0.9544 -0.2429
vn 0.1620 -0.9336 0.3195
vn 0.1373 -0.8832 0.4485
vn 0.1035 -0.8786 0.4662
vn 0.2606 -0.9640 0.0532
vn 0.3204 -0.9208 0.2223
vn -0.0673 -0.8931 0.4447
vn 0.1012 -0.8827 0.4589
vn 0.2072 -0.9435 0.2586
vn 0.1749 -0.9587 0.2243
vn 0.0674 -0.9814 0.1796
vn 0.0760 -0.9558 0.2840
vn -0.0074 -1.0000 -0.0056
vn 0.0084 -0.9998 0.0206
vn 0.0822 -0.9932 0.0825
vn -0.0598 -0.9500 0.3064
vn -0.0215 -0.9741 0.2250
vn -0.0148 -0.9986 0.0509
vn 0.0552 -0.9984 0.0130
vn -0.0310 -0.9992 -0.0259
vn 0.5526 -0.7807 0.2918
vn 0.5338 -0.8446 0.0420
vn 0.4013 -0.9139 -0.0607
vn -0.1038 -0.9933 0.0500
vn -0.0273 -0.9996 0.0032
vn -0.0275 -0.9929 0.1160
vn 0.0089 -0.9974 -0.0716
vn -0.0030 -0.9943 -0.1062
vn -0.1043 -0.9673 -0.2310
vn 0.0102 -0.9984 -0.0550
vn -0.0314 -0.9991 0.0302
vn -0.0343 -0.9990 0.0286
vn -0.0360 -0.9993 0.0065
vn -0.0233 -0.9997 -0.0043
vn 0.0092 -0.9997 -0.0245
vn 0.0327 -0.9987 -0.0378
vn 0.0217 -0.9996 -0.0181
vn 0.0147 -0.9991 -0.0400
vn -0.0022 -0.9999 0.0156
vn 0.0179 -0.9997 0.0136
vn 0.0209 -0.9995 0.0236
vn 0.0226 -0.9995 0.0237
vn -0.0252 -0.9996 0.0091
vn -0.0376 -0.9992 0.0160
vn -0.0369 -0.9993 0.0095
vn -0.0488 -0.9984 -0.0298
vn -0.0739 -0.9949 -0.0681
vn -0.0609 -0.9972 -0.0432
vn -0.1024 -0.9946 -0.0162
vn -0.0954 -0.9924 -0.0782
vn -0.0788 -0.9957 0.0479
vn -0.0434 -0.9984 0.0368
vn 0.0034 -0.9997 0.0233
vn 0.0428 -0.9987 0.0283
vn 0.0470 -0.9967 0.0665
vn 0.0434 -0.9989 -0.0155
vn 0.0489 -0.9988 0.0041
vn 0.0469 -0.9987 0.0190
vn 0.0481 -0.9987 0.0173
vn 0.0344 -0.9989 0.0330
vn 0.0276 -0.9996 -0.0067
vn 0.0502 -0.9987 0.0078
vn 0.0541 -0.9984 0.0132
vn 0.0133 -0.9997 0.0192
vn 0.0421 -0.9984 0.0391
vn 0.0517 -0.9985 0.0167
vn 0.0489 -0.9986 0.0225
vn 0.1036 -0.9867 -0.1251
vn 0.0215 -0.9990 -0.0398
vn 0.1017 -0.9932 0.0561
vn 0.0303 -0.9779 0.2070
vn 0.0334 -0.9991 -0.0250
vn 0.0413 -0.9991 0.0033
vn 0.0601 -0.9976 0.0331
vn 0.0936 -0.9952 0.0290
vn 0.0375 -0.9833 -0.1783
vn 0.0113 -0.9979 -0.0635
vn 0.0558 -0.9977 0.0387
vn 0.0630 -0.9962 0.0608
vn -0.0581 -0.9982 -0.0122
vn 0.0338 -0.9988 0.0366
vn 0.0484 -0.9965 0.0686
vn -0.1010 -0.9945 -0.0276
vn -0.0617 -0.9974 -0.0386
vn -0.0206 -0.9997 -0.0118
vn -0.0174 -0.9994 -0.0297
vn 0.0207 -0.9992 0.0347
vn -0.0273 -0.9976 -0.0630
vn 0.0127 -0.9999 0.0108
vn -0.0531 -0.9983 -0.0224
vn -0.0157 -0.9998 0.0146
vt 0.251812 0.269660
vt 0.264363 0.267474
vt 0.257111 0.271837
vt 0.270007 0.262969
vt 0.258612 0.256266
vt 0.259796 0.248697
vt 0.275148 0.254811
vt 0.248603 0.254013
vt 0.249719 0.246226
vt 0.236744 0.252110
vt 0.239151 0.245792
vt 0.220945 0.250969
vt 0.200771 0.249993
vt 0.200508 0.243358
vt 0.201156 0.253680
vt 0.222787 0.253849
vt 0.224204 0.261652
vt 0.268856 0.275852
vt 0.259347 0.277118
vt 0.268348 0.286902
vt 0.263295 0.285632
vt 0.259429 0.295510
vt 0.255663 0.290562
vt 0.251246 0.299200
vt 0.248614 0.290199
vt 0.238138 0.301055
vt 0.238976 0.290660
vt 0.229017 0.301264
vt 0.230552 0.287602
vt 0.213461 0.294525
vt 0.217113 0.282919
vt 0.191819 0.271490
vt 0.220392 0.271855
vt 0.188999 0.281817
vt 0.181321 0.278898
vt 0.182775 0.270183
vt 0.165724 0.271988
vt 0.165476 0.264668
vt 0.158827 0.262010
vt 0.158208 0.269005
vt 0.149667 0.265976
vt 0.151666 0.259535
vt 0.136810 0.263020
vt 0.138731 0.256335
vt 0.130137 0.260790
vt 0.131040 0.254853
vt 0.122616 0.255785
vt 0.127851 0.253527
vt 0.119115 0.251444
vt 0.126221 0.250344
vt 0.120580 0.244019
vt 0.126973 0.247399
vt 0.124343 0.238704
vt 0.126204 0.241248
vt 0.148817 0.273663
vt 0.136038 0.268887
vt 0.163626 0.276584
vt 0.132986 0.236341
vt 0.136437 0.240612
vt 0.149315 0.237270
vt 0.148786 0.242009
vt 0.157608 0.238003
vt 0.157729 0.242986
vt 0.165154 0.239280
vt 0.172624 0.240625
vt 0.172351 0.245792
vt 0.165717 0.243994
vt 0.188874 0.241868
vt 0.188948 0.246734
vt 0.129210 0.266277
vt 0.122951 0.266524
vt 0.108801 0.255627
vt 0.112642 0.236934
vt 0.122589 0.231510
vt 0.251651 0.280847
vt 0.243246 0.279035
vt 0.232833 0.276135
vt 0.198113 0.264238
vt 0.132909 0.230907
vt 0.150450 0.232629
vt 0.159351 0.233304
vt 0.168382 0.234380
vt 0.189429 0.236590
vt 0.176708 0.235690
vt 0.284028 0.274801
vt 0.273543 0.275842
vt 0.282810 0.292046
vt 0.273565 0.288326
vt 0.263955 0.301999
vt 0.271092 0.312010
vt 0.251802 0.304110
vt 0.253969 0.320023
vt 0.289549 0.295811
vt 0.286006 0.319214
vt 0.264810 0.322178
vt 0.296934 0.277978
vt 0.288232 0.258628
vt 0.287223 0.247954
vt 0.276974 0.246566
vt 0.263515 0.240367
vt 0.250347 0.238192
vt 0.236759 0.305258
vt 0.235627 0.314116
vt 0.219717 0.308263
vt 0.206108 0.297500
vt 0.222692 0.236744
vt 0.220586 0.243686
vt 0.215278 0.190881
vt 0.200176 0.192563
vt 0.200852 0.186024
vt 0.213316 0.183522
vt 0.240140 0.238599
vt 0.135352 0.212075
vt 0.122199 0.216962
vt 0.122280 0.210541
vt 0.135022 0.206312
vt 0.203229 0.236301
vt 0.235049 0.265045
vt 0.239001 0.226372
vt 0.248640 0.222316
vt 0.224064 0.226179
vt 0.205097 0.229781
vt 0.192527 0.229946
vt 0.244466 0.267610
vt 0.169156 0.257878
vt 0.187460 0.261225
vt 0.261817 0.233382
vt 0.255464 0.200939
vt 0.259202 0.207486
vt 0.248656 0.210210
vt 0.250513 0.197372
vt 0.237064 0.193684
vt 0.238892 0.212690
vt 0.221214 0.202353
vt 0.222813 0.215193
vt 0.202497 0.206161
vt 0.204192 0.219440
vt 0.188233 0.206064
vt 0.193224 0.220562
vt 0.167121 0.210717
vt 0.177353 0.221730
vt 0.159381 0.212912
vt 0.168660 0.222204
vt 0.146863 0.224083
vt 0.150976 0.214849
vt 0.159383 0.222656
vt 0.259496 0.213859
vt 0.257428 0.218429
vt 0.215220 0.363207
vt 0.228226 0.393488
vt 0.220496 0.389620
vt 0.212219 0.365034
vt 0.177600 0.228800
vt 0.169065 0.227436
vt 0.176912 0.283729
vt 0.188599 0.249945
vt 0.162766 0.256352
vt 0.147830 0.251692
vt 0.156048 0.254854
vt 0.138801 0.250407
vt 0.129992 0.249270
vt 0.129235 0.245614
vt 0.139410 0.245118
vt 0.148644 0.245239
vt 0.157954 0.247129
vt 0.165418 0.248128
vt 0.172432 0.249189
vt 0.253655 0.341336
vt 0.251298 0.330275
vt 0.244916 0.350738
vt 0.239291 0.340948
vt 0.229845 0.350234
vt 0.232177 0.339914
vt 0.218425 0.339419
vt 0.224800 0.335237
vt 0.201059 0.329915
vt 0.206831 0.328689
vt 0.271091 0.346626
vt 0.286176 0.344948
vt 0.268860 0.369293
vt 0.258093 0.385363
vt 0.245460 0.376473
vt 0.147901 0.227417
vt 0.159761 0.226304
vt 0.275508 0.233253
vt 0.267168 0.227268
vt 0.271426 0.219800
vt 0.268014 0.209359
vt 0.262101 0.187305
vt 0.269427 0.196229
vt 0.263599 0.198912
vt 0.259753 0.191012
vt 0.249551 0.183066
vt 0.248896 0.189100
vt 0.229843 0.185320
vt 0.233884 0.189647
vt 0.217769 0.196356
vt 0.185836 0.196476
vt 0.165879 0.202034
vt 0.159624 0.205061
vt 0.152326 0.208065
vt 0.135475 0.219238
vt 0.129242 0.221726
vt 0.122646 0.227422
vt 0.128700 0.224487
vt 0.132944 0.228722
vt 0.132885 0.225539
vt 0.212369 0.321984
vt 0.229274 0.331339
vt 0.199781 0.309283
vt 0.192801 0.316672
vt 0.183287 0.286357
vt 0.250354 0.171561
vt 0.266401 0.181574
vt 0.275216 0.205173
vt 0.275428 0.191360
vt 0.282496 0.200363
vt 0.236146 0.256373
vt 0.246422 0.258879
vt 0.255236 0.262043
vt 0.126911 0.270159
vt 0.125711 0.274235
vt 0.120596 0.273464
vt 0.129025 0.269919
vt 0.135562 0.272358
vt 0.148656 0.276665
vt 0.163537 0.281235
vt 0.175519 0.287083
vt 0.181146 0.290581
vt 0.203534 0.302754
vt 0.152440 0.202468
vt 0.159531 0.199259
vt 0.216297 0.316393
vt 0.231187 0.325128
vt 0.240096 0.329509
vt 0.128589 0.276231
vt 0.124350 0.280208
vt 0.135299 0.277894
vt 0.132004 0.284326
vt 0.146426 0.282473
vt 0.140963 0.288263
vt 0.160013 0.291586
vt 0.151951 0.293759
vt 0.171361 0.299167
vt 0.165992 0.301057
vt 0.178678 0.303812
vt 0.172558 0.304895
vt 0.187002 0.317463
vt 0.130291 0.273630
vt 0.136700 0.274968
vt 0.148820 0.279825
vt 0.163560 0.287241
vt 0.175218 0.294397
vt 0.181664 0.298578
vt 0.238495 0.334644
vt 0.279241 0.222757
vt 0.286970 0.221508
vt 0.284659 0.236243
vt 0.231134 0.176709
vt 0.184724 0.189831
vt 0.166004 0.196346
vt 0.294761 0.234519
vt 0.300494 0.247014
vt 0.294533 0.221074
vt 0.289583 0.189803
vt 0.277149 0.180198
vt 0.261450 0.169111
vt 0.270297 0.174755
vt 0.234382 0.168898
vt 0.249620 0.162063
vt 0.212577 0.175769
vt 0.182488 0.183341
vt 0.198228 0.178222
vt 0.163241 0.191755
vt 0.133689 0.201093
vt 0.151221 0.197392
vt 0.157586 0.194343
vt 0.135047 0.195067
vt 0.147035 0.191805
vt 0.153465 0.188826
vt 0.159598 0.185997
vt 0.180276 0.175494
vt 0.198466 0.165859
vt 0.212402 0.171443
vt 0.210608 0.155774
vt 0.227013 0.160674
vt 0.221767 0.147141
vt 0.243987 0.152413
vt 0.229266 0.140991
vt 0.269454 0.162510
vt 0.243734 0.130718
vt 0.258030 0.139088
vt 0.256795 0.156890
vt 0.257617 0.148486
vt 0.135657 0.190771
vt 0.142997 0.185941
vt 0.268744 0.155294
vt 0.149155 0.182486
vt 0.155274 0.179144
vt 0.176325 0.167279
vt 0.193235 0.157485
vt 0.202064 0.149729
vt 0.213226 0.140230
vt 0.226238 0.128834
vt 0.238965 0.116799
vt 0.133290 0.188566
vt 0.132110 0.193428
vt 0.130834 0.191102
vt 0.139961 0.182737
vt 0.145993 0.177999
vt 0.151719 0.173309
vt 0.159653 0.168306
vt 0.171358 0.160678
vt 0.185296 0.151616
vt 0.195177 0.144589
vt 0.204325 0.138003
vt 0.129411 0.198262
vt 0.125068 0.191994
vt 0.130786 0.183946
vt 0.138575 0.177673
vt 0.143498 0.172208
vt 0.148814 0.168563
vt 0.157460 0.162191
vt 0.167450 0.155240
vt 0.180309 0.147421
vt 0.188729 0.141227
vt 0.200876 0.135076
vt 0.247095 0.117269
vt 0.248019 0.125851
vt 0.240682 0.110470
vt 0.245092 0.111660
vt 0.233603 0.113289
vt 0.221666 0.122549
vt 0.208038 0.133135
vt 0.204899 0.128443
vt 0.216590 0.118316
vt 0.227341 0.111967
vt 0.240875 0.104076
vt 0.246982 0.103418
vt 0.255829 0.112078
vt 0.260539 0.118203
vt 0.261890 0.123951
vt 0.259508 0.132769
vt 0.264614 0.147083
vt 0.267537 0.142111
vt 0.274853 0.148140
vt 0.278334 0.157089
vt 0.277932 0.167426
vt 0.271474 0.129248
vt 0.280887 0.136811
vt 0.285420 0.147005
vt 0.288028 0.161321
vt 0.287924 0.176532
vt 0.299266 0.188459
vt 0.303150 0.185289
vt 0.300841 0.175900
vt 0.296842 0.162128
vt 0.293876 0.147329
vt 0.289294 0.135091
vt 0.281805 0.125197
vt 0.273064 0.119938
vt 0.237441 0.098045
vt 0.202598 0.124297
vt 0.213535 0.113125
vt 0.195697 0.129629
vt 0.187244 0.136258
vt 0.177485 0.144036
vt 0.165631 0.151531
vt 0.154954 0.157786
vt 0.144729 0.164244
vt 0.139682 0.167141
vt 0.133924 0.170569
vt 0.114176 0.197212
vt 0.105148 0.184528
vt 0.116645 0.180759
vt 0.124971 0.177364
vt 0.302583 0.256925
vt 0.308502 0.280974
vt 0.303526 0.296773
vt 0.299084 0.319613
vt 0.307046 0.220492
vt 0.308482 0.229482
vt 0.315867 0.246547
vt 0.317246 0.258458
vt 0.318610 0.280623
vt 0.314419 0.301116
vt 0.309719 0.325593
vt 0.298397 0.350570
vt 0.279513 0.372790
vt 0.320706 0.216269
vt 0.325791 0.242126
vt 0.332106 0.219212
vt 0.335640 0.233401
vt 0.342790 0.221705
vt 0.343257 0.231350
vt 0.328742 0.256631
vt 0.329894 0.280920
vt 0.329524 0.293916
vt 0.328924 0.304947
vt 0.327029 0.319642
vt 0.320271 0.338282
vt 0.311827 0.360718
vt 0.298844 0.377120
vt 0.268559 0.389513
vt 0.290184 0.394035
vt 0.232976 0.387147
vt 0.218237 0.358008
vt 0.207733 0.346322
vt 0.195460 0.334390
vt 0.182205 0.322767
vt 0.169408 0.312447
vt 0.162752 0.306609
vt 0.148139 0.299249
vt 0.139617 0.294630
vt 0.128704 0.288980
vt 0.121998 0.284823
vt 0.127534 0.293758
vt 0.118955 0.290236
vt 0.137683 0.300098
vt 0.146611 0.303178
vt 0.160422 0.311398
vt 0.167519 0.315873
vt 0.180673 0.326683
vt 0.193285 0.337977
vt 0.204128 0.349383
vt 0.201036 0.353701
vt 0.188173 0.341598
vt 0.178538 0.330668
vt 0.164780 0.319023
vt 0.158391 0.314182
vt 0.146529 0.309538
vt 0.145111 0.310594
vt 0.141042 0.305370
vt 0.141062 0.316143
vt 0.135041 0.313716
vt 0.142364 0.321756
vt 0.138264 0.323409
vt 0.154763 0.331974
vt 0.151524 0.335227
vt 0.164298 0.342326
vt 0.159890 0.344578
vt 0.173538 0.352944
vt 0.168882 0.355254
vt 0.184372 0.366914
vt 0.178657 0.368178
vt 0.190926 0.378449
vt 0.187770 0.382488
vt 0.197893 0.390928
vt 0.196148 0.395798
vt 0.205402 0.394102
vt 0.202729 0.402036
vt 0.211988 0.395010
vt 0.216640 0.401895
vt 0.215216 0.389247
vt 0.207511 0.368347
vt 0.208342 0.390482
vt 0.147794 0.313549
vt 0.149636 0.313346
vt 0.145024 0.316968
vt 0.145186 0.320466
vt 0.158777 0.328129
vt 0.171521 0.340435
vt 0.179406 0.350209
vt 0.192719 0.366867
vt 0.200676 0.379265
vt 0.205220 0.389548
vt 0.149533 0.317267
vt 0.161774 0.324998
vt 0.173258 0.335659
vt 0.183336 0.346979
vt 0.195066 0.360711
vt 0.205541 0.377269
vt 0.155291 0.316474
vt 0.161560 0.321316
vt 0.175833 0.333362
vt 0.186132 0.345252
vt 0.199618 0.359598
vt 0.268390 0.107319
vt 0.255183 0.095655
vt 0.222369 0.104837
vt 0.235449 0.091878
vt 0.128161 0.170153
vt 0.131891 0.168406
vt 0.138369 0.165033
vt 0.144006 0.162201
vt 0.154275 0.155318
vt 0.164609 0.149548
vt 0.176514 0.141641
vt 0.186362 0.134182
vt 0.193865 0.127365
vt 0.201079 0.120979
vt 0.211036 0.109519
vt 0.219747 0.101467
vt 0.231814 0.088410
vt 0.122932 0.173991
vt 0.125699 0.170471
vt 0.119643 0.166777
vt 0.124292 0.167099
vt 0.119700 0.162126
vt 0.125145 0.164121
vt 0.127824 0.160981
vt 0.121835 0.156479
vt 0.128708 0.153017
vt 0.131429 0.156202
vt 0.139703 0.146226
vt 0.141271 0.149465
vt 0.146894 0.143170
vt 0.147951 0.145091
vt 0.156055 0.137568
vt 0.157030 0.139555
vt 0.166913 0.130891
vt 0.169109 0.132999
vt 0.175900 0.122497
vt 0.176779 0.126461
vt 0.183763 0.112549
vt 0.185059 0.115801
vt 0.189046 0.104365
vt 0.190527 0.107987
vt 0.130618 0.164947
vt 0.136571 0.161246
vt 0.143054 0.158866
vt 0.152817 0.152930
vt 0.164169 0.146111
vt 0.177240 0.137213
vt 0.184680 0.131910
vt 0.191876 0.125036
vt 0.198438 0.115883
vt 0.127846 0.167704
vt 0.139793 0.157333
vt 0.143470 0.154636
vt 0.151481 0.150520
vt 0.162889 0.143607
vt 0.175212 0.134734
vt 0.182275 0.127795
vt 0.189958 0.117515
vt 0.112479 0.174181
vt 0.111369 0.168299
vt 0.119382 0.203716
vt 0.195157 0.110841
vt 0.100534 0.178017
vt 0.097318 0.167564
vt 0.096595 0.162828
vt 0.107208 0.157581
vt 0.207866 0.105405
vt 0.215575 0.095056
vt 0.225773 0.080907
vt 0.203951 0.101813
vt 0.212006 0.089629
vt 0.220443 0.076178
vt 0.199464 0.098196
vt 0.208348 0.086144
vt 0.214592 0.073406
vt 0.117611 0.151524
vt 0.104953 0.150603
vt 0.090247 0.146229
vt 0.096884 0.131646
vt 0.107095 0.136358
vt 0.127285 0.150596
vt 0.137995 0.143946
vt 0.145513 0.140147
vt 0.154725 0.133813
vt 0.108717 0.129398
vt 0.115573 0.135188
vt 0.115053 0.146874
vt 0.120443 0.142363
vt 0.164067 0.126886
vt 0.174469 0.117406
vt 0.182452 0.108216
vt 0.186570 0.102240
vt 0.124910 0.148600
vt 0.135333 0.139638
vt 0.123501 0.126768
vt 0.129765 0.133230
vt 0.122764 0.146416
vt 0.133053 0.137067
vt 0.135232 0.128602
vt 0.138630 0.132326
vt 0.143925 0.119513
vt 0.147940 0.122140
vt 0.151586 0.114059
vt 0.154966 0.116502
vt 0.162391 0.108373
vt 0.159695 0.106366
vt 0.168675 0.097368
vt 0.170391 0.099552
vt 0.174192 0.093428
vt 0.174591 0.096336
vt 0.180270 0.093724
vt 0.178282 0.096412
vt 0.179015 0.100267
vt 0.128741 0.122615
vt 0.137416 0.114354
vt 0.145082 0.109733
vt 0.153284 0.099183
vt 0.158727 0.086054
vt 0.168046 0.073763
vt 0.179427 0.075006
vt 0.195576 0.088336
vt 0.174051 0.105921
vt 0.169073 0.110965
vt 0.160496 0.118231
vt 0.150960 0.126416
vt 0.141070 0.135242
vt 0.139453 0.070650
vt 0.142896 0.065114
vt 0.150976 0.067731
vt 0.146034 0.077218
vt 0.132289 0.079079
vt 0.138272 0.086495
vt 0.126664 0.090545
vt 0.130601 0.097150
vt 0.124101 0.097322
vt 0.125473 0.104817
vt 0.118855 0.106484
vt 0.119432 0.113845
vt 0.111015 0.117122
vt 0.113212 0.120559
vt 0.154901 0.075714
vt 0.151034 0.081093
vt 0.142598 0.092799
vt 0.136383 0.101147
vt 0.130825 0.108138
vt 0.124600 0.116359
vt 0.115647 0.123464
vt 0.107102 0.124950
vt 0.122189 0.324771
vt 0.129458 0.320179
vt 0.133658 0.327853
vt 0.131493 0.329524
vt 0.136667 0.325953
vt 0.131138 0.334221
vt 0.139722 0.346430
vt 0.144057 0.343502
vt 0.150697 0.360410
vt 0.153416 0.359313
vt 0.153224 0.368362
vt 0.156875 0.368766
vt 0.156257 0.381552
vt 0.161835 0.378942
vt 0.149243 0.338837
vt 0.156934 0.347735
vt 0.162191 0.359203
vt 0.166954 0.369530
vt 0.168298 0.379585
vt 0.147839 0.341762
vt 0.153439 0.350693
vt 0.158258 0.360185
vt 0.160791 0.367016
vt 0.129008 0.309606
vt 0.119673 0.304771
vt 0.111887 0.301559
vt 0.123257 0.316996
vt 0.114564 0.312152
vt 0.108142 0.306467
vt 0.130016 0.351595
vt 0.121618 0.339298
vt 0.499943 0.014054
vt 0.515010 0.008109
vt 0.514768 0.031609
vt 0.499236 0.037407
vt 0.506677 0.066733
vt 0.488220 0.057349
vt 0.140399 0.365427
vt 0.531510 0.000457
vt 0.530579 0.024079
vt 0.525889 0.058653
vt 0.143045 0.385037
vt 0.140728 0.371520
vt 0.537775 0.001460
vt 0.551974 0.001888
vt 0.555633 0.025571
vt 0.558156 0.057774
vt 0.475267 0.072032
vt 0.503974 0.096191
vt 0.482445 0.101863
vt 0.524217 0.088751
vt 0.547980 0.091331
vt 0.584501 0.034769
vt 0.580673 0.062264
vt 0.567620 0.094156
vt 0.593868 0.067192
vt 0.590115 0.101389
vt 0.598999 0.043173
vt 0.606723 0.073908
vt 0.613641 0.048930
vt 0.624662 0.052338
vt 0.634396 0.087093
vt 0.617148 0.115572
vt 0.652537 0.103362
vt 0.633616 0.132821
vt 0.640383 0.056929
vt 0.665838 0.072455
vt 0.678162 0.129279
vt 0.648878 0.157887
vt 0.696998 0.110694
vt 0.604178 0.015038
vt 0.620196 0.025300
vt 0.633204 0.029201
vt 0.652561 0.030024
vt 0.683061 0.044625
vt 0.703417 0.078866
vt 0.584614 0.002883
vt 0.160849 0.426255
vt 0.145775 0.417640
vt 0.175989 0.433283
vt 0.202564 0.421747
vt 0.167294 0.451903
vt 0.152116 0.445206
vt 0.123511 0.450428
vt 0.134137 0.436193
vt 0.145889 0.460225
vt 0.200261 0.440398
vt 0.192118 0.459561
vt 0.793910 0.139933
vt 0.781395 0.129750
vt 0.775372 0.148322
vt 0.788623 0.160525
vt 0.769889 0.169189
vt 0.785696 0.174440
vt 0.758261 0.182183
vt 0.772227 0.195708
vt 0.821509 0.146201
vt 0.826395 0.168861
vt 0.819568 0.186134
vt 0.787656 0.203831
vt 0.210652 0.444292
vt 0.209678 0.464926
vt 0.741176 0.190385
vt 0.752980 0.206336
vt 0.807621 0.210972
vt 0.774566 0.222590
vt 0.797270 0.236621
vt 0.215016 0.422886
vt 0.223625 0.422199
vt 0.244325 0.406864
vt 0.220546 0.446864
vt 0.253830 0.412197
vt 0.260587 0.400367
vt 0.274889 0.426974
vt 0.279118 0.408227
vt 0.321401 0.381731
vt 0.316168 0.396197
vt 0.330118 0.398594
vt 0.334961 0.386871
vt 0.348673 0.390635
vt 0.343586 0.401718
vt 0.364975 0.405574
vt 0.366676 0.396859
vt 0.382005 0.400357
vt 0.382709 0.408902
vt 0.392733 0.409491
vt 0.393146 0.402401
vt 0.403074 0.405907
vt 0.402010 0.410445
vt 0.404975 0.410802
vt 0.405825 0.407760
vt 0.408517 0.409195
vt 0.407639 0.410962
vt 0.313136 0.417662
vt 0.327111 0.417356
vt 0.340474 0.417525
vt 0.361023 0.414575
vt 0.380783 0.414333
vt 0.305832 0.429923
vt 0.339952 0.428339
vt 0.323686 0.428785
vt 0.380012 0.421483
vt 0.360117 0.423616
vt 0.402640 0.413857
vt 0.392037 0.414614
vt 0.404429 0.416847
vt 0.393156 0.420211
vt 0.249291 0.451646
vt 0.291473 0.456115
vt 0.265120 0.474831
vt 0.338035 0.438605
vt 0.314802 0.444710
vt 0.379748 0.425983
vt 0.358968 0.430782
vt 0.181909 0.480989
vt 0.198054 0.495476
vt 0.191015 0.507915
vt 0.210066 0.508482
vt 0.207381 0.479526
vt 0.223627 0.480586
vt 0.235151 0.487597
vt 0.221606 0.466063
vt 0.242165 0.469643
vt 0.243760 0.493020
vt 0.217117 0.519527
vt 0.725502 0.197577
vt 0.734154 0.216796
vt 0.714136 0.201444
vt 0.719048 0.225941
vt 0.758465 0.238820
vt 0.788194 0.259931
vt 0.814711 0.200382
vt 0.836065 0.209576
vt 0.843014 0.195198
vt 0.864788 0.202128
vt 0.857010 0.217608
vt 0.875120 0.222220
vt 0.881507 0.207456
vt 0.901701 0.226802
vt 0.907679 0.214394
vt 0.929284 0.234220
vt 0.932580 0.222674
vt 0.948590 0.243846
vt 0.953330 0.228506
vt 0.726386 0.663045
vt 0.736639 0.649515
vt 0.715586 0.629169
vt 0.697605 0.647889
vt 0.848838 0.173112
vt 0.872112 0.182512
vt 0.891884 0.186531
vt 0.915960 0.193847
vt 0.849132 0.149220
vt 0.874187 0.155857
vt 0.898632 0.160085
vt 0.909864 0.139734
vt 0.879251 0.137603
vt 0.714482 0.058021
vt 0.730962 0.077430
vt 0.925682 0.167847
vt 0.935487 0.151467
vt 0.958817 0.208024
vt 0.940252 0.201271
vt 0.960518 0.184191
vt 0.949347 0.178815
vt 0.975872 0.165241
vt 0.958353 0.158381
vt 0.850085 0.231127
vt 0.828283 0.227676
vt 0.819023 0.250434
vt 0.842002 0.259760
vt 0.809274 0.275116
vt 0.831795 0.285359
vt 0.867240 0.240099
vt 0.863012 0.266331
vt 0.848567 0.294689
vt 0.881597 0.272405
vt 0.891093 0.249993
vt 0.868392 0.299000
vt 0.914139 0.277220
vt 0.924824 0.257161
vt 0.947307 0.259353
vt 0.934408 0.279441
vt 0.953526 0.276900
vt 0.934928 0.300841
vt 0.953341 0.301349
vt 0.953979 0.309790
vt 0.936179 0.312385
vt 0.937943 0.322893
vt 0.955583 0.318520
vt 0.953322 0.333386
vt 0.940559 0.339298
vt 0.944804 0.353812
vt 0.953469 0.349281
vt 0.954975 0.363342
vt 0.947151 0.369087
vt 0.950497 0.382527
vt 0.957159 0.377346
vt 0.889458 0.301564
vt 0.910372 0.303486
vt 0.913764 0.316381
vt 0.917183 0.328783
vt 0.924276 0.345249
vt 0.931356 0.359991
vt 0.938838 0.375158
vt 0.945129 0.387568
vt 0.767797 0.297317
vt 0.776443 0.304589
vt 0.759470 0.319311
vt 0.751637 0.311885
vt 0.739868 0.321857
vt 0.746897 0.329092
vt 0.733227 0.339875
vt 0.727842 0.334385
vt 0.718110 0.344745
vt 0.722124 0.349250
vt 0.715172 0.355189
vt 0.708202 0.354857
vt 0.706005 0.357066
vt 0.708958 0.360149
vt 0.819748 0.310691
vt 0.842896 0.316873
vt 0.816270 0.332169
vt 0.838669 0.335284
vt 0.863499 0.319882
vt 0.861176 0.338036
vt 0.891398 0.318655
vt 0.893965 0.337506
vt 0.903095 0.354360
vt 0.915207 0.368397
vt 0.928871 0.380894
vt 0.936050 0.393573
vt 0.944248 0.403377
vt 0.950297 0.400095
vt 0.457751 0.109865
vt 0.453204 0.075607
vt 0.444056 0.115029
vt 0.433576 0.087448
vt 0.704927 0.186029
vt 0.675932 0.193649
vt 0.663907 0.175249
vt 0.698430 0.164135
vt 0.692947 0.150525
vt 0.508125 0.119600
vt 0.524905 0.113106
vt 0.524244 0.135535
vt 0.509571 0.138916
vt 0.603095 0.134218
vt 0.619328 0.152028
vt 0.604083 0.170009
vt 0.589383 0.150614
vt 0.633292 0.171170
vt 0.648545 0.185529
vt 0.633153 0.197493
vt 0.618420 0.187465
vt 0.562524 0.111937
vt 0.582446 0.119395
vt 0.574661 0.135808
vt 0.558333 0.129742
vt 0.484213 0.120829
vt 0.485944 0.139928
vt 0.543642 0.112883
vt 0.543516 0.132043
vt 0.661358 0.200174
vt 0.646305 0.207580
vt 0.446348 0.130840
vt 0.462412 0.128015
vt 0.466140 0.148853
vt 0.448370 0.147471
vt 0.579038 0.173557
vt 0.596609 0.186612
vt 0.588336 0.202298
vt 0.575643 0.188394
vt 0.521979 0.154746
vt 0.536789 0.157144
vt 0.530574 0.176708
vt 0.518395 0.175834
vt 0.450735 0.162188
vt 0.466666 0.159177
vt 0.465425 0.172992
vt 0.450730 0.170854
vt 0.566071 0.158102
vt 0.557933 0.180678
vt 0.552616 0.151527
vt 0.543468 0.176518
vt 0.623414 0.210519
vt 0.636812 0.219820
vt 0.631526 0.226766
vt 0.617326 0.219727
vt 0.485882 0.157314
vt 0.508267 0.156413
vt 0.506368 0.174840
vt 0.485072 0.173045
vt 0.608833 0.199039
vt 0.601834 0.212740
vt 0.451054 0.194706
vt 0.465445 0.195197
vt 0.464895 0.214804
vt 0.454734 0.210178
vt 0.545955 0.214283
vt 0.560628 0.218970
vt 0.550681 0.240792
vt 0.537972 0.235704
vt 0.535016 0.211538
vt 0.524682 0.236777
vt 0.605244 0.239615
vt 0.617948 0.246256
vt 0.610374 0.260390
vt 0.597442 0.255511
vt 0.480972 0.196415
vt 0.499817 0.198189
vt 0.494842 0.224171
vt 0.478345 0.217676
vt 0.576553 0.225727
vt 0.592553 0.231411
vt 0.580107 0.253073
vt 0.565380 0.247171
vt 0.521631 0.205520
vt 0.512797 0.232625
vt 0.511412 0.203936
vt 0.503956 0.229965
vt 0.497264 0.250029
vt 0.507696 0.254079
vt 0.500201 0.274291
vt 0.493416 0.272789
vt 0.450087 0.236206
vt 0.462894 0.239379
vt 0.457417 0.264018
vt 0.448220 0.260730
vt 0.529768 0.257810
vt 0.543494 0.263510
vt 0.534064 0.286228
vt 0.523323 0.280780
vt 0.518620 0.257426
vt 0.513386 0.280054
vt 0.584753 0.278035
vt 0.595203 0.281814
vt 0.583850 0.303500
vt 0.573707 0.296149
vt 0.472805 0.242680
vt 0.488731 0.246754
vt 0.481942 0.271894
vt 0.467253 0.267783
vt 0.555174 0.272474
vt 0.572305 0.274142
vt 0.560643 0.295517
vt 0.550265 0.286499
vt 0.488803 0.287375
vt 0.498833 0.291939
vt 0.495653 0.303783
vt 0.487667 0.302191
vt 0.444354 0.279115
vt 0.456856 0.283150
vt 0.455866 0.297777
vt 0.442715 0.296271
vt 0.517789 0.296721
vt 0.529181 0.299426
vt 0.523207 0.310259
vt 0.513028 0.309081
vt 0.507575 0.294005
vt 0.507888 0.306752
vt 0.562465 0.315922
vt 0.573696 0.319267
vt 0.565309 0.334212
vt 0.555981 0.331062
vt 0.471344 0.282230
vt 0.480779 0.285610
vt 0.478524 0.308816
vt 0.464837 0.303058
vt 0.543985 0.304831
vt 0.554701 0.309392
vt 0.545907 0.326612
vt 0.534816 0.320507
vt 0.516298 0.332963
vt 0.527602 0.339381
vt 0.522907 0.355637
vt 0.511834 0.350750
vt 0.480499 0.326529
vt 0.488076 0.322794
vt 0.485615 0.343558
vt 0.476985 0.343567
vt 0.440777 0.318314
vt 0.451199 0.318891
vt 0.448089 0.337203
vt 0.439780 0.334986
vt 0.505540 0.323469
vt 0.502528 0.348209
vt 0.496257 0.325309
vt 0.491955 0.344971
vt 0.547939 0.350297
vt 0.558015 0.354995
vt 0.551091 0.370422
vt 0.541233 0.364033
vt 0.461173 0.322458
vt 0.474358 0.323576
vt 0.469923 0.343038
vt 0.458285 0.339112
vt 0.538224 0.344279
vt 0.531415 0.361041
vt 0.506660 0.365434
vt 0.516271 0.370592
vt 0.508668 0.380195
vt 0.505837 0.378021
vt 0.473223 0.354975
vt 0.481593 0.356524
vt 0.476944 0.371601
vt 0.469307 0.371225
vt 0.439335 0.349033
vt 0.446702 0.347790
vt 0.445516 0.370099
vt 0.434885 0.369579
vt 0.497690 0.365218
vt 0.492307 0.377067
vt 0.488682 0.356439
vt 0.480792 0.375960
vt 0.533802 0.379341
vt 0.543932 0.382575
vt 0.534360 0.401336
vt 0.525829 0.396565
vt 0.455332 0.350285
vt 0.466990 0.353704
vt 0.463253 0.368802
vt 0.451299 0.368435
vt 0.524624 0.374839
vt 0.519033 0.389990
vt 0.440757 0.385603
vt 0.448931 0.383749
vt 0.444254 0.408579
vt 0.437795 0.407566
vt 0.493445 0.398232
vt 0.501077 0.404534
vt 0.491941 0.422907
vt 0.484353 0.419413
vt 0.463873 0.390025
vt 0.472843 0.395269
vt 0.466473 0.413695
vt 0.458307 0.415366
vt 0.431475 0.386206
vt 0.430902 0.404671
vt 0.485570 0.398233
vt 0.479214 0.417348
vt 0.477509 0.395821
vt 0.471097 0.414578
vt 0.519549 0.411524
vt 0.525763 0.416047
vt 0.516542 0.432238
vt 0.509980 0.428845
vt 0.459057 0.389284
vt 0.453561 0.414555
vt 0.510411 0.407613
vt 0.502050 0.424368
vt 0.095325 0.272001
vt 0.090048 0.277781
vt 0.087527 0.276139
vt 0.095063 0.269195
vt 0.094365 0.293783
vt 0.088726 0.288023
vt 0.093262 0.285433
vt 0.096299 0.288689
vt 0.093831 0.279927
vt 0.104715 0.293930
vt 0.102680 0.289179
vt 0.110403 0.286416
vt 0.106766 0.285801
vt 0.112709 0.279145
vt 0.107586 0.281825
vt 0.107111 0.271740
vt 0.104503 0.276977
vt 0.098723 0.276950
vt 0.086578 0.289895
vt 0.081872 0.292420
vt 0.079415 0.274734
vt 0.094038 0.293867
vt 0.092320 0.299794
vt 0.105475 0.294866
vt 0.102366 0.303269
vt 0.112890 0.287020
vt 0.114249 0.277768
vt 0.108124 0.269528
vt 0.110164 0.266079
vt 0.110153 0.225761
vt 0.110202 0.211234
vt 0.095295 0.261535
vt 0.070355 0.291406
vt 0.067165 0.271965
vt 0.077387 0.262426
vt 0.089490 0.258207
vt 0.067957 0.264101
vt 0.058874 0.265542
vt 0.063397 0.262598
vt 0.056753 0.258764
vt 0.061678 0.258194
vt 0.056760 0.250910
vt 0.061681 0.252671
vt 0.061408 0.243897
vt 0.065003 0.247985
vt 0.068944 0.240227
vt 0.071143 0.244596
vt 0.080302 0.238774
vt 0.079814 0.243268
vt 0.088324 0.238737
vt 0.087675 0.243923
vt 0.093596 0.243436
vt 0.089785 0.246780
vt 0.095894 0.249651
vt 0.090928 0.250461
vt 0.102479 0.243519
vt 0.101152 0.234693
vt 0.099860 0.230017
vt 0.103395 0.221988
vt 0.094595 0.234820
vt 0.094842 0.229967
vt 0.085614 0.233875
vt 0.085738 0.229210
vt 0.075813 0.231618
vt 0.077284 0.227244
vt 0.069896 0.227265
vt 0.074126 0.224704
vt 0.067238 0.218727
vt 0.072760 0.219716
vt 0.068737 0.211293
vt 0.073992 0.212209
vt 0.075939 0.206126
vt 0.078114 0.210506
vt 0.088878 0.210753
vt 0.088742 0.206656
vt 0.099959 0.208047
vt 0.097708 0.213341
vt 0.103132 0.216451
vt 0.077600 0.213429
vt 0.076354 0.220310
vt 0.086782 0.214224
vt 0.084799 0.221604
vt 0.096536 0.215864
vt 0.093932 0.224367
vt 0.100337 0.219706
vt 0.099016 0.224741
vt 0.087106 0.253359
vt 0.085819 0.247841
vt 0.081087 0.256101
vt 0.079166 0.247661
vt 0.075803 0.258488
vt 0.073849 0.247958
vt 0.068595 0.259455
vt 0.067146 0.253355
vt 0.043497 0.251164
vt 0.045944 0.241335
vt 0.044215 0.259943
vt 0.046692 0.267164
vt 0.017292 0.248602
vt 0.024738 0.239660
vt 0.018494 0.261127
vt 0.024860 0.272750
vt 0.000523 0.251255
vt 0.000734 0.242212
vt 0.001540 0.264434
vt 0.006173 0.279091
vt 0.084178 0.308940
vt 0.073085 0.302442
vt 0.071986 0.324590
vt 0.060063 0.317881
vt 0.063737 0.341948
vt 0.046466 0.331105
vt 0.095670 0.315286
vt 0.084662 0.330557
vt 0.107241 0.326166
vt 0.095550 0.336294
vt 0.101412 0.345217
vt 0.081223 0.343646
vt 0.063701 0.294557
vt 0.050701 0.280498
vt 0.031542 0.289225
vt 0.049924 0.305235
vt 0.435411 0.067409
vt 0.726119 0.162075
vt 0.724780 0.175493
vt 0.715371 0.133359
vt 0.722478 0.148986
vt 0.034837 0.316886
vt 0.022324 0.305451
vt 0.015492 0.293447
vt 0.738836 0.141434
vt 0.744007 0.155665
vt 0.851274 0.072687
vt 0.856302 0.084217
vt 0.874112 0.081783
vt 0.867025 0.065031
vt 0.698685 0.727308
vt 0.710891 0.706052
vt 0.679687 0.697576
vt 0.677682 0.721086
vt 0.717034 0.682601
vt 0.683978 0.673862
vt 0.658117 0.690799
vt 0.659119 0.715197
vt 0.662064 0.662297
vt 0.676587 0.636052
vt 0.697222 0.615576
vt 0.091667 0.193792
vt 0.067252 0.193561
vt 0.080755 0.181910
vt 0.056786 0.183062
vt 0.071223 0.169817
vt 0.047163 0.167737
vt 0.068395 0.162978
vt 0.053581 0.214800
vt 0.056367 0.203649
vt 0.035554 0.210075
vt 0.041234 0.197287
vt 0.011794 0.204416
vt 0.025362 0.186437
vt 0.002312 0.221970
vt 0.028686 0.226977
vt 0.047510 0.228537
vt 0.063108 0.233424
vt 0.046220 0.148285
vt 0.060485 0.144306
vt 0.424126 0.978123
vt 0.410089 0.987808
vt 0.385477 0.977569
vt 0.403757 0.963414
vt 0.368287 0.963210
vt 0.380578 0.947980
vt 0.393150 0.928550
vt 0.415382 0.942077
vt 0.401603 0.906188
vt 0.424764 0.916345
vt 0.406547 0.886082
vt 0.429032 0.896103
vt 0.411715 0.868417
vt 0.433378 0.879285
vt 0.415569 0.852273
vt 0.439347 0.858396
vt 0.416204 0.831645
vt 0.443065 0.838772
vt 0.416472 0.815644
vt 0.446549 0.818277
vt 0.422546 0.792508
vt 0.446243 0.794216
vt 0.423697 0.773835
vt 0.445570 0.770736
vt 0.437139 0.952544
vt 0.075270 0.145424
vt 0.082606 0.125425
vt 0.069476 0.121248
vt 0.091055 0.113324
vt 0.095019 0.105927
vt 0.444369 0.932099
vt 0.069027 0.102877
vt 0.099317 0.100797
vt 0.104417 0.088169
vt 0.454261 0.917051
vt 0.070655 0.087396
vt 0.070776 0.073801
vt 0.106933 0.075902
vt 0.726361 0.106007
vt 0.732742 0.127655
vt 0.859161 0.096350
vt 0.860623 0.114819
vt 0.881201 0.114410
vt 0.878085 0.095997
vt 0.866024 0.137707
vt 0.896000 0.078828
vt 0.885818 0.063323
vt 0.903614 0.111729
vt 0.899525 0.091201
vt 0.924490 0.100791
vt 0.918472 0.092582
vt 0.035111 0.673443
vt 0.040824 0.662346
vt 0.068880 0.666886
vt 0.061640 0.680668
vt 0.938121 0.115466
vt 0.949661 0.124802
vt 0.050917 0.639877
vt 0.054986 0.621942
vt 0.083835 0.633155
vt 0.078131 0.649510
vt 0.969541 0.138106
vt 0.064522 0.593988
vt 0.092539 0.610308
vt 0.984447 0.145754
vt 0.075427 0.576455
vt 0.100535 0.591903
vt 0.114458 0.620754
vt 0.106392 0.644140
vt 0.102268 0.660206
vt 0.117797 0.603202
vt 0.846799 0.065439
vt 0.861814 0.058296
vt 0.746636 0.165677
vt 0.875733 0.052198
vt 0.417859 0.072566
vt 0.418893 0.060247
vt 0.913563 0.081539
vt 0.027683 0.686220
vt 0.049264 0.696469
vt 0.908911 0.063096
vt 0.866198 0.041314
vt 0.884263 0.042584
vt 0.872082 0.031046
vt 0.888970 0.033210
vt 0.874945 0.023481
vt 0.533334 0.718791
vt 0.550655 0.720791
vt 0.545834 0.696805
vt 0.530553 0.700380
vt 0.532123 0.675849
vt 0.519363 0.685652
vt 0.502242 0.672993
vt 0.508126 0.659990
vt 0.475843 0.664832
vt 0.480353 0.651754
vt 0.514243 0.645709
vt 0.485245 0.637567
vt 0.543092 0.665415
vt 0.558071 0.692065
vt 0.564239 0.715244
vt 0.856232 0.050885
vt 0.842145 0.057587
vt 0.899660 0.050285
vt 0.903306 0.033422
vt 0.750012 0.176153
vt 0.735823 0.182004
vt 0.519627 0.625782
vt 0.491946 0.617868
vt 0.552136 0.651080
vt 0.571645 0.678244
vt 0.577672 0.703096
vt 0.911791 0.051421
vt 0.919924 0.027110
vt 0.655967 0.612957
vt 0.634538 0.645991
vt 0.668379 0.597082
vt 0.724453 0.182494
vt 0.137954 0.472626
vt 0.118492 0.462202
vt 0.172946 0.497307
vt 0.156087 0.487976
vt 0.158917 0.467017
vt 0.712686 0.186366
vt 0.743396 0.271138
vt 0.755774 0.288172
vt 0.732848 0.256375
vt 0.744196 0.301509
vt 0.730846 0.288941
vt 0.722334 0.328667
vt 0.732620 0.314838
vt 0.718136 0.303499
vt 0.711883 0.321898
vt 0.708680 0.346357
vt 0.713758 0.340059
vt 0.706146 0.337077
vt 0.702684 0.345274
vt 0.753050 0.337805
vt 0.769220 0.331262
vt 0.727127 0.353302
vt 0.739054 0.345984
vt 0.709995 0.362809
vt 0.717950 0.359027
vt 0.787087 0.324457
vt 0.702585 0.355480
vt 0.700047 0.352489
vt 0.725464 0.619769
vt 0.747039 0.636778
vt 0.761250 0.623000
vt 0.743708 0.601638
vt 0.707837 0.606462
vt 0.726939 0.581206
vt 0.771900 0.606354
vt 0.760217 0.583764
vt 0.965071 0.349364
vt 0.964060 0.333810
vt 0.966626 0.320872
vt 0.966635 0.363268
vt 0.965478 0.377384
vt 0.971043 0.311703
vt 0.968322 0.303884
vt 0.777680 0.614947
vt 0.790794 0.612749
vt 0.785408 0.599865
vt 0.962487 0.292507
vt 0.774150 0.577067
vt 0.799441 0.613916
vt 0.795552 0.595061
vt 0.786146 0.571091
vt 0.811681 0.608740
vt 0.804858 0.590039
vt 0.977136 0.329261
vt 0.981855 0.317545
vt 0.974292 0.335459
vt 0.971940 0.349420
vt 0.968947 0.363690
vt 0.799357 0.566285
vt 0.748179 0.565510
vt 0.764638 0.554586
vt 0.777961 0.548040
vt 0.794767 0.542778
vt 0.683575 0.576958
vt 0.705219 0.552541
vt 0.738124 0.543318
vt 0.758467 0.531524
vt 0.770490 0.525922
vt 0.789204 0.521431
vt 0.789190 0.504180
vt 0.773978 0.497128
vt 0.796049 0.472059
vt 0.779450 0.466320
vt 0.803374 0.443626
vt 0.789571 0.438505
vt 0.812532 0.421732
vt 0.800611 0.416935
vt 0.819909 0.403907
vt 0.809947 0.402634
vt 0.824192 0.393222
vt 0.815138 0.392863
vt 0.766790 0.457629
vt 0.749815 0.487369
vt 0.756634 0.447939
vt 0.734986 0.471315
vt 0.751241 0.436123
vt 0.724045 0.451195
vt 0.742866 0.420441
vt 0.714749 0.431343
vt 0.737236 0.411047
vt 0.710081 0.422042
vt 0.780526 0.433430
vt 0.774340 0.428478
vt 0.794200 0.413881
vt 0.788370 0.409750
vt 0.804330 0.400555
vt 0.800632 0.398428
vt 0.812082 0.391983
vt 0.808900 0.389794
vt 0.766303 0.420517
vt 0.760866 0.410986
vt 0.784880 0.405309
vt 0.780877 0.399294
vt 0.797708 0.395043
vt 0.795269 0.391524
vt 0.807269 0.387552
vt 0.804243 0.385140
vt 0.810689 0.384482
vt 0.809271 0.382171
vt 0.815350 0.387270
vt 0.813270 0.386172
vt 0.823543 0.386951
vt 0.818017 0.387286
vt 0.755638 0.401624
vt 0.777233 0.391511
vt 0.793510 0.385555
vt 0.803375 0.381381
vt 0.808138 0.379350
vt 0.720832 0.489029
vt 0.740576 0.502808
vt 0.706415 0.469454
vt 0.757187 0.508471
vt 0.704298 0.510449
vt 0.728276 0.525217
vt 0.683491 0.480499
vt 0.693596 0.441370
vt 0.683609 0.422597
vt 0.668361 0.453182
vt 0.655960 0.426382
vt 0.660887 0.498684
vt 0.684673 0.534031
vt 0.636062 0.427622
vt 0.638440 0.452067
vt 0.613275 0.423020
vt 0.608279 0.447361
vt 0.589661 0.413977
vt 0.584705 0.439317
vt 0.572129 0.406184
vt 0.567519 0.434172
vt 0.560508 0.399843
vt 0.550681 0.421800
vt 0.251006 0.031298
vt 0.268741 0.013317
vt 0.290844 0.025643
vt 0.271077 0.048206
vt 0.315218 0.040841
vt 0.298267 0.066020
vt 0.639785 0.540601
vt 0.647366 0.569425
vt 0.624686 0.569407
vt 0.639021 0.581617
vt 0.624784 0.601644
vt 0.609327 0.591119
vt 0.596601 0.615907
vt 0.607480 0.628322
vt 0.602466 0.474872
vt 0.633101 0.481488
vt 0.578274 0.470563
vt 0.560744 0.470281
vt 0.226929 0.051209
vt 0.215303 0.037106
vt 0.237289 0.062200
vt 0.272032 0.100397
vt 0.587156 0.510055
vt 0.612428 0.516528
vt 0.570295 0.488368
vt 0.554950 0.486840
vt 0.549614 0.499525
vt 0.542496 0.484934
vt 0.534775 0.497368
vt 0.534929 0.480905
vt 0.522921 0.491452
vt 0.171489 0.041766
vt 0.187834 0.037311
vt 0.192121 0.047561
vt 0.561708 0.505071
vt 0.553099 0.522569
vt 0.581392 0.525341
vt 0.541469 0.516244
vt 0.526664 0.507914
vt 0.514475 0.500953
vt 0.564166 0.552109
vt 0.547233 0.533455
vt 0.533553 0.558567
vt 0.553461 0.573972
vt 0.532633 0.529849
vt 0.519455 0.554686
vt 0.509634 0.526237
vt 0.492859 0.551810
vt 0.493969 0.519606
vt 0.483260 0.543066
vt 0.129246 0.045664
vt 0.131306 0.059584
vt 0.106552 0.060418
vt 0.106531 0.048326
vt 0.476150 0.532562
vt 0.069615 0.057965
vt 0.069382 0.047610
vt 0.448328 0.555411
vt 0.455355 0.564074
vt 0.463137 0.574401
vt 0.314514 0.077255
vt 0.307198 0.091968
vt 0.321808 0.096508
vt 0.322791 0.078366
vt 0.332963 0.078665
vt 0.338388 0.098442
vt 0.352663 0.093422
vt 0.345096 0.076942
vt 0.360929 0.073814
vt 0.366849 0.088274
vt 0.381382 0.079523
vt 0.375845 0.069563
vt 0.387960 0.065239
vt 0.392633 0.072674
vt 0.398115 0.069018
vt 0.394323 0.062856
vt 0.400254 0.060778
vt 0.403036 0.065500
vt 0.405539 0.063108
vt 0.404058 0.059929
vt 0.407017 0.059296
vt 0.407622 0.060982
vt 0.330576 0.067439
vt 0.346433 0.064969
vt 0.360905 0.061715
vt 0.375123 0.059670
vt 0.387062 0.058002
vt 0.393405 0.056499
vt 0.399809 0.055724
vt 0.404406 0.056836
vt 0.335720 0.050464
vt 0.349148 0.051217
vt 0.362365 0.051129
vt 0.376189 0.050956
vt 0.388257 0.050114
vt 0.395110 0.049760
vt 0.401685 0.051381
vt 0.406361 0.053467
vt 0.330377 0.049267
vt 0.325566 0.066480
vt 0.320353 0.065441
vt 0.325518 0.047892
vt 0.406084 0.068043
vt 0.401895 0.072549
vt 0.409718 0.062024
vt 0.408389 0.064802
vt 0.397084 0.076883
vt 0.386973 0.084751
vt 0.374727 0.093992
vt 0.360936 0.103854
vt 0.346896 0.109010
vt 0.333787 0.112250
vt 0.318962 0.116265
vt 0.304989 0.130747
vt 0.410755 0.062100
vt 0.410519 0.065075
vt 0.409420 0.068816
vt 0.407358 0.074329
vt 0.404530 0.079762
vt 0.394176 0.090201
vt 0.381371 0.102172
vt 0.369549 0.111464
vt 0.358433 0.121054
vt 0.350537 0.127657
vt 0.341812 0.135541
vt 0.326711 0.148365
vt 0.355590 0.147153
vt 0.341424 0.160312
vt 0.368942 0.128946
vt 0.362519 0.137974
vt 0.388935 0.108017
vt 0.379399 0.117653
vt 0.406094 0.080751
vt 0.398669 0.092302
vt 0.411201 0.069567
vt 0.409073 0.075291
vt 0.411796 0.062003
vt 0.412101 0.065345
vt 0.364102 0.153954
vt 0.357896 0.167736
vt 0.373456 0.132614
vt 0.368735 0.142895
vt 0.319391 0.187220
vt 0.328636 0.205883
vt 0.338582 0.183196
vt 0.340116 0.203000
vt 0.353493 0.186415
vt 0.351214 0.205045
vt 0.350784 0.217379
vt 0.348772 0.231155
vt 0.317352 0.172747
vt 0.338202 0.177164
vt 0.339428 0.168973
vt 0.319189 0.159496
vt 0.338178 0.242850
vt 0.336882 0.254134
vt 0.343109 0.242641
vt 0.342737 0.254312
vt 0.347169 0.243380
vt 0.347618 0.254174
vt 0.336263 0.265509
vt 0.336642 0.280581
vt 0.341120 0.266318
vt 0.341036 0.281105
vt 0.347507 0.266449
vt 0.346410 0.282534
vt 0.336438 0.305803
vt 0.333767 0.321284
vt 0.330900 0.335541
vt 0.336158 0.294055
vt 0.341469 0.307168
vt 0.341646 0.323814
vt 0.345620 0.337284
vt 0.342074 0.293939
vt 0.346115 0.307162
vt 0.348462 0.322989
vt 0.352302 0.335123
vt 0.346644 0.293669
vt 0.384204 0.392555
vt 0.395079 0.397467
vt 0.325187 0.371486
vt 0.338965 0.377725
vt 0.404459 0.403137
vt 0.406731 0.406450
vt 0.351902 0.382775
vt 0.368235 0.388534
vt 0.386718 0.383930
vt 0.397235 0.391545
vt 0.337212 0.353523
vt 0.348292 0.362396
vt 0.406525 0.400124
vt 0.409862 0.403200
vt 0.359143 0.370338
vt 0.372761 0.378276
vt 0.389790 0.379892
vt 0.399336 0.388580
vt 0.353268 0.342914
vt 0.358692 0.353309
vt 0.408787 0.398155
vt 0.412100 0.402435
vt 0.366126 0.361633
vt 0.377411 0.371710
vt 0.710709 0.225729
vt 0.716876 0.262984
vt 0.708899 0.201550
vt 0.706550 0.186424
vt 0.250939 0.496608
vt 0.222284 0.523376
vt 0.268699 0.481477
vt 0.293587 0.464087
vt 0.316991 0.448253
vt 0.907306 0.374245
vt 0.921726 0.384997
vt 0.931809 0.395286
vt 0.940918 0.405728
vt 0.887998 0.360825
vt 0.905165 0.381728
vt 0.918614 0.391187
vt 0.928293 0.398869
vt 0.937894 0.409129
vt 0.883550 0.366080
vt 0.954958 0.397848
vt 0.960964 0.396894
vt 0.965601 0.397394
vt 0.967896 0.397470
vt 0.967913 0.377579
vt 0.720538 0.365080
vt 0.728839 0.360034
vt 0.815511 0.345325
vt 0.838469 0.347448
vt 0.709969 0.366020
vt 0.742961 0.353070
vt 0.753818 0.348649
vt 0.859169 0.351309
vt 0.771434 0.344076
vt 0.789753 0.342854
vt 0.875427 0.351220
vt 0.870721 0.357502
vt 0.948543 0.407520
vt 0.952225 0.405036
vt 0.944222 0.410614
vt 0.957197 0.403926
vt 0.961124 0.403730
vt 0.942517 0.413171
vt 0.965079 0.404148
vt 0.967037 0.404121
vt 0.954613 0.409891
vt 0.958159 0.409026
vt 0.961091 0.408899
vt 0.949203 0.414814
vt 0.952158 0.411894
vt 0.963695 0.409035
vt 0.965620 0.409749
vt 0.947205 0.415597
vt 0.952978 0.416137
vt 0.954175 0.413908
vt 0.962362 0.413274
vt 0.963317 0.413912
vt 0.960218 0.411953
vt 0.953478 0.417987
vt 0.955760 0.412569
vt 0.958260 0.411986
vt 0.960467 0.414673
vt 0.961341 0.415749
vt 0.959385 0.414205
vt 0.955282 0.418000
vt 0.955818 0.416765
vt 0.956517 0.415145
vt 0.957134 0.414556
vt 0.958246 0.414134
vt 0.197298 0.064376
vt 0.144740 0.058976
vt 0.176353 0.060802
vt 0.177539 0.067450
vt 0.553333 0.466796
vt 0.516431 0.519188
vt 0.504745 0.510059
vt 0.144384 0.044812
vt 0.160737 0.058049
vt 0.158316 0.043825
vt 0.166553 0.063429
vt 0.544558 0.456364
vt 0.174813 0.053094
vt 0.696425 0.345144
vt 0.697281 0.352258
vt 0.705635 0.318869
vt 0.699777 0.335411
vt 0.711203 0.302220
vt 0.715872 0.283961
vt 0.707259 0.361972
vt 0.704165 0.358737
vt 0.702292 0.360366
vt 0.705463 0.363601
vt 0.707734 0.363283
vt 0.701627 0.357039
vt 0.699530 0.354585
vt 0.699149 0.356478
vt 0.700545 0.358513
vt 0.697700 0.354493
vt 0.698429 0.356392
vt 0.707596 0.365770
vt 0.959244 0.415471
vt 0.959979 0.415759
vt 0.957977 0.417349
vt 0.957649 0.416591
vt 0.957541 0.416006
vt 0.957977 0.415675
vt 0.958555 0.415366
vt 0.960361 0.416092
vt 0.815021 0.379680
vt 0.813891 0.378432
vt 0.819640 0.381657
vt 0.818963 0.381486
vt 0.817115 0.380890
vt 0.812829 0.376021
vt 0.821088 0.381962
vt 0.808264 0.375839
vt 0.801974 0.377309
vt 0.789842 0.380751
vt 0.684477 0.416785
vt 0.654951 0.424171
vt 0.772258 0.386259
vt 0.748541 0.399576
vt 0.708682 0.417438
vt 0.727844 0.409713
vt 0.326588 0.044762
vt 0.614066 0.416857
vt 0.592121 0.405792
vt 0.275611 0.000512
vt 0.296575 0.016924
vt 0.575110 0.395230
vt 0.319244 0.032291
vt 0.636896 0.419083
vt 0.564084 0.387236
vt 0.356024 0.147234
vt 0.409570 0.059392
vt 0.409967 0.059937
vt 0.407507 0.058182
vt 0.409553 0.058044
vt 0.409337 0.058676
vt 0.409287 0.056141
vt 0.410006 0.057171
vt 0.410549 0.060290
vt 0.411385 0.060328
vt 0.409905 0.058655
vt 0.410064 0.059189
vt 0.410283 0.058017
vt 0.410068 0.058368
vt 0.410336 0.059538
vt 0.410660 0.059568
vt 0.411046 0.059471
vt 0.410361 0.059029
vt 0.410788 0.058803
vt 0.407032 0.415715
vt 0.405577 0.413192
vt 0.408382 0.412812
vt 0.409271 0.413921
vt 0.411235 0.414696
vt 0.408983 0.417799
vt 0.393146 0.424194
vt 0.405736 0.419519
vt 0.409922 0.408034
vt 0.410595 0.409226
vt 0.409862 0.409815
vt 0.411725 0.407419
vt 0.411398 0.409028
vt 0.409529 0.411962
vt 0.410405 0.412435
vt 0.413183 0.407570
vt 0.411978 0.409725
vt 0.409660 0.410878
vt 0.411670 0.412452
vt 0.410734 0.410894
vt 0.410598 0.411990
vt 0.410979 0.409746
vt 0.411797 0.411071
vt 0.817824 0.379660
vt 0.816525 0.378693
vt 0.820352 0.380664
vt 0.819475 0.380622
vt 0.815442 0.377923
vt 0.814908 0.376645
vt 0.818835 0.380348
vt 0.818350 0.379108
vt 0.817008 0.378097
vt 0.819627 0.379865
vt 0.815746 0.377097
vt 0.801699 0.375478
vt 0.787869 0.378533
vt 0.771033 0.384646
vt 0.747502 0.397599
vt 0.808723 0.374556
vt 0.725743 0.407469
vt 0.811102 0.373681
vt 0.807373 0.372292
vt 0.794824 0.372600
vt 0.773591 0.378473
vt 0.745815 0.393824
vt 0.722625 0.403010
vt 0.005858 0.529775
vt 0.000546 0.518773
vt 0.015374 0.512018
vt 0.019785 0.523569
vt 0.683021 0.406445
vt 0.656724 0.412008
vt 0.857742 0.749397
vt 0.843553 0.742366
vt 0.841100 0.751488
vt 0.857792 0.760014
vt 0.796219 0.723097
vt 0.769683 0.720771
vt 0.767237 0.730110
vt 0.795281 0.733962
vt 0.885597 0.747584
vt 0.888548 0.759403
vt 0.821878 0.734039
vt 0.817272 0.741686
vt 0.637797 0.410385
vt 0.707062 0.415023
vt 0.913696 0.741625
vt 0.916229 0.757710
vt 0.367121 0.171920
vt 0.363928 0.184880
vt 0.357300 0.299443
vt 0.356813 0.311276
vt 0.371530 0.148368
vt 0.367968 0.156740
vt 0.358564 0.224364
vt 0.355698 0.240077
vt 0.359474 0.254079
vt 0.359107 0.271214
vt 0.359587 0.325134
vt 0.356938 0.337071
vt 0.359579 0.210170
vt 0.376706 0.137801
vt 0.390346 0.110267
vt 0.359912 0.197951
vt 0.355927 0.289068
vt 0.699515 0.189981
vt 0.702250 0.205493
vt 0.317866 0.457816
vt 0.297392 0.472357
vt 0.701442 0.230175
vt 0.275965 0.489771
vt 0.712492 0.262826
vt 0.257685 0.502812
vt 0.228345 0.528974
vt 0.856308 0.358563
vt 0.865495 0.362723
vt 0.772599 0.348850
vt 0.797171 0.350142
vt 0.817490 0.355029
vt 0.836259 0.357400
vt 0.880460 0.369014
vt 0.900504 0.383997
vt 0.809085 0.586756
vt 0.804669 0.560354
vt 0.799885 0.540160
vt 0.796988 0.521732
vt 0.978283 0.335311
vt 0.981480 0.327121
vt 0.987310 0.314441
vt 0.796346 0.504956
vt 0.816791 0.604327
vt 0.816029 0.424528
vt 0.823191 0.406219
vt 0.803253 0.475510
vt 0.807191 0.446287
vt 0.826440 0.393874
vt 0.816171 0.376756
vt 0.815108 0.376146
vt 0.822732 0.381866
vt 0.821446 0.380545
vt 0.818514 0.378608
vt 0.817111 0.377477
vt 0.819837 0.379223
vt 0.825294 0.387680
vt 0.813017 0.374756
vt 0.709201 0.370609
vt 0.722222 0.370563
vt 0.746089 0.358665
vt 0.755056 0.352192
vt 0.731010 0.364279
vt 0.927810 0.400154
vt 0.937103 0.410490
vt 0.940882 0.414362
vt 0.917963 0.392556
vt 0.945667 0.421197
vt 0.952644 0.421541
vt 0.596393 0.544779
vt 0.572212 0.591243
vt 0.585150 0.563295
vt 0.589461 0.631894
vt 0.603301 0.644262
vt 0.504423 0.581336
vt 0.519255 0.583486
vt 0.563540 0.608277
vt 0.542956 0.590980
vt 0.620722 0.663959
vt 0.592662 0.669399
vt 0.604534 0.687855
vt 0.527890 0.608439
vt 0.555421 0.624725
vt 0.508826 0.602443
vt 0.578350 0.650248
vt 0.492986 0.601376
vt 0.461056 0.903247
vt 0.466281 0.885948
vt 0.469606 0.874580
vt 0.472881 0.861710
vt 0.474153 0.846313
vt 0.464423 0.649173
vt 0.472466 0.638545
vt 0.475967 0.617758
vt 0.471143 0.600938
vt 0.480013 0.600830
vt 0.468188 0.587296
vt 0.482861 0.585114
vt 0.487611 0.566570
vt 0.471453 0.829190
vt 0.469232 0.812425
vt 0.468622 0.791597
vt 0.467287 0.765918
vt 0.463346 0.750121
vt 0.380542 0.894900
vt 0.384699 0.878878
vt 0.371967 0.914074
vt 0.356962 0.930682
vt 0.393429 0.788689
vt 0.394932 0.771329
vt 0.396497 0.812379
vt 0.394926 0.828781
vt 0.393538 0.849253
vt 0.345591 0.945346
vt 0.389676 0.861742
vt 0.637300 0.678050
vt 0.634862 0.704218
vt 0.593250 0.719783
vt 0.608057 0.712865
vt 0.015659 0.706093
vt 0.035540 0.708495
vt 0.029225 0.725622
vt 0.011517 0.720250
vt 0.027401 0.743459
vt 0.000536 0.750869
vt 0.598653 0.731119
vt 0.611176 0.726180
vt 0.050628 0.710794
vt 0.043488 0.726177
vt 0.041031 0.738205
vt 0.088408 0.686195
vt 0.064182 0.700644
vt 0.095114 0.671966
vt 0.076005 0.703419
vt 0.068075 0.714005
vt 0.122241 0.518596
vt 0.110921 0.508174
vt 0.128785 0.487815
vt 0.146742 0.506438
vt 0.101821 0.535013
vt 0.673510 0.742579
vt 0.654604 0.735468
vt 0.693160 0.748210
vt 0.106822 0.569844
vt 0.089820 0.556243
vt 0.115891 0.544209
vt 0.362866 0.889646
vt 0.366230 0.875849
vt 0.372245 0.845588
vt 0.373515 0.825020
vt 0.370703 0.785852
vt 0.371494 0.768450
vt 0.135735 0.528944
vt 0.126713 0.550025
vt 0.122725 0.577514
vt 0.140903 0.477672
vt 0.155850 0.497243
vt 0.065668 0.727248
vt 0.633844 0.725483
vt 0.065541 0.732619
vt 0.325067 0.934573
vt 0.337367 0.919495
vt 0.373987 0.809842
vt 0.369211 0.857595
vt 0.353972 0.905960
vt 0.341519 0.849918
vt 0.344433 0.839937
vt 0.341168 0.783780
vt 0.340718 0.768804
vt 0.339821 0.866064
vt 0.345599 0.819795
vt 0.348367 0.805358
vt 0.299286 0.917291
vt 0.307201 0.903521
vt 0.329138 0.894256
vt 0.339089 0.877495
vt 0.289624 0.779982
vt 0.289846 0.765545
vt 0.289403 0.847520
vt 0.293018 0.836241
vt 0.292987 0.812464
vt 0.295713 0.797907
vt 0.255309 0.892921
vt 0.261558 0.882943
vt 0.273739 0.869973
vt 0.296430 0.828669
vt 0.283224 0.859598
vt 0.246744 0.834587
vt 0.248403 0.823429
vt 0.257997 0.802142
vt 0.249862 0.792753
vt 0.215139 0.874446
vt 0.222765 0.862029
vt 0.235821 0.854237
vt 0.250449 0.819506
vt 0.245470 0.844564
vt 0.243587 0.777327
vt 0.245364 0.764286
vt 0.226373 0.799489
vt 0.221232 0.787708
vt 0.187894 0.862392
vt 0.192603 0.852347
vt 0.202056 0.840326
vt 0.232362 0.813297
vt 0.215376 0.833478
vt 0.221058 0.824896
vt 0.216195 0.774107
vt 0.229285 0.818175
vt 0.215735 0.760101
vt 0.161855 0.840349
vt 0.172012 0.828779
vt 0.187332 0.800959
vt 0.188220 0.788091
vt 0.182650 0.817740
vt 0.185883 0.815304
vt 0.184658 0.777924
vt 0.185611 0.771076
vt 0.186358 0.808753
vt 0.183186 0.759147
vt 0.158544 0.849429
vt 0.151681 0.792692
vt 0.151496 0.781600
vt 0.143836 0.810039
vt 0.146608 0.805797
vt 0.152661 0.771938
vt 0.150439 0.762250
vt 0.133433 0.815526
vt 0.148819 0.798388
vt 0.144935 0.754849
vt 0.124581 0.831935
vt 0.128942 0.826219
vt 0.092539 0.715856
vt 0.091588 0.724601
vt 0.111633 0.664887
vt 0.105796 0.674944
vt 0.145970 0.585101
vt 0.134232 0.606454
vt 0.096889 0.709208
vt 0.117937 0.648348
vt 0.157247 0.563520
vt 0.092721 0.728580
vt 0.166066 0.545815
vt 0.105932 0.691003
vt 0.130698 0.624329
vt 0.169629 0.524988
vt 0.173761 0.516711
vt 0.157458 0.668701
vt 0.146324 0.678300
vt 0.157092 0.655848
vt 0.135620 0.706730
vt 0.131624 0.713983
vt 0.165827 0.624000
vt 0.163712 0.634194
vt 0.175743 0.606128
vt 0.201961 0.549143
vt 0.196954 0.557759
vt 0.184824 0.585208
vt 0.133261 0.723484
vt 0.195498 0.571296
vt 0.137146 0.732079
vt 0.145234 0.690310
vt 0.186883 0.634462
vt 0.185019 0.645337
vt 0.200921 0.617402
vt 0.226940 0.572863
vt 0.223659 0.579183
vt 0.210212 0.595126
vt 0.168670 0.715275
vt 0.168274 0.720937
vt 0.216862 0.583415
vt 0.171430 0.734792
vt 0.174841 0.684802
vt 0.174809 0.699225
vt 0.173458 0.707886
vt 0.182320 0.669344
vt 0.178413 0.677360
vt 0.240671 0.615375
vt 0.228696 0.630011
vt 0.204995 0.718800
vt 0.207222 0.728344
vt 0.248961 0.599736
vt 0.206661 0.730691
vt 0.256568 0.592917
vt 0.203094 0.693951
vt 0.204670 0.703153
vt 0.206476 0.714594
vt 0.216304 0.657126
vt 0.211964 0.673821
vt 0.212442 0.683751
vt 0.221455 0.647801
vt 0.259995 0.586357
vt 0.278632 0.610618
vt 0.278452 0.617700
vt 0.243466 0.706303
vt 0.242997 0.712963
vt 0.237916 0.715537
vt 0.246732 0.668694
vt 0.241873 0.684828
vt 0.242701 0.691335
vt 0.232464 0.721753
vt 0.248141 0.658814
vt 0.259180 0.644382
vt 0.281441 0.603651
vt 0.266964 0.627055
vt 0.233313 0.726026
vt 0.234609 0.731003
vt 0.271141 0.716394
vt 0.270078 0.722289
vt 0.277108 0.679952
vt 0.271611 0.692185
vt 0.272420 0.700189
vt 0.272893 0.708257
vt 0.268259 0.727197
vt 0.282161 0.673229
vt 0.288070 0.658586
vt 0.310955 0.622675
vt 0.307694 0.626752
vt 0.296063 0.644758
vt 0.267526 0.732270
vt 0.304254 0.633161
vt 0.282440 0.598640
vt 0.310849 0.617886
vt 0.306852 0.698683
vt 0.309543 0.704513
vt 0.299816 0.726203
vt 0.299687 0.733074
vt 0.305351 0.682889
vt 0.302678 0.687808
vt 0.313423 0.672127
vt 0.335523 0.636064
vt 0.334337 0.639150
vt 0.322079 0.663469
vt 0.300536 0.733862
vt 0.329268 0.645987
vt 0.338511 0.634483
vt 0.303005 0.712755
vt 0.302629 0.719714
vt 0.350093 0.690651
vt 0.342200 0.697391
vt 0.368667 0.660653
vt 0.367489 0.663638
vt 0.357501 0.678651
vt 0.343985 0.733028
vt 0.341448 0.737619
vt 0.365893 0.667989
vt 0.370787 0.657443
vt 0.345828 0.721631
vt 0.347303 0.725971
vt 0.341556 0.729347
vt 0.341037 0.700061
vt 0.344624 0.713270
vt 0.346168 0.717624
vt 0.394138 0.682319
vt 0.384191 0.692856
vt 0.397441 0.676603
vt 0.395037 0.679942
vt 0.375356 0.727997
vt 0.375362 0.730593
vt 0.373658 0.734150
vt 0.375423 0.714808
vt 0.376168 0.718341
vt 0.375791 0.725587
vt 0.376623 0.739178
vt 0.373060 0.709775
vt 0.377523 0.701547
vt 0.375014 0.654686
vt 0.401551 0.673282
vt 0.404853 0.733927
vt 0.401587 0.736104
vt 0.402607 0.739838
vt 0.402682 0.721592
vt 0.399928 0.726628
vt 0.409237 0.732406
vt 0.402162 0.742061
vt 0.407250 0.719271
vt 0.411620 0.715745
vt 0.420870 0.692485
vt 0.419190 0.694992
vt 0.414719 0.703507
vt 0.422977 0.687516
vt 0.422841 0.690001
vt 0.416818 0.696720
vt 0.429601 0.729648
vt 0.429064 0.733464
vt 0.429032 0.738928
vt 0.428229 0.743219
vt 0.428358 0.745612
vt 0.432142 0.726111
vt 0.435385 0.722860
vt 0.443865 0.705248
vt 0.441696 0.706486
vt 0.439781 0.718288
vt 0.445075 0.701814
vt 0.441271 0.711947
vt 0.459559 0.709352
vt 0.472921 0.717833
vt 0.471465 0.720367
vt 0.458372 0.711825
vt 0.446131 0.734472
vt 0.447180 0.731716
vt 0.461135 0.735837
vt 0.460499 0.738330
vt 0.448779 0.729219
vt 0.461956 0.732585
vt 0.454860 0.716629
vt 0.457117 0.714059
vt 0.469318 0.721381
vt 0.468668 0.723019
vt 0.450790 0.725133
vt 0.463357 0.729089
vt 0.452456 0.721146
vt 0.466414 0.725221
vt 0.445407 0.740830
vt 0.460737 0.745107
vt 0.460360 0.748473
vt 0.445410 0.742291
vt 0.445392 0.744602
vt 0.445252 0.737422
vt 0.459850 0.741113
vt 0.112154 0.801368
vt 0.118608 0.794059
vt 0.113281 0.766006
vt 0.112117 0.759896
vt 0.109602 0.803755
vt 0.118440 0.792953
vt 0.117287 0.784394
vt 0.116222 0.753008
vt 0.114966 0.776796
vt 0.100494 0.816450
vt 0.105991 0.810541
vt 0.077143 0.781040
vt 0.079299 0.779081
vt 0.075295 0.760170
vt 0.074402 0.753176
vt 0.074595 0.784754
vt 0.077654 0.772740
vt 0.078989 0.767127
vt 0.065593 0.794286
vt 0.070444 0.792005
vt 0.062112 0.757335
vt 0.063704 0.751777
vt 0.064450 0.782014
vt 0.065923 0.776155
vt 0.063438 0.769496
vt 0.061931 0.763046
vt 0.056537 0.788736
vt 0.060177 0.785577
vt 0.456789 0.440142
vt 0.450845 0.439163
vt 0.429294 0.440949
vt 0.424878 0.438908
vt 0.473904 0.448806
vt 0.468755 0.443721
vt 0.463810 0.440877
vt 0.502942 0.465162
vt 0.497281 0.462185
vt 0.444300 0.440900
vt 0.438424 0.439294
vt 0.489653 0.457296
vt 0.480469 0.451961
vt 0.449202 0.471291
vt 0.443495 0.470681
vt 0.427747 0.465443
vt 0.419997 0.465615
vt 0.463399 0.475708
vt 0.457035 0.472850
vt 0.488671 0.488773
vt 0.482580 0.487200
vt 0.434961 0.469647
vt 0.475802 0.481765
vt 0.468518 0.477069
vt 0.437756 0.510615
vt 0.434560 0.510074
vt 0.424522 0.509922
vt 0.449394 0.516360
vt 0.443108 0.511646
vt 0.466684 0.527428
vt 0.463159 0.521770
vt 0.433868 0.510203
vt 0.430265 0.510561
vt 0.457581 0.520487
vt 0.453792 0.519526
vt 0.486234 0.741042
vt 0.485971 0.741187
vt 0.485903 0.741037
vt 0.485954 0.741007
vt 0.436786 0.550976
vt 0.434031 0.549568
vt 0.428544 0.544690
vt 0.420640 0.539852
vt 0.417859 0.540973
vt 0.431467 0.547512
vt 0.448207 0.553928
vt 0.444575 0.553315
vt 0.424395 0.541252
vt 0.440973 0.552209
vt 0.422806 0.551456
vt 0.420846 0.551368
vt 0.054813 0.772721
vt 0.054826 0.768159
vt 0.053474 0.762334
vt 0.045804 0.785003
vt 0.051014 0.781116
vt 0.053874 0.778213
vt 0.051093 0.757176
vt 0.052389 0.750979
vt 0.040069 0.771088
vt 0.040643 0.766535
vt 0.037661 0.756328
vt 0.039194 0.750719
vt 0.033543 0.779424
vt 0.037515 0.775723
vt 0.038014 0.761663
vt 0.040724 0.773572
vt 0.029054 0.771254
vt 0.029641 0.768301
vt 0.028209 0.760639
vt 0.027511 0.755965
vt 0.028006 0.774652
vt 0.029573 0.764360
vt 0.028373 0.750756
vt 0.023167 0.776418
vt 0.016989 0.754748
vt 0.017400 0.750121
vt 0.013075 0.772685
vt 0.015804 0.770801
vt 0.019945 0.762499
vt 0.017848 0.758090
vt 0.018126 0.768115
vt 0.018274 0.765823
vt 0.006689 0.767605
vt 0.008361 0.765817
vt 0.009050 0.762415
vt 0.008845 0.759889
vt 0.007479 0.754571
vt 0.008089 0.750982
vt 0.004588 0.768850
vt 0.007609 0.756908
vt 0.440729 0.560439
vt 0.437822 0.559882
vt 0.432949 0.556867
vt 0.431355 0.555600
vt 0.426312 0.552429
vt 0.435421 0.558172
vt 0.429357 0.554246
vt 0.418246 0.551106
vt 0.428581 0.561038
vt 0.426830 0.560120
vt 0.429887 0.561756
vt 0.420788 0.558087
vt 0.419147 0.558319
vt 0.431844 0.563082
vt 0.424839 0.559102
vt 0.435408 0.565142
vt 0.433705 0.564476
vt 0.422113 0.557938
vt 0.005786 0.020397
vt 0.002872 0.020342
vt 0.004338 0.017282
vt 0.004755 0.011904
vt 0.004622 0.016339
vt 0.004018 0.016300
vt 0.008495 0.013536
vt 0.008495 0.018228
vt 0.004669 0.017119
vt 0.001107 0.019096
vt 0.003775 0.017308
vt 0.000516 0.015567
vt 0.003535 0.016776
vt 0.007010 0.012584
vt 0.002674 0.013077
vt 0.004197 0.016784
vt 0.004254 0.016648
vt 0.004100 0.016605
vt 0.004022 0.016731
vt 0.004188 0.016860
vt 0.004051 0.016901
vt 0.478011 0.728009
vt 0.477167 0.729353
vt 0.475591 0.731185
vt 0.471665 0.736339
vt 0.470804 0.738701
vt 0.470150 0.740680
vt 0.471257 0.743887
vt 0.473713 0.732988
vt 0.479247 0.727271
vt 0.471843 0.747359
vt 0.471805 0.750869
vt 0.481285 0.725447
vt 0.480697 0.734729
vt 0.479234 0.736050
vt 0.477693 0.747123
vt 0.478948 0.749870
vt 0.484232 0.730988
vt 0.482580 0.731805
vt 0.477060 0.742186
vt 0.476801 0.744822
vt 0.481856 0.732896
vt 0.478327 0.738297
vt 0.477497 0.740832
vt 0.486049 0.730098
vt 0.481757 0.741456
vt 0.481657 0.742505
vt 0.482200 0.744232
vt 0.483159 0.745538
vt 0.482905 0.738331
vt 0.481989 0.739827
vt 0.486118 0.735444
vt 0.485005 0.736100
vt 0.489042 0.735031
vt 0.487168 0.735449
vt 0.483795 0.737493
vt 0.485046 0.747440
vt 0.486538 0.742306
vt 0.488836 0.741252
vt 0.487792 0.739922
vt 0.486889 0.739527
vt 0.484751 0.741688
vt 0.485226 0.742284
vt 0.486495 0.739514
vt 0.485762 0.739642
vt 0.484877 0.740620
vt 0.484702 0.741274
vt 0.485250 0.740091
vt 0.485838 0.741322
vt 0.485786 0.740813
vt 0.485702 0.740956
vt 0.486185 0.740817
vt 0.486138 0.740784
vt 0.486208 0.740893
vt 0.485895 0.740757
vt 0.485685 0.741188
vt 0.485691 0.741090
vt 0.485967 0.740957
vt 0.485863 0.741057
vt 0.485911 0.740944
vt 0.485859 0.740997
vt 0.485898 0.740967
vt 0.002272 0.765206
vt 0.003256 0.764024
vt 0.004039 0.761086
vt 0.004276 0.759152
vt 0.003375 0.754456
vt 0.003411 0.751750
vt 0.000525 0.766344
vt 0.003649 0.756267
vt 0.002617 0.008853
vt 0.000523 0.006740
vt 0.004416 0.004943
vt 0.004925 0.005540
vt 0.005441 0.001098
vt 0.008791 0.004568
vt 0.005601 0.004952
vt 0.005124 0.004231
vt 0.002378 0.000513
vt 0.004614 0.004220
vt 0.007663 0.007748
vt 0.005541 0.005325
vt 0.000523 0.001716
vt 0.004975 0.004880
vt 0.005056 0.005040
vt 0.005261 0.005044
vt 0.005208 0.004948
vt 0.004969 0.004720
vt 0.005083 0.004727
vt 0.958169 0.416476
vt 0.958796 0.416113
vt 0.959637 0.416005
vt 0.958280 0.417140
vt 0.959090 0.416677
vt 0.959966 0.416534
vt 0.412033 0.060461
vt 0.412627 0.061800
vt 0.412474 0.070325
vt 0.409856 0.076574
vt 0.413788 0.065597
vt 0.407077 0.082388
vt 0.399181 0.094232
vt 0.349595 0.049669
vt 0.363862 0.049315
vt 0.410364 0.056335
vt 0.410841 0.057554
vt 0.394183 0.048360
vt 0.401101 0.050067
vt 0.409375 0.055117
vt 0.411547 0.058689
vt 0.411858 0.059633
vt 0.405782 0.051824
vt 0.376060 0.048654
vt 0.338708 0.048695
vt 0.387975 0.048329
vt 0.331993 0.046653
vt 0.401644 0.047450
vt 0.406713 0.049111
vt 0.363520 0.045882
vt 0.373733 0.045467
vt 0.411365 0.053717
vt 0.351243 0.046203
vt 0.383327 0.045593
vt 0.392498 0.044829
vt 0.345569 0.045211
vt 0.412962 0.059813
vt 0.413195 0.061394
vt 0.412642 0.058330
vt 0.411428 0.056638
vt 0.411579 0.077157
vt 0.408885 0.083609
vt 0.414194 0.070292
vt 0.414641 0.064811
vt 0.400931 0.095489
vt 0.392305 0.112829
vt 0.015426 0.576254
vt 0.012504 0.566173
vt 0.020469 0.570291
vt 0.022418 0.579133
vt 0.416541 0.066973
vt 0.415648 0.072147
vt 0.404355 0.045561
vt 0.408488 0.047941
vt 0.411433 0.083994
vt 0.405205 0.093620
vt 0.020092 0.595524
vt 0.016777 0.586043
vt 0.023440 0.588613
vt 0.024762 0.598272
vt 0.396817 0.042521
vt 0.413511 0.078411
vt 0.398855 0.106981
vt 0.412263 0.051771
vt 0.413843 0.054919
vt 0.414767 0.061856
vt 0.415586 0.057318
vt 0.008383 0.554353
vt 0.018140 0.562655
vt 0.415825 0.059598
vt 0.007119 0.548424
vt 0.018464 0.555705
vt 0.037900 0.563993
vt 0.039564 0.578048
vt 0.039786 0.590106
vt 0.040535 0.596564
vt 0.026730 0.607362
vt 0.040033 0.604352
vt 0.028589 0.612529
vt 0.038706 0.611169
vt 0.036753 0.620442
vt 0.030474 0.618699
vt 0.031747 0.622022
vt 0.034473 0.621254
vt 0.039404 0.619486
vt 0.371978 0.160221
vt 0.370931 0.173638
vt 0.946601 0.831383
vt 0.940343 0.819686
vt 0.933570 0.817845
vt 0.939915 0.829643
vt 0.376291 0.152299
vt 0.953697 0.845068
vt 0.947073 0.843493
vt 0.378907 0.140201
vt 0.932468 0.807956
vt 0.930985 0.793907
vt 0.927064 0.792813
vt 0.927005 0.807101
vt 0.330077 0.035799
vt 0.337193 0.039417
vt 0.022213 0.536317
vt 0.007970 0.537813
vt 0.378275 0.160694
vt 0.376855 0.173407
vt 0.382366 0.154048
vt 0.384674 0.143388
vt 0.397174 0.117683
vt 0.034487 0.554856
vt 0.035381 0.529456
vt 0.036228 0.518784
vt 0.040535 0.512229
vt 0.922821 0.788765
vt 0.930275 0.778557
vt 0.827703 0.386024
vt 0.823558 0.377830
vt 0.819057 0.425823
vt 0.826165 0.407051
vt 0.807459 0.476413
vt 0.810647 0.447491
vt 0.829802 0.393411
vt 0.042809 0.033363
vt 0.040739 0.054529
vt 0.035491 0.054943
vt 0.037532 0.033555
vt 0.040700 0.078406
vt 0.038231 0.107298
vt 0.031645 0.109310
vt 0.035298 0.079216
vt 0.040283 0.009949
vt 0.041008 0.018070
vt 0.034911 0.018092
vt 0.034544 0.009978
vt 0.035789 0.000678
vt 0.029964 0.000525
vt 0.795084 0.367624
vt 0.773355 0.373141
vt 0.809742 0.367917
vt 0.745956 0.388060
vt 0.814185 0.371859
vt 0.721140 0.394559
vt 0.821312 0.378160
vt 0.819188 0.377549
vt 0.815760 0.375425
vt 0.814416 0.374761
vt 0.817046 0.376144
vt 0.820141 0.376574
vt 0.817419 0.375114
vt 0.815700 0.374222
vt 0.819595 0.373592
vt 0.025570 0.007943
vt 0.024360 0.002108
vt 0.025539 0.024773
vt 0.023346 0.049564
vt 0.013143 0.080230
vt 0.010046 0.105911
vt 0.964045 0.414899
vt 0.967055 0.410306
vt 0.968602 0.404471
vt 0.969839 0.397690
vt 0.969695 0.378098
vt 0.970464 0.364488
vt 0.973464 0.350249
vt 0.961398 0.416738
vt 0.971942 0.397839
vt 0.972595 0.378431
vt 0.978133 0.350830
vt 0.984530 0.334608
vt 0.960787 0.418220
vt 0.964679 0.415766
vt 0.968495 0.411469
vt 0.970863 0.404927
vt 0.974264 0.365131
vt 0.925927 0.403374
vt 0.935395 0.414502
vt 0.939648 0.419472
vt 0.914481 0.396070
vt 0.892522 0.390470
vt 0.960248 0.417223
vt 0.960697 0.416749
vt 0.958168 0.418026
vt 0.958514 0.417807
vt 0.959377 0.417319
vt 0.957941 0.418803
vt 0.958458 0.418399
vt 0.959456 0.417875
vt 0.955769 0.420266
vt 0.019563 0.865649
vt 0.029352 0.856909
vt 0.030390 0.865201
vt 0.014168 0.860159
vt 0.004145 0.846075
vt 0.029359 0.834623
vt 0.000439 0.830754
vt 0.001946 0.808245
vt 0.029534 0.819302
vt 0.032148 0.782054
vt 0.030761 0.802450
vt 0.024605 0.885144
vt 0.023653 0.881380
vt 0.032148 0.881258
vt 0.021734 0.872830
vt 0.031580 0.873665
vt 0.026350 0.887732
vt 0.030393 0.887036
vt 0.713791 0.284178
vt 0.709283 0.301673
vt 0.698328 0.334658
vt 0.695000 0.344769
vt 0.695926 0.352295
vt 0.704003 0.317994
vt 0.696312 0.354863
vt 0.692848 0.353832
vt 0.694007 0.357547
vt 0.694860 0.333627
vt 0.691555 0.344773
vt 0.709199 0.284047
vt 0.705136 0.301037
vt 0.700288 0.316337
vt 0.755913 0.357331
vt 0.772300 0.354765
vt 0.794346 0.355818
vt 0.048835 0.488086
vt 0.049063 0.470044
vt 0.044369 0.469495
vt 0.044067 0.487479
vt 0.047433 0.428736
vt 0.048609 0.413479
vt 0.043932 0.413603
vt 0.042668 0.428810
vt 0.051041 0.440587
vt 0.046282 0.440356
vt 0.049981 0.458853
vt 0.045147 0.458482
vt 0.051041 0.509286
vt 0.046256 0.508656
vt 0.698608 0.357551
vt 0.697344 0.356977
vt 0.697728 0.358804
vt 0.699969 0.359915
vt 0.705588 0.365141
vt 0.702820 0.362856
vt 0.702426 0.363956
vt 0.701553 0.361442
vt 0.696647 0.360160
vt 0.697593 0.360216
vt 0.699120 0.360468
vt 0.700873 0.362239
vt 0.699749 0.363365
vt 0.702217 0.365812
vt 0.703472 0.367469
vt 0.706329 0.368920
vt 0.049337 0.410074
vt 0.048018 0.407120
vt 0.038195 0.403614
vt 0.035514 0.406715
vt 0.043806 0.402521
vt 0.046878 0.404989
vt 0.017518 0.472262
vt 0.010131 0.489110
vt 0.028998 0.420579
vt 0.025293 0.434335
vt 0.022394 0.455123
vt 0.032819 0.409956
vt 0.380231 0.432353
vt 0.359542 0.438895
vt 0.410411 0.418583
vt 0.407108 0.421789
vt 0.394491 0.428017
vt 0.412520 0.414747
vt 0.391008 0.377881
vt 0.400432 0.386110
vt 0.410141 0.396091
vt 0.357506 0.343058
vt 0.361643 0.352177
vt 0.413732 0.401441
vt 0.415555 0.408423
vt 0.369020 0.358817
vt 0.380542 0.367648
vt 0.015999 0.311179
vt 0.016395 0.328359
vt 0.012607 0.329216
vt 0.012073 0.311914
vt 0.033552 0.383163
vt 0.040103 0.391948
vt 0.035630 0.395696
vt 0.028659 0.386365
vt 0.017116 0.342656
vt 0.014557 0.343724
vt 0.013646 0.294477
vt 0.015458 0.303526
vt 0.010495 0.304558
vt 0.011035 0.294952
vt 0.021116 0.359017
vt 0.027320 0.374087
vt 0.024272 0.375042
vt 0.018223 0.359716
vt 0.045028 0.397062
vt 0.041627 0.400437
vt 0.413513 0.410179
vt 0.413320 0.411519
vt 0.412953 0.413154
vt 0.412743 0.419787
vt 0.408395 0.423736
vt 0.414881 0.414704
vt 0.396282 0.430367
vt 0.383864 0.434878
vt 0.338987 0.446007
vt 0.361716 0.442830
vt 0.341698 0.449470
vt 0.319741 0.462518
vt 0.416541 0.411011
vt 0.004126 0.340026
vt 0.000504 0.419162
vt 0.000504 0.390753
vt 0.003072 0.366936
vt 0.003794 0.324268
vt 0.004186 0.307165
vt 0.005301 0.300893
vt 0.869134 0.991765
vt 0.894188 0.997832
vt 0.925973 0.965727
vt 0.007092 0.295184
vt 0.281699 0.497522
vt 0.264638 0.508909
vt 0.235578 0.534354
vt 0.691555 0.193128
vt 0.694465 0.209876
vt 0.692581 0.234792
vt 0.776294 0.998425
vt 0.817721 0.988476
vt 0.818206 0.977058
vt 0.777028 0.986945
vt 0.732201 0.984814
vt 0.756938 0.995026
vt 0.756425 0.983539
vt 0.731401 0.973251
vt 0.840145 0.983230
vt 0.840086 0.971653
vt 0.298811 0.474947
vt 0.867723 0.982893
vt 0.864076 0.970655
vt 0.919304 0.952676
vt 0.926669 0.950263
vt 0.930317 0.963708
vt 0.932958 0.934473
vt 0.937463 0.921190
vt 0.927888 0.922439
vt 0.923496 0.935291
vt 0.944929 0.911486
vt 0.953202 0.892950
vt 0.943655 0.894894
vt 0.935288 0.914020
vt 0.959343 0.875762
vt 0.949683 0.876764
vt 0.961904 0.860614
vt 0.952582 0.861640
vt 0.993089 0.323172
vt 0.999435 0.309963
vt 0.811514 0.522565
vt 0.810777 0.509460
vt 0.820486 0.555027
vt 0.814217 0.537641
vt 0.829802 0.598254
vt 0.822181 0.580692
vt 0.674397 0.750023
vt 0.675446 0.765657
vt 0.694103 0.768916
vt 0.691904 0.752560
vt 0.673755 0.783102
vt 0.670543 0.802981
vt 0.688138 0.807641
vt 0.693969 0.787390
vt 0.631114 0.853309
vt 0.614085 0.857097
vt 0.639679 0.865484
vt 0.649096 0.860853
vt 0.655068 0.826401
vt 0.647505 0.846082
vt 0.664744 0.852556
vt 0.673954 0.832619
vt 0.708983 0.403228
vt 0.686732 0.396212
vt 0.042809 0.141919
vt 0.029218 0.153238
vt 0.000505 0.117949
vt 0.000509 0.141824
vt 0.600395 0.894604
vt 0.855312 0.374479
vt 0.867505 0.376629
vt 0.803960 0.361953
vt 0.818454 0.368520
vt 0.832450 0.371855
vt 0.847993 0.371207
vt 0.662915 0.965574
vt 0.666366 0.968938
vt 0.670317 0.956106
vt 0.708158 0.264643
vt 0.698093 0.989654
vt 0.701282 0.998425
vt 0.000583 0.506086
vt 0.008381 0.511243
vt 0.666667 0.923562
vt 0.673231 0.938667
vt 0.701243 0.931225
vt 0.687469 0.899186
vt 0.645134 0.906296
vt 0.651890 0.912914
vt 0.910753 0.861104
vt 0.697370 0.854394
vt 0.630650 0.901394
vt 0.680890 0.880964
vt 0.891611 0.809840
vt 0.897785 0.899958
vt 0.746842 0.725225
vt 0.719884 0.722034
vt 0.730799 0.761532
vt 0.772751 0.763199
vt 0.746458 0.943923
vt 0.885712 0.928717
vt 0.718329 0.805865
vt 0.827925 0.779328
vt 0.710303 0.727726
vt 0.810912 0.946762
vt 0.446205 0.699632
s 1
usemtl mapobjects/oldone/skin
f 1/1/1 2/2/2 3/3/3
f 4/4/4 5/5/5 6/6/6
f 4/4/4 6/6/6 7/7/7
f 6/6/6 5/5/5 8/8/8
f 6/6/6 8/8/8 9/9/9
f 9/9/9 8/8/8 10/10/10
f 9/9/9 10/10/10 11/11/11
f 12/12/12 13/13/13 14/14/14
f 15/15/15 12/12/12 16/16/16
f 15/15/15 16/16/16 17/17/17
f 3/3/3 2/2/2 18/18/18
f 3/3/3 18/18/18 19/19/19
f 19/19/19 18/18/18 20/20/20
f 19/19/19 20/20/20 21/21/21
f 21/21/21 20/20/20 22/22/22
f 21/21/21 22/22/22 23/23/23
f 23/23/23 22/22/22 24/24/24
f 23/23/23 24/24/24 25/25/25
f 25/25/25 24/24/24 26/26/26
f 25/25/25 26/26/26 27/27/27
f 27/27/27 26/26/26 28/28/28
f 27/27/27 28/28/28 29/29/29
f 29/29/29 28/28/28 30/30/30
f 29/29/29 30/30/30 31/31/31
f 31/31/31 32/32/32 33/33/33
f 32/32/32 34/34/34 35/35/35
f 32/32/32 35/35/35 36/36/36
f 36/36/36 35/35/35 37/37/37
f 36/36/36 37/37/37 38/38/38
f 39/39/39 40/40/40 41/41/41
f 39/39/39 41/41/41 42/42/42
f 42/42/42 41/41/41 43/43/43
f 42/42/42 43/43/43 44/44/44
f 45/45/45 46/46/46 44/44/44
f 45/45/45 44/44/44 43/43/43
f 45/45/45 47/47/47 48/48/48
f 45/45/45 48/48/48 46/46/46
f 47/47/47 49/49/49 50/50/50
f 47/47/47 50/50/50 48/48/48
f 49/49/49 51/51/51 52/52/52
f 49/49/49 52/52/52 50/50/50
f 51/51/51 53/53/53 54/54/54
f 43/43/43 41/41/41 55/55/55
f 43/43/43 55/55/55 56/56/56
f 57/57/57 41/41/41 40/40/40
f 57/57/57 40/40/40 37/37/37
f 53/53/53 58/58/58 59/59/59
f 53/53/53 59/59/59 54/54/54
f 58/58/58 60/60/60 61/61/61
f 58/58/58 61/61/61 59/59/59
f 60/60/60 62/62/62 63/63/63
f 60/60/60 63/63/63 61/61/61
f 64/64/64 65/65/65 66/66/66
f 64/64/64 66/66/66 67/67/67
f 65/65/65 68/68/68 69/69/69
f 65/65/65 69/69/69 66/66/66
f 45/45/45 70/70/70 71/71/71
f 45/45/45 71/71/71 47/47/47
f 43/43/43 56/56/56 70/70/70
f 43/43/43 70/70/70 45/45/45
f 47/47/47 71/71/71 72/72/72
f 47/47/47 72/72/72 49/49/49
f 72/72/72 73/73/73 51/51/51
f 72/72/72 51/51/51 49/49/49
f 73/73/73 74/74/74 53/53/53
f 73/73/73 53/53/53 51/51/51
f 1/1/1 3/3/3 19/19/19
f 1/1/1 19/19/19 75/75/75
f 19/19/19 21/21/21 23/23/23
f 19/19/19 23/23/23 75/75/75
f 25/25/25 76/76/76 75/75/75
f 25/25/25 75/75/75 23/23/23
f 27/27/27 77/77/77 76/76/76
f 27/27/27 76/76/76 25/25/25
f 27/27/27 29/29/29 31/31/31
f 27/27/27 31/31/31 77/77/77
f 33/33/33 77/77/77 31/31/31
f 32/32/32 78/78/78 33/33/33
f 74/74/74 79/79/79 58/58/58
f 74/74/74 58/58/58 53/53/53
f 80/80/80 60/60/60 58/58/58
f 80/80/80 58/58/58 79/79/79
f 81/81/81 62/62/62 60/60/60
f 81/81/81 60/60/60 80/80/80
f 82/82/82 64/64/64 62/62/62
f 82/82/82 62/62/62 81/81/81
f 83/83/83 68/68/68 65/65/65
f 83/83/83 65/65/65 84/84/84
f 4/4/4 7/7/7 85/85/85
f 4/4/4 85/85/85 86/86/86
f 86/86/86 85/85/85 87/87/87
f 86/86/86 87/87/87 88/88/88
f 89/89/89 88/88/88 87/87/87
f 89/89/89 87/87/87 90/90/90
f 91/91/91 89/89/89 90/90/90
f 91/91/91 90/90/90 92/92/92
f 90/90/90 87/87/87 93/93/93
f 90/90/90 93/93/93 94/94/94
f 92/92/92 90/90/90 94/94/94
f 92/92/92 94/94/94 95/95/95
f 87/87/87 85/85/85 96/96/96
f 87/87/87 96/96/96 93/93/93
f 85/85/85 7/7/7 97/97/97
f 85/85/85 97/97/97 96/96/96
f 98/98/98 7/7/7 99/99/99
f 7/7/7 6/6/6 100/100/100
f 7/7/7 100/100/100 99/99/99
f 6/6/6 9/9/9 101/101/101
f 6/6/6 101/101/101 100/100/100
f 102/102/102 91/91/91 92/92/92
f 102/102/102 92/92/92 103/103/103
f 28/28/28 102/102/102 103/103/103
f 28/28/28 103/103/103 104/104/104
f 30/30/30 28/28/28 104/104/104
f 30/30/30 104/104/104 105/105/105
f 14/14/14 106/106/106 107/107/107
f 108/108/108 109/109/109 110/110/110
f 108/108/108 110/110/110 111/111/111
f 9/9/9 11/11/11 112/112/112
f 9/9/9 112/112/112 101/101/101
f 113/113/113 114/114/114 115/115/115
f 113/113/113 115/115/115 116/116/116
f 117/117/117 106/106/106 14/14/14
f 33/33/33 17/17/17 118/118/118
f 33/33/33 118/118/118 77/77/77
f 119/119/119 120/120/120 101/101/101
f 119/119/119 101/101/101 112/112/112
f 121/121/121 119/119/119 112/112/112
f 121/121/121 112/112/112 106/106/106
f 122/122/122 121/121/121 106/106/106
f 122/122/122 106/106/106 117/117/117
f 123/123/123 122/122/122 117/117/117
f 123/123/123 117/117/117 83/83/83
f 76/76/76 77/77/77 118/118/118
f 76/76/76 118/118/118 124/124/124
f 38/38/38 125/125/125 126/126/126
f 38/38/38 126/126/126 36/36/36
f 100/100/100 101/101/101 120/120/120
f 100/100/100 120/120/120 127/127/127
f 128/128/128 129/129/129 130/130/130
f 128/128/128 130/130/130 131/131/131
f 132/132/132 131/131/131 130/130/130
f 132/132/132 130/130/130 133/133/133
f 134/134/134 132/132/132 133/133/133
f 134/134/134 133/133/133 135/135/135
f 136/136/136 134/134/134 135/135/135
f 136/136/136 135/135/135 137/137/137
f 138/138/138 136/136/136 137/137/137
f 138/138/138 137/137/137 139/139/139
f 140/140/140 138/138/138 139/139/139
f 140/140/140 139/139/139 141/141/141
f 142/142/142 140/140/140 141/141/141
f 142/142/142 141/141/141 143/143/143
f 144/144/144 145/145/145 146/146/146
f 130/130/130 129/129/129 147/147/147
f 130/130/130 147/147/147 148/148/148
f 148/148/148 120/120/120 130/130/130
f 133/133/133 130/130/130 120/120/120
f 133/133/133 120/120/120 119/119/119
f 135/135/135 133/133/133 119/119/119
f 135/135/135 119/119/119 121/121/121
f 137/137/137 135/135/135 121/121/121
f 137/137/137 121/121/121 122/122/122
f 149/149/149 150/150/150 151/151/151
f 149/149/149 151/151/151 152/152/152
f 139/139/139 137/137/137 122/122/122
f 139/139/139 122/122/122 123/123/123
f 141/141/141 139/139/139 123/123/123
f 141/141/141 123/123/123 153/153/153
f 143/143/143 141/141/141 153/153/153
f 143/143/143 153/153/153 154/154/154
f 35/35/35 155/155/155 57/57/57
f 35/35/35 57/57/57 37/37/37
f 76/76/76 124/124/124 1/1/1
f 76/76/76 1/1/1 75/75/75
f 125/125/125 156/156/156 126/126/126
f 157/157/157 125/125/125 38/38/38
f 157/157/157 38/38/38 39/39/39
f 158/158/158 159/159/159 42/42/42
f 158/158/158 42/42/42 44/44/44
f 158/158/158 44/44/44 160/160/160
f 161/161/161 160/160/160 44/44/44
f 161/161/161 44/44/44 46/46/46
f 84/84/84 153/153/153 123/123/123
f 84/84/84 123/123/123 83/83/83
f 52/52/52 162/162/162 161/161/161
f 52/52/52 161/161/161 50/50/50
f 48/48/48 50/50/50 161/161/161
f 48/48/48 161/161/161 46/46/46
f 163/163/163 160/160/160 161/161/161
f 163/163/163 161/161/161 162/162/162
f 158/158/158 160/160/160 163/163/163
f 158/158/158 163/163/163 164/164/164
f 165/165/165 159/159/159 158/158/158
f 165/165/165 158/158/158 164/164/164
f 157/157/157 159/159/159 165/165/165
f 157/157/157 165/165/165 166/166/166
f 156/156/156 125/125/125 167/167/167
f 92/92/92 95/95/95 168/168/168
f 92/92/92 168/168/168 169/169/169
f 169/169/169 168/168/168 170/170/170
f 169/169/169 170/170/170 171/171/171
f 171/171/171 170/170/170 172/172/172
f 171/171/171 172/172/172 173/173/173
f 173/173/173 172/172/172 174/174/174
f 173/173/173 174/174/174 175/175/175
f 175/175/175 174/174/174 176/176/176
f 175/175/175 176/176/176 177/177/177
f 94/94/94 178/178/178 168/168/168
f 94/94/94 168/168/168 95/95/95
f 178/178/178 179/179/179 180/180/180
f 178/178/178 180/180/180 181/181/181
f 178/178/178 181/181/181 182/182/182
f 178/178/178 182/182/182 172/172/172
f 178/178/178 172/172/172 170/170/170
f 178/178/178 170/170/170 168/168/168
f 154/154/154 153/153/153 84/84/84
f 154/154/154 84/84/84 82/82/82
f 55/55/55 41/41/41 57/57/57
f 183/183/183 184/184/184 81/81/81
f 183/183/183 81/81/81 80/80/80
f 144/144/144 146/146/146 184/184/184
f 144/144/144 184/184/184 183/183/183
f 185/185/185 127/127/127 148/148/148
f 185/185/185 148/148/148 186/186/186
f 127/127/127 120/120/120 148/148/148
f 185/185/185 100/100/100 127/127/127
f 187/187/187 186/186/186 148/148/148
f 187/187/187 148/148/148 147/147/147
f 188/188/188 187/187/187 147/147/147
f 188/188/188 147/147/147 129/129/129
f 189/189/189 190/190/190 191/191/191
f 189/189/189 191/191/191 192/192/192
f 193/193/193 189/189/189 192/192/192
f 193/193/193 192/192/192 194/194/194
f 195/195/195 193/193/193 194/194/194
f 195/195/195 194/194/194 196/196/196
f 108/108/108 195/195/195 196/196/196
f 108/108/108 196/196/196 197/197/197
f 109/109/109 108/108/108 197/197/197
f 109/109/109 197/197/197 134/134/134
f 109/109/109 134/134/134 136/136/136
f 198/198/198 109/109/109 136/136/136
f 198/198/198 136/136/136 138/138/138
f 199/199/199 198/198/198 138/138/138
f 199/199/199 138/138/138 140/140/140
f 200/200/200 199/199/199 140/140/140
f 200/200/200 140/140/140 142/142/142
f 113/113/113 201/201/201 145/145/145
f 113/113/113 145/145/145 202/202/202
f 114/114/114 113/113/113 202/202/202
f 114/114/114 202/202/202 203/203/203
f 204/204/204 114/114/114 203/203/203
f 204/204/204 203/203/203 205/205/205
f 206/206/206 204/204/204 205/205/205
f 206/206/206 205/205/205 207/207/207
f 183/183/183 206/206/206 207/207/207
f 183/183/183 207/207/207 144/144/144
f 207/207/207 205/205/205 203/203/203
f 207/207/207 203/203/203 202/202/202
f 144/144/144 207/207/207 202/202/202
f 144/144/144 202/202/202 145/145/145
f 206/206/206 183/183/183 80/80/80
f 206/206/206 80/80/80 79/79/79
f 204/204/204 206/206/206 79/79/79
f 204/204/204 79/79/79 74/74/74
f 11/11/11 107/107/107 106/106/106
f 11/11/11 106/106/106 112/112/112
f 175/175/175 177/177/177 208/208/208
f 175/175/175 208/208/208 209/209/209
f 107/107/107 11/11/11 10/10/10
f 107/107/107 10/10/10 12/12/12
f 210/210/210 208/208/208 177/177/177
f 210/210/210 177/177/177 211/211/211
f 68/68/68 83/83/83 117/117/117
f 68/68/68 117/117/117 14/14/14
f 156/156/156 69/69/69 13/13/13
f 156/156/156 13/13/13 15/15/15
f 35/35/35 34/34/34 212/212/212
f 35/35/35 212/212/212 155/155/155
f 36/36/36 126/126/126 78/78/78
f 36/36/36 78/78/78 32/32/32
f 189/189/189 193/193/193 213/213/213
f 189/189/189 213/213/213 214/214/214
f 78/78/78 126/126/126 156/156/156
f 78/78/78 156/156/156 15/15/15
f 215/215/215 190/190/190 216/216/216
f 215/215/215 216/216/216 217/217/217
f 33/33/33 78/78/78 15/15/15
f 118/118/118 17/17/17 16/16/16
f 118/118/118 16/16/16 218/218/218
f 124/124/124 118/118/118 218/218/218
f 124/124/124 218/218/218 219/219/219
f 1/1/1 124/124/124 219/219/219
f 1/1/1 219/219/219 220/220/220
f 1/1/1 220/220/220 2/2/2
f 71/71/71 221/221/221 222/222/222
f 71/71/71 222/222/222 223/223/223
f 224/224/224 221/221/221 71/71/71
f 224/224/224 71/71/71 70/70/70
f 225/225/225 224/224/224 70/70/70
f 225/225/225 70/70/70 56/56/56
f 226/226/226 225/225/225 56/56/56
f 226/226/226 56/56/56 55/55/55
f 227/227/227 226/226/226 55/55/55
f 227/227/227 55/55/55 57/57/57
f 228/228/228 227/227/227 57/57/57
f 228/228/228 57/57/57 155/155/155
f 229/229/229 228/228/228 155/155/155
f 229/229/229 155/155/155 212/212/212
f 230/230/230 229/229/229 212/212/212
f 200/200/200 201/201/201 231/231/231
f 200/200/200 231/231/231 232/232/232
f 233/233/233 230/230/230 105/105/105
f 233/233/233 105/105/105 104/104/104
f 234/234/234 233/233/233 104/104/104
f 234/234/234 104/104/104 103/103/103
f 235/235/235 234/234/234 103/103/103
f 235/235/235 103/103/103 92/92/92
f 236/236/236 237/237/237 223/223/223
f 236/236/236 223/223/223 222/222/222
f 238/238/238 239/239/239 237/237/237
f 238/238/238 237/237/237 236/236/236
f 240/240/240 241/241/241 239/239/239
f 240/240/240 239/239/239 238/238/238
f 242/242/242 243/243/243 241/241/241
f 242/242/242 241/241/241 240/240/240
f 244/244/244 245/245/245 243/243/243
f 244/244/244 243/243/243 242/242/242
f 246/246/246 247/247/247 245/245/245
f 246/246/246 245/245/245 244/244/244
f 211/211/211 248/248/248 247/247/247
f 211/211/211 247/247/247 246/246/246
f 224/224/224 249/249/249 221/221/221
f 250/250/250 249/249/249 224/224/224
f 250/250/250 224/224/224 225/225/225
f 251/251/251 250/250/250 225/225/225
f 251/251/251 225/225/225 226/226/226
f 252/252/252 251/251/251 226/226/226
f 252/252/252 226/226/226 227/227/227
f 253/253/253 252/252/252 227/227/227
f 253/253/253 227/227/227 228/228/228
f 254/254/254 253/253/253 228/228/228
f 254/254/254 228/228/228 229/229/229
f 210/210/210 254/254/254 229/229/229
f 210/210/210 229/229/229 230/230/230
f 201/201/201 113/113/113 116/116/116
f 201/201/201 116/116/116 231/231/231
f 208/208/208 210/210/210 230/230/230
f 208/208/208 230/230/230 233/233/233
f 209/209/209 208/208/208 233/233/233
f 209/209/209 233/233/233 234/234/234
f 236/236/236 222/222/222 221/221/221
f 236/236/236 221/221/221 249/249/249
f 250/250/250 238/238/238 236/236/236
f 250/250/250 236/236/236 249/249/249
f 251/251/251 240/240/240 238/238/238
f 251/251/251 238/238/238 250/250/250
f 252/252/252 242/242/242 240/240/240
f 252/252/252 240/240/240 251/251/251
f 253/253/253 244/244/244 242/242/242
f 253/253/253 242/242/242 252/252/252
f 254/254/254 246/246/246 244/244/244
f 254/254/254 244/244/244 253/253/253
f 210/210/210 211/211/211 246/246/246
f 210/210/210 246/246/246 254/254/254
f 255/255/255 235/235/235 92/92/92
f 255/255/255 92/92/92 169/169/169
f 13/13/13 69/69/69 68/68/68
f 13/13/13 68/68/68 14/14/14
f 61/61/61 63/63/63 165/165/165
f 61/61/61 165/165/165 164/164/164
f 13/13/13 12/12/12 15/15/15
f 67/67/67 66/66/66 167/167/167
f 67/67/67 167/167/167 166/166/166
f 54/54/54 59/59/59 163/163/163
f 54/54/54 163/163/163 162/162/162
f 54/54/54 162/162/162 52/52/52
f 54/54/54 52/52/52 51/51/51
f 66/66/66 69/69/69 156/156/156
f 66/66/66 156/156/156 167/167/167
f 59/59/59 61/61/61 164/164/164
f 59/59/59 164/164/164 163/163/163
f 185/185/185 256/256/256 257/257/257
f 185/185/185 257/257/257 258/258/258
f 105/105/105 230/230/230 212/212/212
f 33/33/33 15/15/15 17/17/17
f 195/195/195 108/108/108 111/111/111
f 195/195/195 111/111/111 259/259/259
f 256/256/256 215/215/215 217/217/217
f 256/256/256 217/217/217 257/257/257
f 30/30/30 34/34/34 32/32/32
f 30/30/30 32/32/32 31/31/31
f 193/193/193 195/195/195 259/259/259
f 193/193/193 259/259/259 213/213/213
f 34/34/34 30/30/30 105/105/105
f 34/34/34 105/105/105 212/212/212
f 109/109/109 198/198/198 260/260/260
f 109/109/109 260/260/260 110/110/110
f 198/198/198 199/199/199 261/261/261
f 198/198/198 261/261/261 260/260/260
f 14/14/14 107/107/107 12/12/12
f 185/185/185 258/258/258 98/98/98
f 185/185/185 98/98/98 99/99/99
f 98/98/98 258/258/258 262/262/262
f 98/98/98 262/262/262 263/263/263
f 258/258/258 257/257/257 264/264/264
f 258/258/258 264/264/264 262/262/262
f 257/257/257 217/217/217 265/265/265
f 257/257/257 265/265/265 264/264/264
f 217/217/217 216/216/216 266/266/266
f 217/217/217 266/266/266 265/265/265
f 214/214/214 213/213/213 267/267/267
f 214/214/214 267/267/267 268/268/268
f 213/213/213 259/259/259 269/269/269
f 213/213/213 269/269/269 270/270/270
f 259/259/259 111/111/111 271/271/271
f 259/259/259 271/271/271 269/269/269
f 111/111/111 110/110/110 271/271/271
f 110/110/110 260/260/260 272/272/272
f 110/110/110 272/272/272 273/273/273
f 260/260/260 261/261/261 274/274/274
f 260/260/260 274/274/274 272/272/272
f 231/231/231 116/116/116 275/275/275
f 231/231/231 275/275/275 276/276/276
f 232/232/232 231/231/231 276/276/276
f 232/232/232 276/276/276 277/277/277
f 276/276/276 275/275/275 278/278/278
f 276/276/276 278/278/278 279/279/279
f 277/277/277 276/276/276 279/279/279
f 277/277/277 279/279/279 280/280/280
f 272/272/272 274/274/274 281/281/281
f 272/272/272 281/281/281 282/282/282
f 273/273/273 272/272/272 282/282/282
f 273/273/273 282/282/282 283/283/283
f 284/284/284 273/273/273 283/283/283
f 284/284/284 283/283/283 285/285/285
f 286/286/286 284/284/284 285/285/285
f 286/286/286 285/285/285 287/287/287
f 288/288/288 286/286/286 287/287/287
f 288/288/288 287/287/287 289/289/289
f 268/268/268 267/267/267 290/290/290
f 288/288/288 289/289/289 291/291/291
f 288/288/288 291/291/291 292/292/292
f 284/284/284 271/271/271 273/273/273
f 271/271/271 110/110/110 273/273/273
f 293/293/293 270/270/270 288/288/288
f 270/270/270 269/269/269 286/286/286
f 270/270/270 286/286/286 288/288/288
f 293/293/293 288/288/288 294/294/294
f 269/269/269 271/271/271 284/284/284
f 269/269/269 284/284/284 286/286/286
f 295/295/295 296/296/296 279/279/279
f 295/295/295 279/279/279 278/278/278
f 267/267/267 213/213/213 270/270/270
f 267/267/267 270/270/270 293/293/293
f 290/290/290 267/267/267 293/293/293
f 290/290/290 293/293/293 297/297/297
f 216/216/216 190/190/190 189/189/189
f 216/216/216 189/189/189 214/214/214
f 191/191/191 190/190/190 215/215/215
f 191/191/191 215/215/215 188/188/188
f 266/266/266 216/216/216 214/214/214
f 266/266/266 214/214/214 268/268/268
f 280/280/280 279/279/279 296/296/296
f 280/280/280 296/296/296 298/298/298
f 282/282/282 281/281/281 299/299/299
f 282/282/282 299/299/299 300/300/300
f 283/283/283 282/282/282 300/300/300
f 283/283/283 300/300/300 301/301/301
f 285/285/285 283/283/283 301/301/301
f 285/285/285 301/301/301 302/302/302
f 287/287/287 285/285/285 302/302/302
f 287/287/287 302/302/302 303/303/303
f 289/289/289 287/287/287 303/303/303
f 289/289/289 303/303/303 304/304/304
f 291/291/291 289/289/289 304/304/304
f 291/291/291 304/304/304 305/305/305
f 306/306/306 295/295/295 278/278/278
f 306/306/306 278/278/278 307/307/307
f 306/306/306 307/307/307 308/308/308
f 296/296/296 295/295/295 306/306/306
f 296/296/296 306/306/306 309/309/309
f 298/298/298 296/296/296 309/309/309
f 298/298/298 309/309/309 310/310/310
f 300/300/300 299/299/299 311/311/311
f 300/300/300 311/311/311 312/312/312
f 300/300/300 312/312/312 313/313/313
f 314/314/314 301/301/301 313/313/313
f 302/302/302 301/301/301 314/314/314
f 302/302/302 314/314/314 315/315/315
f 303/303/303 302/302/302 315/315/315
f 303/303/303 315/315/315 316/316/316
f 275/275/275 317/317/317 307/307/307
f 275/275/275 307/307/307 278/278/278
f 308/308/308 307/307/307 317/317/317
f 308/308/308 317/317/317 318/318/318
f 306/306/306 308/308/308 318/318/318
f 306/306/306 318/318/318 319/319/319
f 309/309/309 306/306/306 319/319/319
f 309/309/309 319/319/319 320/320/320
f 310/310/310 309/309/309 320/320/320
f 310/310/310 320/320/320 321/321/321
f 312/312/312 311/311/311 322/322/322
f 312/312/312 322/322/322 323/323/323
f 313/313/313 312/312/312 323/323/323
f 313/313/313 323/323/323 324/324/324
f 314/314/314 313/313/313 324/324/324
f 314/314/314 324/324/324 325/325/325
f 315/315/315 314/314/314 325/325/325
f 315/315/315 325/325/325 326/326/326
f 316/316/316 315/315/315 326/326/326
f 316/316/316 326/326/326 327/327/327
f 301/301/301 300/300/300 313/313/313
f 328/328/328 329/329/329 305/305/305
f 329/329/329 291/291/291 305/305/305
f 305/305/305 330/330/330 331/331/331
f 331/331/331 328/328/328 305/305/305
f 330/330/330 305/305/305 332/332/332
f 333/333/333 332/332/332 305/305/305
f 333/333/333 305/305/305 304/304/304
f 334/334/334 333/333/333 304/304/304
f 334/334/334 304/304/304 303/303/303
f 334/334/334 303/303/303 316/316/316
f 334/334/334 316/316/316 327/327/327
f 334/334/334 327/327/327 335/335/335
f 333/333/333 334/334/334 335/335/335
f 333/333/333 335/335/335 336/336/336
f 332/332/332 333/333/333 336/336/336
f 332/332/332 336/336/336 337/337/337
f 330/330/330 332/332/332 337/337/337
f 330/330/330 337/337/337 338/338/338
f 331/331/331 330/330/330 338/338/338
f 331/331/331 338/338/338 339/339/339
f 340/340/340 331/331/331 339/339/339
f 328/328/328 331/331/331 340/340/340
f 341/341/341 342/342/342 328/328/328
f 329/329/329 328/328/328 342/342/342
f 329/329/329 342/342/342 343/343/343
f 294/294/294 288/288/288 292/292/292
f 291/291/291 329/329/329 343/343/343
f 291/291/291 343/343/343 292/292/292
f 344/344/344 292/292/292 343/343/343
f 344/344/344 343/343/343 345/345/345
f 297/297/297 344/344/344 345/345/345
f 297/297/297 345/345/345 346/346/346
f 297/297/297 346/346/346 347/347/347
f 290/290/290 297/297/297 347/347/347
f 348/348/348 290/290/290 347/347/347
f 268/268/268 290/290/290 348/348/348
f 268/268/268 348/348/348 266/266/266
f 345/345/345 343/343/343 342/342/342
f 345/345/345 342/342/342 349/349/349
f 346/346/346 345/345/345 349/349/349
f 346/346/346 349/349/349 350/350/350
f 347/347/347 346/346/346 350/350/350
f 347/347/347 350/350/350 351/351/351
f 348/348/348 347/347/347 351/351/351
f 348/348/348 351/351/351 352/352/352
f 266/266/266 348/348/348 352/352/352
f 266/266/266 352/352/352 353/353/353
f 265/265/265 266/266/266 353/353/353
f 265/265/265 353/353/353 354/354/354
f 354/354/354 353/353/353 355/355/355
f 355/355/355 353/353/353 356/356/356
f 357/357/357 356/356/356 353/353/353
f 357/357/357 353/353/353 352/352/352
f 358/358/358 357/357/357 352/352/352
f 358/358/358 352/352/352 351/351/351
f 359/359/359 358/358/358 351/351/351
f 359/359/359 351/351/351 350/350/350
f 360/360/360 359/359/359 350/350/350
f 360/360/360 350/350/350 349/349/349
f 361/361/361 360/360/360 349/349/349
f 361/361/361 349/349/349 342/342/342
f 344/344/344 294/294/294 292/292/292
f 297/297/297 293/293/293 294/294/294
f 297/297/297 294/294/294 344/344/344
f 342/342/342 341/341/341 361/361/361
f 341/341/341 328/328/328 340/340/340
f 362/362/362 338/338/338 337/337/337
f 335/335/335 363/363/363 364/364/364
f 335/335/335 364/364/364 336/336/336
f 327/327/327 365/365/365 363/363/363
f 327/327/327 363/363/363 335/335/335
f 326/326/326 366/366/366 365/365/365
f 326/326/326 365/365/365 327/327/327
f 325/325/325 367/367/367 366/366/366
f 325/325/325 366/366/366 326/326/326
f 324/324/324 368/368/368 367/367/367
f 324/324/324 367/367/367 325/325/325
f 323/323/323 369/369/369 368/368/368
f 323/323/323 368/368/368 324/324/324
f 322/322/322 370/370/370 369/369/369
f 322/322/322 369/369/369 323/323/323
f 371/371/371 321/321/321 320/320/320
f 371/371/371 320/320/320 372/372/372
f 373/373/373 374/374/374 375/375/375
f 373/373/373 375/375/375 318/318/318
f 318/318/318 375/375/375 376/376/376
f 318/318/318 376/376/376 319/319/319
f 371/371/371 370/370/370 322/322/322
f 371/371/371 322/322/322 321/321/321
f 185/185/185 99/99/99 100/100/100
f 96/96/96 97/97/97 377/377/377
f 96/96/96 377/377/377 378/378/378
f 97/97/97 7/7/7 98/98/98
f 93/93/93 96/96/96 378/378/378
f 93/93/93 378/378/378 379/379/379
f 94/94/94 93/93/93 379/379/379
f 94/94/94 379/379/379 380/380/380
f 178/178/178 94/94/94 380/380/380
f 178/178/178 380/380/380 179/179/179
f 377/377/377 97/97/97 98/98/98
f 377/377/377 98/98/98 263/263/263
f 264/264/264 265/265/265 354/354/354
f 264/264/264 354/354/354 381/381/381
f 262/262/262 264/264/264 381/381/381
f 262/262/262 381/381/381 382/382/382
f 263/263/263 262/262/262 382/382/382
f 263/263/263 382/382/382 383/383/383
f 377/377/377 263/263/263 383/383/383
f 377/377/377 383/383/383 384/384/384
f 378/378/378 377/377/377 384/384/384
f 378/378/378 384/384/384 385/385/385
f 379/379/379 378/378/378 385/385/385
f 379/379/379 385/385/385 386/386/386
f 380/380/380 379/379/379 386/386/386
f 380/380/380 386/386/386 387/387/387
f 179/179/179 380/380/380 387/387/387
f 179/179/179 387/387/387 388/388/388
f 180/180/180 179/179/179 388/388/388
f 180/180/180 388/388/388 389/389/389
f 382/382/382 381/381/381 390/390/390
f 381/381/381 354/354/354 355/355/355
f 381/381/381 355/355/355 390/390/390
f 382/382/382 391/391/391 383/383/383
f 391/391/391 390/390/390 392/392/392
f 391/391/391 392/392/392 393/393/393
f 393/393/393 392/392/392 394/394/394
f 393/393/393 394/394/394 395/395/395
f 383/383/383 391/391/391 396/396/396
f 383/383/383 396/396/396 384/384/384
f 384/384/384 396/396/396 397/397/397
f 384/384/384 397/397/397 385/385/385
f 385/385/385 397/397/397 398/398/398
f 386/386/386 399/399/399 400/400/400
f 387/387/387 401/401/401 402/402/402
f 387/387/387 402/402/402 388/388/388
f 388/388/388 402/402/402 403/403/403
f 388/388/388 403/403/403 389/389/389
f 180/180/180 389/389/389 404/404/404
f 180/180/180 404/404/404 181/181/181
f 389/389/389 403/403/403 405/405/405
f 389/389/389 405/405/405 404/404/404
f 172/172/172 182/182/182 406/406/406
f 172/172/172 406/406/406 407/407/407
f 172/172/172 407/407/407 408/408/408
f 172/172/172 408/408/408 174/174/174
f 174/174/174 408/408/408 409/409/409
f 174/174/174 409/409/409 176/176/176
f 211/211/211 177/177/177 176/176/176
f 211/211/211 176/176/176 248/248/248
f 176/176/176 409/409/409 410/410/410
f 176/176/176 410/410/410 248/248/248
f 248/248/248 410/410/410 411/411/411
f 248/248/248 411/411/411 247/247/247
f 247/247/247 411/411/411 412/412/412
f 247/247/247 412/412/412 245/245/245
f 245/245/245 412/412/412 413/413/413
f 245/245/245 413/413/413 243/243/243
f 243/243/243 413/413/413 414/414/414
f 243/243/243 414/414/414 241/241/241
f 241/241/241 414/414/414 415/415/415
f 241/241/241 415/415/415 239/239/239
f 239/239/239 415/415/415 416/416/416
f 239/239/239 416/416/416 237/237/237
f 415/415/415 417/417/417 418/418/418
f 415/415/415 418/418/418 416/416/416
f 414/414/414 419/419/419 417/417/417
f 414/414/414 417/417/417 415/415/415
f 413/413/413 420/420/420 419/419/419
f 413/413/413 419/419/419 414/414/414
f 412/412/412 421/421/421 420/420/420
f 412/412/412 420/420/420 413/413/413
f 412/412/412 411/411/411 422/422/422
f 412/412/412 422/422/422 421/421/421
f 411/411/411 410/410/410 423/423/423
f 411/411/411 423/423/423 422/422/422
f 410/410/410 409/409/409 424/424/424
f 410/410/410 424/424/424 423/423/423
f 409/409/409 408/408/408 425/425/425
f 409/409/409 425/425/425 424/424/424
f 408/408/408 407/407/407 149/149/149
f 408/408/408 149/149/149 425/425/425
f 407/407/407 406/406/406 150/150/150
f 407/407/407 150/150/150 149/149/149
f 128/128/128 191/191/191 188/188/188
f 128/128/128 188/188/188 129/129/129
f 215/215/215 256/256/256 187/187/187
f 215/215/215 187/187/187 188/188/188
f 256/256/256 185/185/185 186/186/186
f 256/256/256 186/186/186 187/187/187
f 196/196/196 194/194/194 131/131/131
f 196/196/196 131/131/131 132/132/132
f 197/197/197 196/196/196 132/132/132
f 197/197/197 132/132/132 134/134/134
f 192/192/192 191/191/191 128/128/128
f 194/194/194 192/192/192 128/128/128
f 194/194/194 128/128/128 131/131/131
f 149/149/149 152/152/152 426/426/426
f 149/149/149 426/426/426 425/425/425
f 425/425/425 426/426/426 427/427/427
f 425/425/425 427/427/427 424/424/424
f 424/424/424 427/427/427 428/428/428
f 424/424/424 428/428/428 423/423/423
f 423/423/423 428/428/428 429/429/429
f 423/423/423 429/429/429 422/422/422
f 422/422/422 429/429/429 430/430/430
f 422/422/422 430/430/430 421/421/421
f 421/421/421 430/430/430 431/431/431
f 421/421/421 431/431/431 420/420/420
f 431/431/431 432/432/432 433/433/433
f 431/431/431 433/433/433 420/420/420
f 432/432/432 434/434/434 435/435/435
f 432/432/432 435/435/435 433/433/433
f 434/434/434 436/436/436 437/437/437
f 434/434/434 437/437/437 435/435/435
f 436/436/436 438/438/438 439/439/439
f 436/436/436 439/439/439 437/437/437
f 438/438/438 440/440/440 441/441/441
f 438/438/438 441/441/441 439/439/439
f 440/440/440 442/442/442 443/443/443
f 440/440/440 443/443/443 441/441/441
f 442/442/442 444/444/444 445/445/445
f 442/442/442 445/445/445 443/443/443
f 444/444/444 446/446/446 447/447/447
f 444/444/444 447/447/447 445/445/445
f 446/446/446 448/448/448 449/449/449
f 446/446/446 449/449/449 447/447/447
f 448/448/448 450/450/450 451/451/451
f 448/448/448 451/451/451 449/449/449
f 450/450/450 452/452/452 453/453/453
f 450/450/450 453/453/453 451/451/451
f 452/452/452 151/151/151 150/150/150
f 452/452/452 150/150/150 453/453/453
f 152/152/152 151/151/151 454/454/454
f 152/152/152 454/454/454 455/455/455
f 456/456/456 454/454/454 151/151/151
f 456/456/456 151/151/151 452/452/452
f 450/450/450 456/456/456 452/452/452
f 457/457/457 432/432/432 431/431/431
f 457/457/457 431/431/431 458/458/458
f 459/459/459 434/434/434 432/432/432
f 459/459/459 432/432/432 457/457/457
f 460/460/460 436/436/436 434/434/434
f 460/460/460 434/434/434 459/459/459
f 461/461/461 438/438/438 436/436/436
f 461/461/461 436/436/436 460/460/460
f 462/462/462 440/440/440 438/438/438
f 462/462/462 438/438/438 461/461/461
f 463/463/463 442/442/442 440/440/440
f 463/463/463 440/440/440 462/462/462
f 464/464/464 444/444/444 442/442/442
f 464/464/464 442/442/442 463/463/463
f 465/465/465 446/446/446 444/444/444
f 465/465/465 444/444/444 464/464/464
f 466/466/466 448/448/448 446/446/446
f 466/466/466 446/446/446 465/465/465
f 460/460/460 459/459/459 467/467/467
f 468/468/468 461/461/461 460/460/460
f 468/468/468 460/460/460 467/467/467
f 469/469/469 462/462/462 461/461/461
f 469/469/469 461/461/461 468/468/468
f 470/470/470 463/463/463 462/462/462
f 470/470/470 462/462/462 469/469/469
f 471/471/471 464/464/464 463/463/463
f 471/471/471 463/463/463 470/470/470
f 472/472/472 465/465/465 464/464/464
f 472/472/472 464/464/464 471/471/471
f 456/456/456 466/466/466 465/465/465
f 456/456/456 465/465/465 472/472/472
f 430/430/430 473/473/473 458/458/458
f 430/430/430 458/458/458 431/431/431
f 429/429/429 474/474/474 473/473/473
f 429/429/429 473/473/473 430/430/430
f 428/428/428 475/475/475 474/474/474
f 428/428/428 474/474/474 429/429/429
f 476/476/476 475/475/475 428/428/428
f 476/476/476 428/428/428 427/427/427
f 477/477/477 476/476/476 427/427/427
f 477/477/477 427/427/427 426/426/426
f 455/455/455 477/477/477 426/426/426
f 455/455/455 426/426/426 152/152/152
f 466/466/466 450/450/450 448/448/448
f 456/456/456 450/450/450 466/466/466
f 472/472/472 455/455/455 454/454/454
f 472/472/472 454/454/454 456/456/456
f 477/477/477 455/455/455 472/472/472
f 477/477/477 472/472/472 471/471/471
f 470/470/470 476/476/476 477/477/477
f 470/470/470 477/477/477 471/471/471
f 475/475/475 476/476/476 470/470/470
f 475/475/475 470/470/470 469/469/469
f 468/468/468 474/474/474 475/475/475
f 468/468/468 475/475/475 469/469/469
f 467/467/467 473/473/473 474/474/474
f 467/467/467 474/474/474 468/468/468
f 473/473/473 467/467/467 458/458/458
f 459/459/459 457/457/457 458/458/458
f 459/459/459 458/458/458 467/467/467
f 235/235/235 255/255/255 209/209/209
f 235/235/235 209/209/209 234/234/234
f 169/169/169 171/171/171 255/255/255
f 171/171/171 173/173/173 255/255/255
f 173/173/173 175/175/175 209/209/209
f 173/173/173 209/209/209 255/255/255
f 478/478/478 361/361/361 341/341/341
f 478/478/478 341/341/341 340/340/340
f 479/479/479 478/478/478 340/340/340
f 479/479/479 340/340/340 339/339/339
f 339/339/339 338/338/338 362/362/362
f 339/339/339 362/362/362 479/479/479
f 319/319/319 376/376/376 372/372/372
f 319/319/319 372/372/372 320/320/320
f 480/480/480 481/481/481 362/362/362
f 372/372/372 376/376/376 482/482/482
f 372/372/372 482/482/482 483/483/483
f 371/371/371 484/484/484 485/485/485
f 371/371/371 485/485/485 370/370/370
f 370/370/370 485/485/485 486/486/486
f 370/370/370 486/486/486 369/369/369
f 369/369/369 486/486/486 487/487/487
f 369/369/369 487/487/487 368/368/368
f 368/368/368 487/487/487 488/488/488
f 368/368/368 488/488/488 367/367/367
f 367/367/367 488/488/488 489/489/489
f 367/367/367 489/489/489 366/366/366
f 366/366/366 489/489/489 490/490/490
f 366/366/366 490/490/490 365/365/365
f 365/365/365 490/490/490 491/491/491
f 365/365/365 491/491/491 363/363/363
f 363/363/363 491/491/491 492/492/492
f 363/363/363 492/492/492 364/364/364
f 364/364/364 492/492/492 493/493/493
f 364/364/364 493/493/493 480/480/480
f 480/480/480 493/493/493 494/494/494
f 480/480/480 494/494/494 481/481/481
f 482/482/482 376/376/376 495/495/495
f 482/482/482 495/495/495 496/496/496
f 496/496/496 495/495/495 497/497/497
f 496/496/496 497/497/497 498/498/498
f 498/498/498 497/497/497 499/499/499
f 498/498/498 499/499/499 500/500/500
f 501/501/501 502/502/502 503/503/503
f 501/501/501 503/503/503 504/504/504
f 504/504/504 503/503/503 505/505/505
f 504/504/504 505/505/505 506/506/506
f 506/506/506 505/505/505 507/507/507
f 506/506/506 507/507/507 508/508/508
f 508/508/508 507/507/507 509/509/509
f 508/508/508 509/509/509 510/510/510
f 510/510/510 509/509/509 511/511/511
f 510/510/510 511/511/511 512/512/512
f 512/512/512 511/511/511 513/513/513
f 512/512/512 513/513/513 514/514/514
f 514/514/514 513/513/513 515/515/515
f 514/514/514 515/515/515 516/516/516
f 516/516/516 515/515/515 517/517/517
f 516/516/516 517/517/517 518/518/518
f 484/484/484 483/483/483 519/519/519
f 484/484/484 519/519/519 520/520/520
f 485/485/485 521/521/521 522/522/522
f 485/485/485 522/522/522 486/486/486
f 486/486/486 522/522/522 523/523/523
f 486/486/486 523/523/523 487/487/487
f 487/487/487 523/523/523 524/524/524
f 487/487/487 524/524/524 488/488/488
f 489/489/489 488/488/488 524/524/524
f 489/489/489 524/524/524 525/525/525
f 490/490/490 489/489/489 525/525/525
f 490/490/490 525/525/525 526/526/526
f 491/491/491 490/490/490 526/526/526
f 491/491/491 526/526/526 527/527/527
f 483/483/483 482/482/482 528/528/528
f 483/483/483 528/528/528 519/519/519
f 482/482/482 496/496/496 528/528/528
f 498/498/498 500/500/500 528/528/528
f 498/498/498 528/528/528 496/496/496
f 528/528/528 500/500/500 501/501/501
f 528/528/528 501/501/501 519/519/519
f 500/500/500 499/499/499 502/502/502
f 500/500/500 502/502/502 501/501/501
f 485/485/485 484/484/484 520/520/520
f 485/485/485 520/520/520 521/521/521
f 372/372/372 483/483/483 484/484/484
f 372/372/372 484/484/484 371/371/371
f 311/311/311 310/310/310 321/321/321
f 311/311/311 321/321/321 322/322/322
f 299/299/299 298/298/298 310/310/310
f 299/299/299 310/310/310 311/311/311
f 281/281/281 280/280/280 298/298/298
f 281/281/281 298/298/298 299/299/299
f 274/274/274 277/277/277 280/280/280
f 274/274/274 280/280/280 281/281/281
f 261/261/261 232/232/232 277/277/277
f 261/261/261 277/277/277 274/274/274
f 63/63/63 67/67/67 166/166/166
f 63/63/63 166/166/166 165/165/165
f 199/199/199 200/200/200 232/232/232
f 199/199/199 232/232/232 261/261/261
f 201/201/201 200/200/200 142/142/142
f 201/201/201 142/142/142 145/145/145
f 184/184/184 154/154/154 82/82/82
f 184/184/184 82/82/82 81/81/81
f 125/125/125 157/157/157 166/166/166
f 125/125/125 166/166/166 167/167/167
f 159/159/159 157/157/157 39/39/39
f 159/159/159 39/39/39 42/42/42
f 146/146/146 143/143/143 154/154/154
f 146/146/146 154/154/154 184/184/184
f 145/145/145 142/142/142 143/143/143
f 145/145/145 143/143/143 146/146/146
f 84/84/84 65/65/65 64/64/64
f 84/84/84 64/64/64 82/82/82
f 62/62/62 64/64/64 67/67/67
f 62/62/62 67/67/67 63/63/63
f 38/38/38 37/37/37 40/40/40
f 38/38/38 40/40/40 39/39/39
f 519/519/519 501/501/501 504/504/504
f 519/519/519 504/504/504 520/520/520
f 520/520/520 504/504/504 529/529/529
f 520/520/520 529/529/529 530/530/530
f 520/520/520 530/530/530 521/521/521
f 521/521/521 530/530/530 531/531/531
f 521/521/521 531/531/531 522/522/522
f 522/522/522 531/531/531 532/532/532
f 522/522/522 532/532/532 523/523/523
f 523/523/523 532/532/532 533/533/533
f 523/523/523 533/533/533 524/524/524
f 506/506/506 530/530/530 529/529/529
f 506/506/506 529/529/529 504/504/504
f 531/531/531 530/530/530 506/506/506
f 531/531/531 506/506/506 508/508/508
f 532/532/532 531/531/531 508/508/508
f 532/532/532 508/508/508 510/510/510
f 533/533/533 532/532/532 510/510/510
f 533/533/533 510/510/510 512/512/512
f 534/534/534 533/533/533 512/512/512
f 534/534/534 512/512/512 514/514/514
f 535/535/535 534/534/534 514/514/514
f 535/535/535 514/514/514 516/516/516
f 525/525/525 524/524/524 533/533/533
f 525/525/525 533/533/533 534/534/534
f 526/526/526 525/525/525 534/534/534
f 526/526/526 534/534/534 535/535/535
f 376/376/376 375/375/375 536/536/536
f 376/376/376 536/536/536 495/495/495
f 495/495/495 536/536/536 537/537/537
f 495/495/495 537/537/537 497/497/497
f 318/318/318 317/317/317 538/538/538
f 318/318/318 538/538/538 373/373/373
f 275/275/275 116/116/116 115/115/115
f 275/275/275 115/115/115 317/317/317
f 317/317/317 115/115/115 538/538/538
f 526/526/526 535/535/535 539/539/539
f 526/526/526 539/539/539 527/527/527
f 516/516/516 518/518/518 539/539/539
f 516/516/516 539/539/539 535/535/535
f 375/375/375 374/374/374 540/540/540
f 375/375/375 540/540/540 536/536/536
f 541/541/541 537/537/537 536/536/536
f 541/541/541 536/536/536 540/540/540
f 537/537/537 541/541/541 542/542/542
f 537/537/537 542/542/542 543/543/543
f 336/336/336 364/364/364 480/480/480
f 336/336/336 480/480/480 337/337/337
f 337/337/337 480/480/480 362/362/362
f 491/491/491 527/527/527 544/544/544
f 491/491/491 544/544/544 492/492/492
f 492/492/492 544/544/544 545/545/545
f 492/492/492 545/545/545 493/493/493
f 493/493/493 545/545/545 546/546/546
f 493/493/493 546/546/546 494/494/494
f 527/527/527 539/539/539 547/547/547
f 527/527/527 547/547/547 544/544/544
f 544/544/544 547/547/547 548/548/548
f 544/544/544 548/548/548 545/545/545
f 545/545/545 548/548/548 549/549/549
f 545/545/545 549/549/549 546/546/546
f 539/539/539 518/518/518 550/550/550
f 539/539/539 550/550/550 547/547/547
f 547/547/547 550/550/550 551/551/551
f 547/547/547 551/551/551 548/548/548
f 548/548/548 551/551/551 552/552/552
f 548/548/548 552/552/552 549/549/549
f 497/497/497 537/537/537 543/543/543
f 497/497/497 543/543/543 499/499/499
f 499/499/499 543/543/543 553/553/553
f 499/499/499 553/553/553 502/502/502
f 554/554/554 555/555/555 556/556/556
f 554/554/554 556/556/556 557/557/557
f 505/505/505 503/503/503 558/558/558
f 505/505/505 558/558/558 559/559/559
f 507/507/507 505/505/505 559/559/559
f 507/507/507 559/559/559 560/560/560
f 509/509/509 507/507/507 560/560/560
f 509/509/509 560/560/560 561/561/561
f 543/543/543 542/542/542 555/555/555
f 543/543/543 555/555/555 554/554/554
f 557/557/557 556/556/556 562/562/562
f 557/557/557 562/562/562 563/563/563
f 564/564/564 553/553/553 543/543/543
f 564/564/564 543/543/543 554/554/554
f 554/554/554 557/557/557 564/564/564
f 565/565/565 564/564/564 557/557/557
f 565/565/565 557/557/557 563/563/563
f 509/509/509 561/561/561 566/566/566
f 509/509/509 566/566/566 511/511/511
f 511/511/511 566/566/566 567/567/567
f 511/511/511 567/567/567 513/513/513
f 513/513/513 567/567/567 568/568/568
f 513/513/513 568/568/568 515/515/515
f 515/515/515 568/568/568 569/569/569
f 515/515/515 569/569/569 517/517/517
f 570/570/570 571/571/571 559/559/559
f 570/570/570 559/559/559 558/558/558
f 565/565/565 563/563/563 572/572/572
f 565/565/565 572/572/572 573/573/573
f 564/564/564 565/565/565 574/574/574
f 564/564/564 574/574/574 553/553/553
f 565/565/565 573/573/573 575/575/575
f 565/565/565 575/575/575 574/574/574
f 575/575/575 573/573/573 576/576/576
f 575/575/575 576/576/576 577/577/577
f 577/577/577 576/576/576 578/578/578
f 577/577/577 578/578/578 579/579/579
f 579/579/579 578/578/578 580/580/580
f 579/579/579 580/580/580 581/581/581
f 582/582/582 583/583/583 584/584/584
f 582/582/582 584/584/584 585/585/585
f 574/574/574 575/575/575 571/571/571
f 574/574/574 571/571/571 570/570/570
f 574/574/574 570/570/570 553/553/553
f 553/553/553 570/570/570 502/502/502
f 502/502/502 570/570/570 558/558/558
f 502/502/502 558/558/558 503/503/503
f 581/581/581 580/580/580 583/583/583
f 581/581/581 583/583/583 582/582/582
f 585/585/585 584/584/584 586/586/586
f 585/585/585 586/586/586 587/587/587
f 587/587/587 586/586/586 588/588/588
f 587/587/587 588/588/588 589/589/589
f 589/589/589 588/588/588 569/569/569
f 589/589/589 569/569/569 590/590/590
f 573/573/573 572/572/572 591/591/591
f 573/573/573 591/591/591 576/576/576
f 576/576/576 591/591/591 592/592/592
f 576/576/576 592/592/592 578/578/578
f 578/578/578 592/592/592 593/593/593
f 578/578/578 593/593/593 580/580/580
f 580/580/580 593/593/593 594/594/594
f 580/580/580 594/594/594 583/583/583
f 583/583/583 594/594/594 595/595/595
f 583/583/583 595/595/595 584/584/584
f 584/584/584 595/595/595 596/596/596
f 584/584/584 596/596/596 586/586/586
f 586/586/586 596/596/596 597/597/597
f 586/586/586 597/597/597 588/588/588
f 588/588/588 597/597/597 598/598/598
f 588/588/588 598/598/598 569/569/569
f 599/599/599 585/585/585 587/587/587
f 599/599/599 587/587/587 589/589/589
f 599/599/599 589/589/589 590/590/590
f 582/582/582 585/585/585 599/599/599
f 582/582/582 599/599/599 600/600/600
f 581/581/581 582/582/582 600/600/600
f 581/581/581 600/600/600 601/601/601
f 579/579/579 581/581/581 601/601/601
f 579/579/579 601/601/601 602/602/602
f 577/577/577 579/579/579 602/602/602
f 577/577/577 602/602/602 603/603/603
f 575/575/575 577/577/577 603/603/603
f 575/575/575 603/603/603 571/571/571
f 599/599/599 590/590/590 569/569/569
f 599/599/599 569/569/569 568/568/568
f 600/600/600 599/599/599 568/568/568
f 600/600/600 568/568/568 567/567/567
f 601/601/601 600/600/600 567/567/567
f 601/601/601 567/567/567 566/566/566
f 602/602/602 601/601/601 566/566/566
f 602/602/602 566/566/566 561/561/561
f 603/603/603 602/602/602 561/561/561
f 603/603/603 561/561/561 560/560/560
f 571/571/571 603/603/603 560/560/560
f 571/571/571 560/560/560 559/559/559
f 598/598/598 550/550/550 517/517/517
f 569/569/569 598/598/598 517/517/517
f 518/518/518 517/517/517 550/550/550
f 604/604/604 605/605/605 606/606/606
f 604/604/604 606/606/606 607/607/607
f 608/608/608 604/604/604 607/607/607
f 608/608/608 607/607/607 609/609/609
f 610/610/610 608/608/608 609/609/609
f 610/610/610 609/609/609 611/611/611
f 612/612/612 610/610/610 611/611/611
f 612/612/612 611/611/611 613/613/613
f 614/614/614 612/612/612 613/613/613
f 614/614/614 613/613/613 615/615/615
f 616/616/616 614/614/614 615/615/615
f 616/616/616 615/615/615 617/617/617
f 607/607/607 606/606/606 618/618/618
f 607/607/607 618/618/618 619/619/619
f 609/609/609 607/607/607 619/619/619
f 609/609/609 619/619/619 620/620/620
f 611/611/611 609/609/609 620/620/620
f 611/611/611 620/620/620 621/621/621
f 613/613/613 611/611/611 621/621/621
f 613/613/613 621/621/621 622/622/622
f 615/615/615 613/613/613 622/622/622
f 615/615/615 622/622/622 623/623/623
f 617/617/617 615/615/615 623/623/623
f 617/617/617 623/623/623 624/624/624
f 616/616/616 617/617/617 625/625/625
f 625/625/625 617/617/617 562/562/562
f 624/624/624 562/562/562 617/617/617
f 572/572/572 563/563/563 562/562/562
f 572/572/572 562/562/562 624/624/624
f 591/591/591 572/572/572 624/624/624
f 591/591/591 624/624/624 623/623/623
f 592/592/592 591/591/591 623/623/623
f 592/592/592 623/623/623 622/622/622
f 593/593/593 592/592/592 622/622/622
f 593/593/593 622/622/622 621/621/621
f 594/594/594 593/593/593 621/621/621
f 594/594/594 621/621/621 620/620/620
f 595/595/595 594/594/594 620/620/620
f 595/595/595 620/620/620 619/619/619
f 596/596/596 595/595/595 619/619/619
f 596/596/596 619/619/619 618/618/618
f 551/551/551 550/550/550 598/598/598
f 626/626/626 627/627/627 628/628/628
f 626/626/626 628/628/628 629/629/629
f 630/630/630 628/628/628 627/627/627
f 631/631/631 626/626/626 629/629/629
f 632/632/632 631/631/631 629/629/629
f 632/632/632 629/629/629 633/633/633
f 634/634/634 632/632/632 633/633/633
f 634/634/634 633/633/633 635/635/635
f 636/636/636 634/634/634 635/635/635
f 636/636/636 635/635/635 637/637/637
f 638/638/638 636/636/636 637/637/637
f 638/638/638 637/637/637 639/639/639
f 439/439/439 640/640/640 630/630/630
f 439/439/439 630/630/630 437/437/437
f 437/437/437 630/630/630 627/627/627
f 437/437/437 627/627/627 435/435/435
f 441/441/441 641/641/641 640/640/640
f 441/441/441 640/640/640 439/439/439
f 443/443/443 642/642/642 641/641/641
f 443/443/443 641/641/641 441/441/441
f 445/445/445 643/643/643 642/642/642
f 445/445/445 642/642/642 443/443/443
f 447/447/447 644/644/644 643/643/643
f 447/447/447 643/643/643 445/445/445
f 633/633/633 629/629/629 628/628/628
f 633/633/633 628/628/628 645/645/645
f 635/635/635 633/633/633 645/645/645
f 635/635/635 645/645/645 646/646/646
f 646/646/646 647/647/647 635/635/635
f 637/637/637 635/635/635 647/647/647
f 637/637/637 647/647/647 648/648/648
f 639/639/639 637/637/637 648/648/648
f 640/640/640 645/645/645 628/628/628
f 640/640/640 628/628/628 630/630/630
f 646/646/646 645/645/645 640/640/640
f 646/646/646 640/640/640 641/641/641
f 642/642/642 647/647/647 646/646/646
f 642/642/642 646/646/646 641/641/641
f 648/648/648 647/647/647 642/642/642
f 648/648/648 642/642/642 643/643/643
f 644/644/644 639/639/639 648/648/648
f 644/644/644 648/648/648 643/643/643
f 24/24/24 22/22/22 89/89/89
f 24/24/24 89/89/89 91/91/91
f 18/18/18 2/2/2 4/4/4
f 18/18/18 4/4/4 86/86/86
f 2/2/2 220/220/220 5/5/5
f 2/2/2 5/5/5 4/4/4
f 218/218/218 16/16/16 12/12/12
f 218/218/218 12/12/12 10/10/10
f 20/20/20 18/18/18 86/86/86
f 20/20/20 86/86/86 88/88/88
f 420/420/420 433/433/433 419/419/419
f 219/219/219 218/218/218 10/10/10
f 219/219/219 10/10/10 8/8/8
f 220/220/220 219/219/219 8/8/8
f 220/220/220 8/8/8 5/5/5
f 26/26/26 24/24/24 91/91/91
f 26/26/26 91/91/91 102/102/102
f 28/28/28 26/26/26 102/102/102
f 22/22/22 20/20/20 88/88/88
f 22/22/22 88/88/88 89/89/89
f 419/419/419 649/649/649 650/650/650
f 419/419/419 650/650/650 417/417/417
f 433/433/433 435/435/435 649/649/649
f 433/433/433 649/649/649 419/419/419
f 417/417/417 650/650/650 651/651/651
f 417/417/417 651/651/651 418/418/418
f 435/435/435 627/627/627 652/652/652
f 435/435/435 652/652/652 649/649/649
f 649/649/649 652/652/652 653/653/653
f 649/649/649 653/653/653 650/650/650
f 650/650/650 653/653/653 654/654/654
f 650/650/650 654/654/654 651/651/651
f 631/631/631 632/632/632 655/655/655
f 631/631/631 655/655/655 656/656/656
f 656/657/656 655/658/655 657/659/657
f 656/657/656 657/659/657 658/660/658
f 658/660/658 657/659/657 659/661/659
f 658/660/658 659/661/659 660/662/660
f 632/632/632 634/634/634 661/663/661
f 632/632/632 661/663/661 655/655/655
f 655/658/655 661/664/661 662/665/662
f 655/658/655 662/665/662 657/659/657
f 657/659/657 662/665/662 663/666/663
f 657/659/657 663/666/663 659/661/659
f 636/636/636 638/638/638 664/667/664
f 636/636/636 664/667/664 665/668/665
f 665/669/665 664/670/664 666/671/666
f 665/669/665 666/671/666 662/665/662
f 662/665/662 666/671/666 667/672/667
f 662/665/662 667/672/667 663/666/663
f 634/634/634 636/636/636 665/668/665
f 634/634/634 665/668/665 661/663/661
f 668/673/668 659/661/659 669/674/669
f 668/673/668 669/674/669 670/675/670
f 659/661/659 663/666/663 671/676/671
f 659/661/659 671/676/671 669/674/669
f 663/666/663 667/672/667 672/677/672
f 663/666/663 672/677/672 671/676/671
f 667/672/667 666/671/666 673/678/673
f 667/672/667 673/678/673 674/679/674
f 672/677/672 667/672/667 674/679/674
f 672/677/672 674/679/674 675/680/675
f 675/680/675 674/679/674 676/681/676
f 675/680/675 676/681/676 677/682/677
f 674/679/674 673/678/673 678/683/678
f 674/679/674 678/683/678 676/681/676
f 679/684/679 680/685/680 681/686/681
f 677/682/677 679/684/679 682/687/682
f 677/682/677 682/687/682 683/688/683
f 683/688/683 682/687/682 684/689/684
f 683/688/683 684/689/684 685/690/685
f 682/687/682 686/691/686 687/692/687
f 682/687/682 687/692/687 684/689/684
f 685/690/685 684/689/684 688/693/688
f 685/690/685 688/693/688 689/694/689
f 684/689/684 687/692/687 690/695/690
f 684/689/684 690/695/690 688/693/688
f 680/685/680 678/683/678 691/696/691
f 680/685/680 691/696/691 692/697/692
f 686/691/686 681/686/681 693/698/693
f 686/691/686 693/698/693 694/699/694
f 687/692/687 686/691/686 694/699/694
f 687/692/687 694/699/694 695/700/695
f 690/695/690 687/692/687 696/701/696
f 673/678/673 666/671/666 664/670/664
f 673/678/673 664/670/664 697/702/697
f 664/667/664 638/638/638 698/703/698
f 664/667/664 698/703/698 697/704/697
f 447/447/447 699/705/699 698/703/698
f 447/447/447 698/703/698 644/644/644
f 451/451/451 700/706/700 699/705/699
f 451/451/451 699/705/699 449/449/449
f 644/644/644 698/703/698 638/638/638
f 644/644/644 638/638/638 639/639/639
f 662/665/662 661/664/661 665/669/665
f 447/447/447 449/449/449 699/705/699
f 699/705/699 701/707/701 702/708/702
f 699/705/699 702/708/702 698/703/698
f 692/709/692 691/710/691 702/708/702
f 692/709/692 702/708/702 703/711/703
f 699/705/699 704/712/704 705/713/705
f 699/705/699 705/713/705 701/707/701
f 694/714/694 693/715/693 706/716/706
f 694/714/694 706/716/706 707/717/707
f 707/717/707 706/716/706 708/718/708
f 707/717/707 708/718/708 709/719/709
f 709/719/709 708/718/708 710/720/710
f 709/719/709 710/720/710 711/721/711
f 695/722/695 694/714/694 707/717/707
f 695/722/695 707/717/707 712/723/712
f 712/723/712 707/717/707 709/719/709
f 712/723/712 709/719/709 713/724/713
f 713/724/713 709/719/709 714/725/714
f 704/712/704 715/726/715 716/727/716
f 704/712/704 716/727/716 705/713/705
f 711/721/711 710/720/710 717/728/717
f 711/721/711 717/728/717 718/729/718
f 719/730/719 714/725/714 720/731/720
f 719/730/719 720/731/720 721/732/721
f 451/451/451 453/453/453 722/733/722
f 451/451/451 722/733/722 700/706/700
f 150/150/150 723/734/723 722/733/722
f 150/150/150 722/733/722 453/453/453
f 724/735/724 406/406/406 182/182/182
f 724/735/724 182/182/182 181/181/181
f 722/733/722 715/726/715 704/712/704
f 722/733/722 704/712/704 700/706/700
f 700/706/700 704/712/704 699/705/699
f 723/734/723 725/736/725 715/726/715
f 723/734/723 715/726/715 722/733/722
f 406/406/406 724/735/724 723/734/723
f 406/406/406 723/734/723 150/150/150
f 726/737/726 724/735/724 181/181/181
f 726/737/726 181/181/181 727/738/727
f 728/739/728 726/737/726 727/738/727
f 728/739/728 727/738/727 729/740/729
f 726/737/726 725/736/725 723/734/723
f 726/737/726 723/734/723 724/735/724
f 405/405/405 403/403/403 730/741/730
f 405/405/405 730/741/730 731/742/731
f 729/740/729 727/738/727 404/404/404
f 729/740/729 404/404/404 405/405/405
f 727/738/727 181/181/181 404/404/404
f 732/743/732 733/744/733 734/745/734
f 732/743/732 734/745/734 735/746/735
f 736/747/736 737/748/737 738/749/738
f 736/747/736 738/749/738 739/750/739
f 740/751/740 741/752/741 742/753/742
f 740/751/740 742/753/742 743/754/743
f 744/755/744 745/756/745 746/757/746
f 744/755/744 746/757/746 747/758/747
f 729/740/729 405/405/405 731/742/731
f 729/740/729 731/742/731 748/759/748
f 749/760/749 732/743/732 735/746/735
f 749/760/749 735/746/735 750/761/750
f 751/762/751 736/747/736 739/750/739
f 751/762/751 739/750/739 752/763/752
f 729/740/729 748/759/748 753/764/753
f 729/740/729 753/764/753 728/739/728
f 749/760/749 750/761/750 754/765/754
f 749/760/749 754/765/754 755/766/755
f 751/762/751 752/763/752 756/767/756
f 751/762/751 756/767/756 757/768/757
f 740/751/740 743/754/743 758/769/758
f 740/751/740 758/769/758 759/770/759
f 759/770/759 758/769/758 760/771/760
f 759/770/759 760/771/760 761/772/761
f 726/737/726 728/739/728 762/773/762
f 726/737/726 762/773/762 725/736/725
f 728/739/728 763/774/763 764/775/764
f 728/739/728 764/775/764 762/773/762
f 755/766/755 754/765/754 765/776/765
f 755/766/755 765/776/765 766/777/766
f 757/768/757 756/767/756 767/778/767
f 757/768/757 767/778/767 768/779/768
f 769/780/769 770/781/770 717/782/717
f 771/783/771 772/784/772 773/785/773
f 771/783/771 773/785/773 774/786/774
f 715/726/715 725/736/725 775/787/775
f 715/726/715 775/787/775 716/727/716
f 725/736/725 762/773/762 776/788/776
f 725/736/725 776/788/776 775/787/775
f 753/764/753 763/774/763 728/739/728
f 771/783/771 774/786/774 777/789/777
f 771/783/771 777/789/777 778/790/778
f 718/729/718 717/728/717 779/791/779
f 718/729/718 779/791/779 780/792/780
f 780/792/780 779/791/779 781/793/781
f 780/792/780 781/793/781 782/794/782
f 721/732/721 720/731/720 783/795/783
f 721/732/721 783/795/783 784/796/784
f 713/724/713 785/797/785 786/798/786
f 713/724/713 786/798/786 787/799/787
f 788/800/788 789/801/789 790/802/790
f 788/800/788 790/802/790 791/803/791
f 791/803/791 790/802/790 792/804/792
f 791/803/791 792/804/792 793/805/793
f 793/805/793 792/804/792 794/806/794
f 793/805/793 794/806/794 795/807/795
f 795/807/795 794/806/794 796/808/796
f 795/807/795 796/808/796 797/809/797
f 797/810/797 796/811/796 798/812/798
f 797/810/797 798/812/798 799/813/799
f 712/723/712 713/724/713 787/799/787
f 712/723/712 787/799/787 800/814/800
f 801/815/801 788/800/788 791/803/791
f 801/815/801 791/803/791 802/816/802
f 802/816/802 791/803/791 793/805/793
f 802/816/802 793/805/793 803/817/803
f 695/722/695 712/723/712 800/814/800
f 695/722/695 800/814/800 804/818/804
f 805/819/805 801/815/801 802/816/802
f 805/819/805 802/816/802 806/820/806
f 804/818/804 800/814/800 801/815/801
f 804/818/804 801/815/801 805/819/805
f 800/814/800 787/799/787 788/800/788
f 800/814/800 788/800/788 801/815/801
f 787/799/787 786/798/786 789/801/789
f 787/799/787 789/801/789 788/800/788
f 805/819/805 806/820/806 807/821/807
f 805/819/805 807/821/807 808/822/808
f 804/823/804 809/824/809 696/701/696
f 807/821/807 806/820/806 810/825/810
f 807/821/807 810/825/810 811/826/811
f 696/701/696 687/692/687 695/700/695
f 696/701/696 695/700/695 804/823/804
f 806/820/806 802/816/802 803/817/803
f 806/820/806 803/817/803 810/825/810
f 795/807/795 797/809/797 812/827/812
f 795/807/795 812/827/812 813/828/813
f 813/828/813 812/827/812 814/829/814
f 813/828/813 814/829/814 815/830/815
f 815/830/815 814/829/814 816/831/816
f 815/830/815 816/831/816 817/832/817
f 803/817/803 793/805/793 795/807/795
f 803/817/803 795/807/795 813/828/813
f 810/825/810 803/817/803 813/828/813
f 810/825/810 813/828/813 815/830/815
f 811/826/811 810/825/810 815/830/815
f 811/826/811 815/830/815 817/832/817
f 818/833/818 819/834/819 820/835/820
f 818/833/818 820/835/820 821/836/821
f 821/836/821 820/835/820 822/837/822
f 821/836/821 822/837/822 823/838/823
f 824/839/824 818/833/818 821/836/821
f 824/839/824 821/836/821 825/840/825
f 821/836/821 823/838/823 826/841/826
f 821/836/821 826/841/826 825/840/825
f 824/839/824 825/840/825 827/842/827
f 824/839/824 827/842/827 828/843/828
f 825/840/825 826/841/826 829/844/829
f 825/840/825 829/844/829 827/842/827
f 828/843/828 827/842/827 830/845/830
f 828/843/828 830/845/830 831/846/831
f 832/847/832 831/846/831 833/848/833
f 832/847/832 833/848/833 834/849/834
f 834/849/834 833/848/833 835/850/835
f 834/849/834 835/850/835 836/851/836
f 837/852/837 838/853/838 839/854/839
f 837/852/837 839/854/839 840/855/840
f 841/856/841 842/857/842 843/858/843
f 841/856/841 843/858/843 844/859/844
f 845/860/845 846/861/846 847/862/847
f 845/860/845 847/862/847 848/863/848
f 830/845/830 849/864/849 850/865/850
f 830/845/830 850/865/850 835/850/835
f 830/845/830 835/850/835 833/848/833
f 838/853/838 851/866/851 852/867/852
f 838/853/838 852/867/852 839/854/839
f 842/857/842 853/868/853 854/869/854
f 842/857/842 854/869/854 843/858/843
f 846/861/846 855/870/855 856/871/856
f 846/861/846 856/871/856 847/862/847
f 819/834/819 719/730/719 721/732/721
f 819/834/819 721/732/721 820/835/820
f 820/835/820 721/732/721 784/796/784
f 820/835/820 784/796/784 822/837/822
f 822/837/822 784/796/784 857/872/857
f 822/837/822 857/872/857 858/873/858
f 859/874/859 860/875/860 861/876/861
f 859/874/859 861/876/861 862/877/862
f 863/878/863 864/879/864 865/880/865
f 863/878/863 865/880/865 866/881/866
f 867/882/867 868/883/868 869/884/869
f 867/882/867 869/884/869 870/885/870
f 826/841/826 823/838/823 871/886/871
f 826/841/826 871/886/871 872/887/872
f 872/887/872 871/886/871 873/888/873
f 872/887/872 873/888/873 874/889/874
f 829/844/829 826/841/826 872/887/872
f 829/844/829 872/887/872 875/890/875
f 875/890/875 872/887/872 874/889/874
f 875/890/875 874/889/874 876/891/876
f 851/866/851 877/892/877 878/893/878
f 851/866/851 878/893/878 852/867/852
f 849/864/849 830/845/830 827/842/827
f 849/864/849 827/842/827 829/844/829
f 853/868/853 879/894/879 880/895/880
f 853/868/853 880/895/880 854/869/854
f 855/870/855 881/896/881 882/897/882
f 855/870/855 882/897/882 856/871/856
f 856/871/856 882/897/882 883/898/883
f 856/871/856 883/898/883 884/899/884
f 668/673/668 670/675/670 885/900/885
f 668/673/668 885/900/885 886/901/886
f 886/901/886 885/900/885 887/902/887
f 886/901/886 887/902/887 888/903/888
f 888/904/888 887/905/887 889/906/889
f 888/904/888 889/906/889 890/907/890
f 890/907/890 889/906/889 891/908/891
f 892/909/892 893/910/893 894/911/894
f 892/909/892 894/911/894 895/912/895
f 896/913/896 897/914/897 898/915/898
f 896/913/896 898/915/898 899/916/899
f 900/917/900 901/918/901 902/919/902
f 900/917/900 902/919/902 903/920/903
f 904/921/904 905/922/905 906/923/906
f 904/921/904 906/923/906 907/924/907
f 908/925/908 892/909/892 895/912/895
f 908/925/908 895/912/895 909/926/909
f 905/922/905 896/913/896 899/916/899
f 905/922/905 899/916/899 906/923/906
f 910/927/910 904/921/904 907/924/907
f 910/927/910 907/924/907 911/928/911
f 901/918/901 912/929/912 913/930/913
f 901/918/901 913/930/913 902/919/902
f 893/910/893 910/927/910 911/928/911
f 893/910/893 911/928/911 894/911/894
f 897/914/897 900/917/900 903/920/903
f 897/914/897 903/920/903 898/915/898
f 912/931/912 914/932/914 915/933/915
f 912/931/912 915/933/915 913/934/913
f 914/932/914 908/925/908 909/926/909
f 914/932/914 909/926/909 915/933/915
f 916/935/916 917/936/917 918/937/918
f 916/935/916 918/937/918 919/938/919
f 920/939/920 921/940/921 922/941/922
f 920/939/920 922/941/922 923/942/923
f 924/943/924 925/944/925 926/945/926
f 924/943/924 926/945/926 927/946/927
f 928/947/928 916/935/916 919/938/919
f 928/947/928 919/938/919 929/948/929
f 930/949/930 928/947/928 929/948/929
f 930/949/930 929/948/929 931/950/931
f 932/951/932 924/952/924 927/953/927
f 932/951/932 927/953/927 933/954/933
f 934/955/934 935/956/935 936/957/936
f 934/955/934 936/957/936 937/958/937
f 917/936/917 938/959/938 939/960/939
f 917/936/917 939/960/939 918/937/918
f 921/940/921 930/949/930 931/950/931
f 921/940/921 931/950/931 922/941/922
f 938/959/938 932/951/932 933/954/933
f 938/959/938 933/954/933 939/960/939
f 935/956/935 920/939/920 923/942/923
f 935/956/935 923/942/923 936/957/936
f 925/944/925 934/955/934 937/958/937
f 925/944/925 937/958/937 926/945/926
f 940/961/940 941/962/941 942/963/942
f 940/961/940 942/963/942 943/964/943
f 944/965/944 945/966/945 946/967/946
f 944/965/944 946/967/946 947/968/947
f 948/969/948 944/965/944 947/968/947
f 948/969/948 947/968/947 949/970/949
f 950/971/950 940/972/940 943/973/943
f 950/971/950 943/973/943 951/974/951
f 952/975/952 953/976/953 954/977/954
f 952/975/952 954/977/954 955/978/955
f 956/979/956 957/980/957 958/981/958
f 956/979/956 958/981/958 959/982/959
f 960/983/960 948/969/948 949/970/949
f 960/983/960 949/970/949 961/984/961
f 957/980/957 950/971/950 951/974/951
f 957/980/957 951/974/951 958/981/958
f 953/976/953 962/985/962 963/986/963
f 953/976/953 963/986/963 954/977/954
f 941/962/941 952/975/952 955/978/955
f 941/962/941 955/978/955 942/963/942
f 945/966/945 956/979/956 959/982/959
f 945/966/945 959/982/959 946/967/946
f 962/985/962 960/983/960 961/984/961
f 962/985/962 961/984/961 963/986/963
f 964/987/964 965/988/965 966/989/966
f 964/987/964 966/989/966 967/990/967
f 968/991/968 969/992/969 970/993/970
f 968/991/968 970/993/970 971/994/971
f 972/995/972 973/996/973 974/997/974
f 972/995/972 974/997/974 975/998/975
f 976/999/976 972/995/972 975/998/975
f 976/999/976 975/998/975 977/1000/977
f 978/1001/978 968/1002/968 971/1003/971
f 978/1001/978 971/1003/971 979/1004/979
f 980/1005/980 981/1006/981 982/1007/982
f 980/1005/980 982/1007/982 983/1008/983
f 984/1009/984 985/1010/985 986/1011/986
f 984/1009/984 986/1011/986 987/1012/987
f 965/988/965 976/999/976 977/1000/977
f 965/988/965 977/1000/977 966/989/966
f 985/1010/985 978/1001/978 979/1004/979
f 985/1010/985 979/1004/979 986/1011/986
f 981/1006/981 964/987/964 967/990/967
f 981/1006/981 967/990/967 982/1007/982
f 969/992/969 980/1005/980 983/1008/983
f 969/992/969 983/1008/983 970/993/970
f 973/996/973 984/1009/984 987/1012/987
f 973/996/973 987/1012/987 974/997/974
f 988/1013/988 989/1014/989 990/1015/990
f 988/1013/988 990/1015/990 991/1016/991
f 992/1017/992 993/1018/993 994/1019/994
f 992/1017/992 994/1019/994 995/1020/995
f 996/1021/996 997/1022/997 998/1023/998
f 996/1021/996 998/1023/998 999/1024/999
f 1000/1025/1000 996/1021/996 999/1024/999
f 1000/1025/1000 999/1024/999 1001/1026/1001
f 1002/1027/1002 992/1028/992 995/1029/995
f 1002/1027/1002 995/1029/995 1003/1030/1003
f 1004/1031/1004 1005/1032/1005 1006/1033/1006
f 1004/1031/1004 1006/1033/1006 1007/1034/1007
f 1008/1035/1008 1009/1036/1009 1010/1037/1010
f 1008/1035/1008 1010/1037/1010 1011/1038/1011
f 989/1014/989 1000/1025/1000 1001/1026/1001
f 989/1014/989 1001/1026/1001 990/1015/990
f 1009/1036/1009 1002/1027/1002 1003/1030/1003
f 1009/1036/1009 1003/1030/1003 1010/1037/1010
f 1005/1032/1005 988/1013/988 991/1016/991
f 1005/1032/1005 991/1016/991 1006/1033/1006
f 993/1018/993 1004/1031/1004 1007/1034/1007
f 993/1018/993 1007/1034/1007 994/1019/994
f 997/1022/997 1008/1035/1008 1011/1038/1011
f 997/1022/997 1011/1038/1011 998/1023/998
f 1012/1039/1012 1013/1040/1013 1014/1041/1014
f 1012/1039/1012 1014/1041/1014 1015/1042/1015
f 1016/1043/1016 1017/1044/1017 1018/1045/1018
f 1016/1043/1016 1018/1045/1018 1019/1046/1019
f 1020/1047/1020 1021/1048/1021 1022/1049/1022
f 1020/1047/1020 1022/1049/1022 1023/1050/1023
f 1024/1051/1024 1012/1039/1012 1015/1042/1015
f 1024/1051/1024 1015/1042/1015 1025/1052/1025
f 1026/1053/1026 1024/1051/1024 1025/1052/1025
f 1026/1053/1026 1025/1052/1025 1027/1054/1027
f 1028/1055/1028 1020/1056/1020 1023/1057/1023
f 1028/1055/1028 1023/1057/1023 1029/1058/1029
f 1030/1059/1030 1031/1060/1031 1032/1061/1032
f 1030/1059/1030 1032/1061/1032 1033/1062/1033
f 1013/1040/1013 1034/1063/1034 1035/1064/1035
f 1013/1040/1013 1035/1064/1035 1014/1041/1014
f 1017/1044/1017 1026/1053/1026 1027/1054/1027
f 1017/1044/1017 1027/1054/1027 1018/1045/1018
f 1034/1063/1034 1028/1055/1028 1029/1058/1029
f 1034/1063/1034 1029/1058/1029 1035/1064/1035
f 1031/1060/1031 1016/1043/1016 1019/1046/1019
f 1031/1060/1031 1019/1046/1019 1032/1061/1032
f 1021/1048/1021 1030/1059/1030 1033/1062/1033
f 1021/1048/1021 1033/1062/1033 1022/1049/1022
f 1036/1065/1036 1037/1066/1037 1038/1067/1038
f 1036/1065/1036 1038/1067/1038 1039/1068/1039
f 1040/1069/1040 1041/1070/1041 1042/1071/1042
f 1040/1069/1040 1042/1071/1042 1043/1072/1043
f 1044/1073/1044 1045/1074/1045 1046/1075/1046
f 1044/1073/1044 1046/1075/1046 1047/1076/1047
f 1048/1077/1048 1036/1065/1036 1039/1068/1039
f 1048/1077/1048 1039/1068/1039 1049/1078/1049
f 1050/1079/1050 1048/1077/1048 1049/1078/1049
f 1050/1079/1050 1049/1078/1049 1051/1080/1051
f 1052/1081/1052 1044/1082/1044 1047/1083/1047
f 1052/1081/1052 1047/1083/1047 1053/1084/1053
f 1054/1085/1054 1055/1086/1055 1056/1087/1056
f 1054/1085/1054 1056/1087/1056 1057/1088/1057
f 1037/1066/1037 1058/1089/1058 1059/1090/1059
f 1037/1066/1037 1059/1090/1059 1038/1067/1038
f 1041/1070/1041 1050/1079/1050 1051/1080/1051
f 1041/1070/1041 1051/1080/1051 1042/1071/1042
f 1058/1089/1058 1052/1081/1052 1053/1084/1053
f 1058/1089/1058 1053/1084/1053 1059/1090/1059
f 1055/1086/1055 1040/1069/1040 1043/1072/1043
f 1055/1086/1055 1043/1072/1043 1056/1087/1056
f 1045/1074/1045 1054/1085/1054 1057/1088/1057
f 1045/1074/1045 1057/1088/1057 1046/1075/1046
f 1060/1091/1060 1061/1092/1061 1062/1093/1062
f 1060/1091/1060 1062/1093/1062 1063/1094/1063
f 1064/1095/1064 1065/1096/1065 1066/1097/1066
f 1064/1095/1064 1066/1097/1066 1067/1098/1067
f 1068/1099/1068 1069/1100/1069 1070/1101/1070
f 1068/1099/1068 1070/1101/1070 1071/1102/1071
f 1072/1103/1072 1060/1091/1060 1063/1094/1063
f 1072/1103/1072 1063/1094/1063 1073/1104/1073
f 1074/1105/1074 1064/1095/1064 1067/1098/1067
f 1074/1105/1074 1067/1098/1067 1075/1106/1075
f 1076/1107/1076 1074/1105/1074 1075/1106/1075
f 1076/1107/1076 1075/1106/1075 1077/1108/1077
f 1078/1109/1078 1072/1110/1072 1073/1111/1073
f 1078/1109/1078 1073/1111/1073 1079/1112/1079
f 1061/1092/1061 1080/1113/1080 1081/1114/1081
f 1061/1092/1061 1081/1114/1081 1062/1093/1062
f 1065/1096/1065 1082/1115/1082 1083/1116/1083
f 1065/1096/1065 1083/1116/1083 1066/1097/1066
f 1069/1100/1069 1076/1107/1076 1077/1108/1077
f 1069/1100/1069 1077/1108/1077 1070/1101/1070
f 1082/1115/1082 1078/1109/1078 1079/1112/1079
f 1082/1115/1082 1079/1112/1079 1083/1116/1083
f 1080/1113/1080 1068/1099/1068 1071/1102/1071
f 1080/1113/1080 1071/1102/1071 1081/1114/1081
f 946/967/946 959/982/959 984/1009/984
f 946/967/946 984/1009/984 973/996/973
f 942/963/942 955/978/955 980/1005/980
f 942/963/942 980/1005/980 969/992/969
f 954/977/954 963/986/963 964/987/964
f 954/977/954 964/987/964 981/1006/981
f 958/981/958 951/974/951 978/1001/978
f 958/981/958 978/1001/978 985/1010/985
f 961/984/961 949/970/949 976/999/976
f 961/984/961 976/999/976 965/988/965
f 959/982/959 958/981/958 985/1010/985
f 959/982/959 985/1010/985 984/1009/984
f 955/978/955 954/977/954 981/1006/981
f 955/978/955 981/1006/981 980/1005/980
f 951/974/951 943/973/943 968/1002/968
f 951/974/951 968/1002/968 978/1001/978
f 949/970/949 947/968/947 972/995/972
f 949/970/949 972/995/972 976/999/976
f 947/968/947 946/967/946 973/996/973
f 947/968/947 973/996/973 972/995/972
f 943/964/943 942/963/942 969/992/969
f 943/964/943 969/992/969 968/991/968
f 963/986/963 961/984/961 965/988/965
f 963/986/963 965/988/965 964/987/964
f 974/997/974 987/1012/987 1008/1035/1008
f 974/997/974 1008/1035/1008 997/1022/997
f 970/993/970 983/1008/983 1004/1031/1004
f 970/993/970 1004/1031/1004 993/1018/993
f 982/1007/982 967/990/967 988/1013/988
f 982/1007/982 988/1013/988 1005/1032/1005
f 986/1011/986 979/1004/979 1002/1027/1002
f 986/1011/986 1002/1027/1002 1009/1036/1009
f 966/989/966 977/1000/977 1000/1025/1000
f 966/989/966 1000/1025/1000 989/1014/989
f 987/1012/987 986/1011/986 1009/1036/1009
f 987/1012/987 1009/1036/1009 1008/1035/1008
f 983/1008/983 982/1007/982 1005/1032/1005
f 983/1008/983 1005/1032/1005 1004/1031/1004
f 979/1004/979 971/1003/971 992/1028/992
f 979/1004/979 992/1028/992 1002/1027/1002
f 977/1000/977 975/998/975 996/1021/996
f 977/1000/977 996/1021/996 1000/1025/1000
f 975/998/975 974/997/974 997/1022/997
f 975/998/975 997/1022/997 996/1021/996
f 971/994/971 970/993/970 993/1018/993
f 971/994/971 993/1018/993 992/1017/992
f 967/990/967 966/989/966 989/1014/989
f 967/990/967 989/1014/989 988/1013/988
f 994/1019/994 1007/1034/1007 1030/1059/1030
f 994/1019/994 1030/1059/1030 1021/1048/1021
f 1006/1033/1006 991/1016/991 1016/1043/1016
f 1006/1033/1006 1016/1043/1016 1031/1060/1031
f 1010/1037/1010 1003/1030/1003 1028/1055/1028
f 1010/1037/1010 1028/1055/1028 1034/1063/1034
f 990/1015/990 1001/1026/1001 1026/1053/1026
f 990/1015/990 1026/1053/1026 1017/1044/1017
f 1011/1038/1011 1010/1037/1010 1034/1063/1034
f 1011/1038/1011 1034/1063/1034 1013/1040/1013
f 1007/1034/1007 1006/1033/1006 1031/1060/1031
f 1007/1034/1007 1031/1060/1031 1030/1059/1030
f 1003/1030/1003 995/1029/995 1020/1056/1020
f 1003/1030/1003 1020/1056/1020 1028/1055/1028
f 1001/1026/1001 999/1024/999 1024/1051/1024
f 1001/1026/1001 1024/1051/1024 1026/1053/1026
f 999/1024/999 998/1023/998 1012/1039/1012
f 999/1024/999 1012/1039/1012 1024/1051/1024
f 995/1020/995 994/1019/994 1021/1048/1021
f 995/1020/995 1021/1048/1021 1020/1047/1020
f 991/1016/991 990/1015/990 1017/1044/1017
f 991/1016/991 1017/1044/1017 1016/1043/1016
f 998/1023/998 1011/1038/1011 1013/1040/1013
f 998/1023/998 1013/1040/1013 1012/1039/1012
f 1022/1049/1022 1033/1062/1033 1054/1085/1054
f 1022/1049/1022 1054/1085/1054 1045/1074/1045
f 1032/1061/1032 1019/1046/1019 1040/1069/1040
f 1032/1061/1032 1040/1069/1040 1055/1086/1055
f 1035/1064/1035 1029/1058/1029 1052/1081/1052
f 1035/1064/1035 1052/1081/1052 1058/1089/1058
f 1018/1045/1018 1027/1054/1027 1050/1079/1050
f 1018/1045/1018 1050/1079/1050 1041/1070/1041
f 1014/1041/1014 1035/1064/1035 1058/1089/1058
f 1014/1041/1014 1058/1089/1058 1037/1066/1037
f 1033/1062/1033 1032/1061/1032 1055/1086/1055
f 1033/1062/1033 1055/1086/1055 1054/1085/1054
f 1029/1058/1029 1023/1057/1023 1044/1082/1044
f 1029/1058/1029 1044/1082/1044 1052/1081/1052
f 1027/1054/1027 1025/1052/1025 1048/1077/1048
f 1027/1054/1027 1048/1077/1048 1050/1079/1050
f 1025/1052/1025 1015/1042/1015 1036/1065/1036
f 1025/1052/1025 1036/1065/1036 1048/1077/1048
f 1023/1050/1023 1022/1049/1022 1045/1074/1045
f 1023/1050/1023 1045/1074/1045 1044/1073/1044
f 1019/1046/1019 1018/1045/1018 1041/1070/1041
f 1019/1046/1019 1041/1070/1041 1040/1069/1040
f 1015/1042/1015 1014/1041/1014 1037/1066/1037
f 1015/1042/1015 1037/1066/1037 1036/1065/1036
f 1056/1087/1056 1043/1072/1043 1068/1099/1068
f 1056/1087/1056 1068/1099/1068 1080/1113/1080
f 1059/1090/1059 1053/1084/1053 1078/1109/1078
f 1059/1090/1059 1078/1109/1078 1082/1115/1082
f 1042/1071/1042 1051/1080/1051 1076/1107/1076
f 1042/1071/1042 1076/1107/1076 1069/1100/1069
f 1038/1067/1038 1059/1090/1059 1082/1115/1082
f 1038/1067/1038 1082/1115/1082 1065/1096/1065
f 1057/1088/1057 1056/1087/1056 1080/1113/1080
f 1057/1088/1057 1080/1113/1080 1061/1092/1061
f 1053/1084/1053 1047/1083/1047 1072/1110/1072
f 1053/1084/1053 1072/1110/1072 1078/1109/1078
f 1051/1080/1051 1049/1078/1049 1074/1105/1074
f 1051/1080/1051 1074/1105/1074 1076/1107/1076
f 1049/1078/1049 1039/1068/1039 1064/1095/1064
f 1049/1078/1049 1064/1095/1064 1074/1105/1074
f 1047/1076/1047 1046/1075/1046 1060/1091/1060
f 1047/1076/1047 1060/1091/1060 1072/1103/1072
f 1043/1072/1043 1042/1071/1042 1069/1100/1069
f 1043/1072/1043 1069/1100/1069 1068/1099/1068
f 1039/1068/1039 1038/1067/1038 1065/1096/1065
f 1039/1068/1039 1065/1096/1065 1064/1095/1064
f 1046/1075/1046 1057/1088/1057 1061/1092/1061
f 1046/1075/1046 1061/1092/1061 1060/1091/1060
f 923/942/923 922/941/922 960/983/960
f 923/942/923 960/983/960 962/985/962
f 919/938/919 918/937/918 956/979/956
f 919/938/919 956/979/956 945/966/945
f 926/945/926 937/958/937 952/975/952
f 926/945/926 952/975/952 941/962/941
f 936/957/936 923/942/923 962/985/962
f 936/957/936 962/985/962 953/976/953
f 939/960/939 933/954/933 950/971/950
f 939/960/939 950/971/950 957/980/957
f 922/941/922 931/950/931 948/969/948
f 922/941/922 948/969/948 960/983/960
f 918/937/918 939/960/939 957/980/957
f 918/937/918 957/980/957 956/979/956
f 937/958/937 936/957/936 953/976/953
f 937/958/937 953/976/953 952/975/952
f 933/954/933 927/953/927 940/972/940
f 933/954/933 940/972/940 950/971/950
f 931/950/931 929/948/929 944/965/944
f 931/950/931 944/965/944 948/969/948
f 929/948/929 919/938/919 945/966/945
f 929/948/929 945/966/945 944/965/944
f 927/946/927 926/945/926 941/962/941
f 927/946/927 941/962/941 940/961/940
f 1084/1117/1084 1085/1118/1085 1086/1119/1086
f 1084/1117/1084 1086/1119/1086 1087/1120/1087
f 1088/1121/1088 1089/1122/1089 1090/1123/1090
f 1088/1121/1088 1090/1123/1090 1091/1124/1091
f 1089/1122/1089 1085/1118/1085 1092/1125/1092
f 1089/1122/1089 1092/1125/1092 1090/1123/1090
f 1093/1126/1093 1088/1121/1088 1091/1124/1091
f 1093/1126/1093 1091/1124/1091 1094/1127/1094
f 1095/1128/1095 1093/1126/1093 1094/1127/1094
f 1095/1128/1095 1094/1127/1094 1096/1129/1096
f 1097/1130/1097 1095/1128/1095 1096/1129/1096
f 1097/1130/1097 1096/1129/1096 1098/1131/1098
f 1099/1132/1099 1097/1130/1097 1098/1131/1098
f 1099/1132/1099 1098/1131/1098 1100/1133/1100
f 1084/1117/1084 1099/1132/1099 1100/1133/1100
f 1084/1117/1084 1100/1133/1100 1101/1134/1101
f 1086/1119/1086 1102/1135/1102 1103/1136/1103
f 1086/1119/1086 1103/1136/1103 1104/1137/1104
f 1102/1135/1102 1105/1138/1105 1106/1139/1106
f 1102/1135/1102 1106/1139/1106 1103/1136/1103
f 1105/1138/1105 1107/1140/1107 1108/1141/1108
f 1105/1138/1105 1108/1141/1108 1106/1139/1106
f 1107/1140/1107 1109/1142/1109 418/418/418
f 1107/1140/1107 418/418/418 651/651/651
f 1107/1140/1107 651/651/651 654/654/654
f 1107/1140/1107 654/654/654 1108/1141/1108
f 1109/1142/1109 1110/1143/1110 416/416/416
f 1109/1142/1109 416/416/416 418/418/418
f 416/416/416 1110/1143/1110 223/223/223
f 416/416/416 223/223/223 237/237/237
f 1087/1120/1087 1111/1144/1111 1099/1132/1099
f 1087/1120/1087 1099/1132/1099 1084/1117/1084
f 1111/1144/1111 1110/1143/1110 1097/1130/1097
f 1111/1144/1111 1097/1130/1097 1099/1132/1099
f 1110/1143/1110 1109/1142/1109 1095/1128/1095
f 1110/1143/1110 1095/1128/1095 1097/1130/1097
f 1109/1142/1109 1107/1140/1107 1093/1126/1093
f 1109/1142/1109 1093/1126/1093 1095/1128/1095
f 1107/1140/1107 1105/1138/1105 1088/1121/1088
f 1107/1140/1107 1088/1121/1088 1093/1126/1093
f 1102/1135/1102 1086/1119/1086 1085/1118/1085
f 1102/1135/1102 1085/1118/1085 1089/1122/1089
f 1105/1138/1105 1102/1135/1102 1089/1122/1089
f 1105/1138/1105 1089/1122/1089 1088/1121/1088
f 1101/1134/1101 1092/1125/1092 1085/1118/1085
f 1101/1134/1101 1085/1118/1085 1084/1117/1084
f 1090/1123/1090 1092/1125/1092 1101/1134/1101
f 1090/1123/1090 1101/1134/1101 1091/1124/1091
f 1091/1124/1091 1101/1134/1101 1100/1133/1100
f 1091/1124/1091 1100/1133/1100 1094/1127/1094
f 1094/1127/1094 1100/1133/1100 1098/1131/1098
f 1094/1127/1094 1098/1131/1098 1096/1129/1096
f 223/223/223 1110/1143/1110 1111/1144/1111
f 223/223/223 1111/1144/1111 1112/1145/1112
f 223/223/223 1112/1145/1112 72/72/72
f 223/223/223 72/72/72 71/71/71
f 74/74/74 73/73/73 1113/1146/1113
f 74/74/74 1113/1146/1113 204/204/204
f 115/115/115 114/114/114 1114/1147/1114
f 115/115/115 1114/1147/1114 538/538/538
f 114/114/114 204/204/204 1113/1146/1113
f 114/114/114 1113/1146/1113 1114/1147/1114
f 1086/1119/1086 1104/1137/1104 1115/1148/1115
f 1086/1119/1086 1115/1148/1115 1087/1120/1087
f 1104/1137/1104 1103/1136/1103 1116/1149/1116
f 1104/1137/1104 1116/1149/1116 1117/1150/1117
f 1104/1137/1104 1118/1151/1118 1119/1152/1119
f 1104/1137/1104 1119/1152/1119 1115/1148/1115
f 1104/1137/1104 1117/1150/1117 1120/1153/1120
f 1104/1137/1104 1120/1153/1120 1118/1151/1118
f 1117/1150/1117 1121/1154/1121 1122/1155/1122
f 1117/1150/1117 1122/1155/1122 1120/1153/1120
f 1121/1154/1121 1123/1156/1123 1124/1157/1124
f 1121/1154/1121 1124/1157/1124 1122/1155/1122
f 1123/1156/1123 1125/1158/1125 1126/1159/1126
f 1123/1156/1123 1126/1159/1126 1124/1157/1124
f 1125/1158/1125 1127/1160/1127 1128/1161/1128
f 1125/1158/1125 1128/1161/1128 1126/1159/1126
f 1127/1160/1127 1129/1162/1129 1130/1163/1130
f 1127/1160/1127 1130/1163/1130 1128/1161/1128
f 1129/1162/1129 1131/1164/1131 1132/1165/1132
f 1129/1162/1129 1132/1165/1132 1130/1163/1130
f 1131/1164/1131 1133/1166/1133 1134/1167/1134
f 1131/1164/1131 1134/1167/1134 1132/1165/1132
f 1133/1166/1133 1135/1168/1135 1136/1169/1136
f 1133/1166/1133 1136/1169/1136 1134/1167/1134
f 1135/1168/1135 1137/1170/1137 1138/1171/1138
f 1135/1168/1135 1138/1171/1138 1136/1169/1136
f 1137/1170/1137 1115/1148/1115 1119/1152/1119
f 1137/1170/1137 1119/1152/1119 1138/1171/1138
f 1111/1144/1111 1087/1120/1087 1115/1148/1115
f 1111/1144/1111 1115/1148/1115 1112/1145/1112
f 1112/1145/1112 1115/1148/1115 72/72/72
f 72/72/72 1115/1148/1115 1137/1170/1137
f 72/72/72 1137/1170/1137 1139/1172/1139
f 73/73/73 1139/1172/1139 1140/1173/1140
f 73/73/73 1140/1173/1140 1113/1146/1113
f 1139/1172/1139 73/73/73 72/72/72
f 1113/1146/1113 1140/1173/1140 1141/1174/1141
f 1113/1146/1113 1141/1174/1141 1142/1175/1142
f 1141/1174/1141 1140/1173/1140 1143/1176/1143
f 1141/1174/1141 1143/1176/1143 1144/1177/1144
f 1144/1177/1144 1143/1176/1143 1145/1178/1145
f 1144/1177/1144 1145/1178/1145 1146/1179/1146
f 1146/1179/1146 1145/1178/1145 1147/1180/1147
f 1146/1179/1146 1147/1180/1147 1148/1181/1148
f 1148/1181/1148 1147/1180/1147 1149/1182/1149
f 1148/1181/1148 1149/1182/1149 1150/1183/1150
f 1150/1183/1150 1149/1182/1149 1151/1184/1151
f 1150/1183/1150 1151/1184/1151 1152/1185/1152
f 1152/1185/1152 1151/1184/1151 1153/1186/1153
f 1152/1185/1152 1153/1186/1153 1154/1187/1154
f 1154/1187/1154 1153/1186/1153 1155/1188/1155
f 1154/1187/1154 1155/1188/1155 1156/1189/1156
f 1157/1190/1157 1158/1191/1158 1159/1192/1159
f 1157/1190/1157 1159/1192/1159 1160/1193/1160
f 1160/1193/1160 1159/1192/1159 1114/1147/1114
f 1160/1193/1160 1114/1147/1114 1161/1194/1161
f 1114/1147/1114 1113/1146/1113 1142/1175/1142
f 1114/1147/1114 1142/1175/1142 1161/1194/1161
f 1152/1185/1152 1154/1187/1154 1162/1195/1162
f 1152/1185/1152 1162/1195/1162 1163/1196/1163
f 1163/1196/1163 1162/1195/1162 1164/1197/1164
f 1163/1196/1163 1164/1197/1164 1165/1198/1165
f 1165/1198/1165 1164/1197/1164 1166/1199/1166
f 1165/1198/1165 1166/1199/1166 1167/1200/1167
f 1167/1200/1167 1166/1199/1166 1168/1201/1168
f 1167/1200/1167 1168/1201/1168 1169/1202/1169
f 1169/1202/1169 1168/1201/1168 1142/1175/1142
f 1169/1202/1169 1142/1175/1142 1141/1174/1141
f 1139/1172/1139 1137/1170/1137 1135/1168/1135
f 1143/1176/1143 1140/1173/1140 1139/1172/1139
f 1143/1176/1143 1139/1172/1139 1135/1168/1135
f 1135/1168/1135 1133/1166/1133 1145/1178/1145
f 1135/1168/1135 1145/1178/1145 1143/1176/1143
f 1133/1166/1133 1131/1164/1131 1147/1180/1147
f 1133/1166/1133 1147/1180/1147 1145/1178/1145
f 1131/1164/1131 1129/1162/1129 1149/1182/1149
f 1131/1164/1131 1149/1182/1149 1147/1180/1147
f 1138/1171/1138 1170/1203/1170 1171/1204/1171
f 1138/1171/1138 1171/1204/1171 1136/1169/1136
f 1170/1203/1170 1172/1205/1172 1173/1206/1173
f 1170/1203/1170 1173/1206/1173 1171/1204/1171
f 1172/1205/1172 1174/1207/1174 1175/1208/1175
f 1172/1205/1172 1175/1208/1175 1173/1206/1173
f 1174/1207/1174 1176/1209/1176 1177/1210/1177
f 1174/1207/1174 1177/1210/1177 1175/1208/1175
f 1173/1206/1173 1132/1165/1132 1134/1167/1134
f 1173/1206/1173 1134/1167/1134 1171/1204/1171
f 1175/1208/1175 1130/1163/1130 1132/1165/1132
f 1175/1208/1175 1132/1165/1132 1173/1206/1173
f 1177/1210/1177 1128/1161/1128 1130/1163/1130
f 1177/1210/1177 1130/1163/1130 1175/1208/1175
f 1176/1209/1176 1124/1157/1124 1126/1159/1126
f 1176/1209/1176 1126/1159/1126 1177/1210/1177
f 1170/1203/1170 1119/1152/1119 1172/1205/1172
f 1172/1205/1172 1119/1152/1119 1118/1151/1118
f 1172/1205/1172 1118/1151/1118 1174/1207/1174
f 1138/1171/1138 1119/1152/1119 1170/1203/1170
f 1134/1167/1134 1136/1169/1136 1171/1204/1171
f 1120/1153/1120 1176/1209/1176 1174/1207/1174
f 1120/1153/1120 1174/1207/1174 1118/1151/1118
f 1122/1155/1122 1124/1157/1124 1176/1209/1176
f 1122/1155/1122 1176/1209/1176 1120/1153/1120
f 1126/1159/1126 1128/1161/1128 1177/1210/1177
f 1125/1158/1125 1178/1211/1178 1179/1212/1179
f 1125/1158/1125 1179/1212/1179 1127/1160/1127
f 1123/1156/1123 1180/1213/1180 1178/1211/1178
f 1123/1156/1123 1178/1211/1178 1125/1158/1125
f 1121/1154/1121 1181/1214/1181 1180/1213/1180
f 1121/1154/1121 1180/1213/1180 1123/1156/1123
f 1178/1211/1178 1182/1215/1182 1183/1216/1183
f 1178/1211/1178 1183/1216/1183 1179/1212/1179
f 1180/1213/1180 1184/1217/1184 1182/1215/1182
f 1180/1213/1180 1182/1215/1182 1178/1211/1178
f 1181/1214/1181 1185/1218/1185 1184/1217/1184
f 1181/1214/1181 1184/1217/1184 1180/1213/1180
f 1182/1215/1182 1186/1219/1186 1187/1220/1187
f 1182/1215/1182 1187/1220/1187 1183/1216/1183
f 1184/1217/1184 1188/1221/1188 1186/1219/1186
f 1184/1217/1184 1186/1219/1186 1182/1215/1182
f 1185/1218/1185 1189/1222/1189 1188/1221/1188
f 1185/1218/1185 1188/1221/1188 1184/1217/1184
f 1103/1136/1103 1106/1139/1106 1190/1223/1190
f 1103/1136/1103 1190/1223/1190 1191/1224/1191
f 1191/1224/1191 1190/1223/1190 1192/1225/1192
f 1191/1224/1191 1192/1225/1192 1193/1226/1193
f 1193/1226/1193 1192/1225/1192 668/1227/668
f 1193/1226/1193 668/1227/668 886/1228/886
f 1192/1225/1192 1190/1223/1190 1194/1229/1194
f 1192/1225/1192 1194/1229/1194 1195/1230/1195
f 1195/1230/1195 1194/1229/1194 1196/1231/1196
f 1195/1230/1195 1196/1231/1196 1197/1232/1197
f 1197/1232/1197 1196/1231/1196 656/656/656
f 1197/1232/1197 656/656/656 658/1233/658
f 660/1234/660 1195/1230/1195 1197/1232/1197
f 660/662/660 659/661/659 668/673/668
f 1195/1230/1195 660/1234/660 668/1227/668
f 1195/1230/1195 668/1227/668 1192/1225/1192
f 658/1233/658 660/1234/660 1197/1232/1197
f 631/631/631 656/656/656 1196/1231/1196
f 631/631/631 1196/1231/1196 626/626/626
f 627/627/627 626/626/626 652/652/652
f 653/653/653 652/652/652 626/626/626
f 653/653/653 626/626/626 1196/1231/1196
f 654/654/654 653/653/653 1196/1231/1196
f 654/654/654 1196/1231/1196 1194/1229/1194
f 654/654/654 1194/1229/1194 1108/1141/1108
f 1106/1139/1106 1108/1141/1108 1194/1229/1194
f 1106/1139/1106 1194/1229/1194 1190/1223/1190
f 1103/1136/1103 1191/1224/1191 1116/1149/1116
f 1116/1149/1116 1198/1235/1198 1199/1236/1199
f 1116/1149/1116 1199/1236/1199 1117/1150/1117
f 1200/1237/1200 1199/1236/1199 1198/1235/1198
f 1200/1237/1200 1198/1235/1198 1201/1238/1201
f 1198/1235/1198 1116/1149/1116 1191/1224/1191
f 1193/1226/1193 1201/1238/1201 1198/1235/1198
f 1193/1226/1193 1198/1235/1198 1191/1224/1191
f 1199/1236/1199 1181/1214/1181 1121/1154/1121
f 1199/1236/1199 1121/1154/1121 1117/1150/1117
f 1200/1237/1200 1185/1218/1185 1181/1214/1181
f 1200/1237/1200 1181/1214/1181 1199/1236/1199
f 886/901/886 888/903/888 1202/1239/1202
f 1203/1240/1203 1204/1241/1204 890/907/890
f 690/695/690 1205/1242/1205 891/908/891
f 690/695/690 891/908/891 688/693/688
f 1203/1240/1203 890/907/890 1205/1242/1205
f 1203/1240/1203 1205/1242/1205 1206/1243/1206
f 1201/1238/1201 1193/1226/1193 886/1228/886
f 1201/1238/1201 886/1228/886 1202/1244/1202
f 1200/1237/1200 1207/1245/1207 1208/1246/1208
f 1208/1246/1208 1189/1222/1189 1185/1218/1185
f 1208/1246/1208 1185/1218/1185 1200/1237/1200
f 1203/1240/1203 1206/1243/1206 1209/1247/1209
f 1203/1240/1203 1209/1247/1209 1210/1248/1210
f 1210/1249/1210 1209/1250/1209 1211/1251/1211
f 1210/1249/1210 1211/1251/1211 1212/1252/1212
f 816/1253/816 814/1254/814 1213/1255/1213
f 816/1253/816 1213/1255/1213 1214/1256/1214
f 814/1254/814 812/1257/812 1215/1258/1215
f 814/1254/814 1215/1258/1215 1213/1255/1213
f 812/1257/812 797/810/797 799/813/799
f 812/1257/812 799/813/799 1215/1258/1215
f 1214/1256/1214 1213/1255/1213 1216/1259/1216
f 1214/1256/1214 1216/1259/1216 1217/1260/1217
f 1213/1255/1213 1215/1258/1215 1218/1261/1218
f 1213/1255/1213 1218/1261/1218 1216/1259/1216
f 1215/1258/1215 799/813/799 1219/1262/1219
f 1215/1258/1215 1219/1262/1219 1218/1261/1218
f 799/813/799 798/812/798 1220/1263/1220
f 799/813/799 1220/1263/1220 1219/1262/1219
f 538/538/538 1114/1147/1114 1159/1192/1159
f 538/538/538 1159/1192/1159 373/373/373
f 373/373/373 1159/1192/1159 1221/1264/1221
f 373/373/373 1221/1264/1221 374/374/374
f 1163/1196/1163 1165/1198/1165 1146/1179/1146
f 1163/1196/1163 1146/1179/1146 1148/1181/1148
f 1221/1264/1221 1159/1192/1159 1158/1191/1158
f 1221/1264/1221 1158/1191/1158 1155/1188/1155
f 1165/1198/1165 1167/1200/1167 1144/1177/1144
f 1165/1198/1165 1144/1177/1144 1146/1179/1146
f 1166/1199/1166 1164/1197/1164 1157/1190/1157
f 1166/1199/1166 1157/1190/1157 1160/1193/1160
f 1156/1189/1156 1155/1188/1155 1158/1191/1158
f 1156/1189/1156 1158/1191/1158 1157/1190/1157
f 1164/1197/1164 1162/1195/1162 1156/1189/1156
f 1164/1197/1164 1156/1189/1156 1157/1190/1157
f 1221/1264/1221 1155/1188/1155 1222/1265/1222
f 1221/1264/1221 1222/1265/1222 1223/1266/1223
f 374/374/374 1221/1264/1221 1223/1266/1223
f 374/374/374 1223/1266/1223 540/540/540
f 1223/1266/1223 1222/1265/1222 1224/1267/1224
f 1223/1266/1223 1224/1267/1224 1225/1268/1225
f 1225/1268/1225 1224/1267/1224 1226/1269/1226
f 1225/1268/1225 1226/1269/1226 1227/1270/1227
f 540/540/540 1223/1266/1223 1225/1268/1225
f 540/540/540 1225/1268/1225 541/541/541
f 541/541/541 1225/1268/1225 1227/1270/1227
f 541/541/541 1227/1270/1227 542/542/542
f 1153/1186/1153 1151/1184/1151 1228/1271/1228
f 1153/1186/1153 1228/1271/1228 1229/1272/1229
f 1229/1272/1229 1228/1271/1228 1230/1273/1230
f 1229/1272/1229 1230/1273/1230 1231/1274/1231
f 1231/1274/1231 1230/1273/1230 1232/1275/1232
f 1231/1274/1231 1232/1275/1232 1233/1276/1233
f 1187/1220/1187 1234/1277/1234 1235/1278/1235
f 1187/1220/1187 1235/1278/1235 1183/1216/1183
f 1234/1277/1234 1232/1275/1232 1230/1273/1230
f 1234/1277/1234 1230/1273/1230 1235/1278/1235
f 1183/1216/1183 1235/1278/1235 1236/1279/1236
f 1183/1216/1183 1236/1279/1236 1179/1212/1179
f 1235/1278/1235 1230/1273/1230 1228/1271/1228
f 1235/1278/1235 1228/1271/1228 1236/1279/1236
f 1179/1212/1179 1236/1279/1236 1237/1280/1237
f 1179/1212/1179 1237/1280/1237 1127/1160/1127
f 1236/1279/1236 1228/1271/1228 1151/1184/1151
f 1236/1279/1236 1151/1184/1151 1237/1280/1237
f 1229/1272/1229 1231/1274/1231 1224/1267/1224
f 1229/1272/1229 1224/1267/1224 1222/1265/1222
f 1153/1186/1153 1229/1272/1229 1222/1265/1222
f 1153/1186/1153 1222/1265/1222 1155/1188/1155
f 1231/1274/1231 1233/1276/1233 1226/1269/1226
f 1231/1274/1231 1226/1269/1226 1224/1267/1224
f 1227/1270/1227 1226/1269/1226 1238/1281/1238
f 1227/1270/1227 1238/1281/1238 1239/1282/1239
f 1239/1283/1239 1238/1284/1238 1240/1285/1240
f 1239/1283/1239 1240/1285/1240 1241/1286/1241
f 1241/1286/1241 1240/1285/1240 1242/1287/1242
f 1241/1286/1241 1242/1287/1242 1243/1288/1243
f 1241/1286/1241 1243/1288/1243 1244/1289/1244
f 1241/1286/1241 1244/1289/1244 1245/1290/1245
f 1245/1290/1245 1244/1289/1244 1246/1291/1246
f 1245/1290/1245 1246/1291/1246 1247/1292/1247
f 1247/1292/1247 1246/1291/1246 1248/1293/1248
f 1247/1292/1247 1248/1293/1248 1249/1294/1249
f 1249/1294/1249 1248/1293/1248 1250/1295/1250
f 1249/1294/1249 1250/1295/1250 1251/1296/1251
f 1251/1296/1251 1250/1295/1250 1252/1297/1252
f 1251/1296/1251 1252/1297/1252 1253/1298/1253
f 1253/1298/1253 1252/1297/1252 1254/1299/1254
f 1253/1298/1253 1254/1299/1254 1255/1300/1255
f 1255/1300/1255 1254/1299/1254 1256/1301/1256
f 1255/1300/1255 1256/1301/1256 1257/1302/1257
f 1257/1302/1257 1256/1301/1256 1258/1303/1258
f 1257/1302/1257 1258/1303/1258 1259/1304/1259
f 1259/1304/1259 1258/1303/1258 1242/1305/1242
f 1259/1304/1259 1242/1305/1242 1240/1306/1240
f 1239/1283/1239 1241/1286/1241 1245/1290/1245
f 1239/1283/1239 1245/1290/1245 1260/1307/1260
f 1227/1270/1227 1239/1282/1239 1261/1308/1261
f 555/555/555 1261/1308/1261 1262/1309/1262
f 555/555/555 1262/1309/1262 556/556/556
f 1261/1308/1261 555/555/555 542/542/542
f 1261/1308/1261 542/542/542 1227/1270/1227
f 1262/1309/1262 1261/1308/1261 1239/1282/1239
f 1262/1309/1262 1239/1282/1239 1260/1310/1260
f 562/562/562 556/556/556 625/625/625
f 556/556/556 1262/1309/1262 1263/1311/1263
f 556/556/556 1263/1311/1263 625/625/625
f 625/625/625 1263/1311/1263 1264/1312/1264
f 625/625/625 1264/1312/1264 616/616/616
f 1260/1307/1260 1245/1290/1245 1247/1292/1247
f 1260/1307/1260 1247/1292/1247 1265/1313/1265
f 1262/1309/1262 1260/1310/1260 1265/1314/1265
f 1262/1309/1262 1265/1314/1265 1263/1311/1263
f 1263/1311/1263 1265/1314/1265 1264/1312/1264
f 616/616/616 1264/1312/1264 1266/1315/1266
f 616/616/616 1266/1315/1266 614/614/614
f 614/614/614 1266/1315/1266 1267/1316/1267
f 614/614/614 1267/1316/1267 612/612/612
f 612/612/612 1267/1316/1267 610/610/610
f 1265/1313/1265 1247/1292/1247 1249/1294/1249
f 1265/1313/1265 1249/1294/1249 1268/1317/1268
f 1264/1312/1264 1265/1314/1265 1268/1318/1268
f 1264/1312/1264 1268/1318/1268 1266/1315/1266
f 1266/1315/1266 1268/1318/1268 1267/1316/1267
f 1267/1316/1267 1268/1318/1268 1269/1319/1269
f 1267/1316/1267 1269/1319/1269 1270/1320/1270
f 610/610/610 1267/1316/1267 1270/1320/1270
f 610/610/610 1270/1320/1270 608/608/608
f 915/933/915 909/926/909 934/955/934
f 915/933/915 934/955/934 925/944/925
f 895/912/895 894/911/894 920/939/920
f 895/912/895 920/939/920 935/956/935
f 903/920/903 902/919/902 932/951/932
f 903/920/903 932/951/932 938/959/938
f 911/928/911 907/924/907 930/949/930
f 911/928/911 930/949/930 921/940/921
f 898/915/898 903/920/903 938/959/938
f 898/915/898 938/959/938 917/936/917
f 909/926/909 895/912/895 935/956/935
f 909/926/909 935/956/935 934/955/934
f 902/919/902 913/930/913 924/952/924
f 902/919/902 924/952/924 932/951/932
f 907/924/907 906/923/906 928/947/928
f 907/924/907 928/947/928 930/949/930
f 906/923/906 899/916/899 916/935/916
f 906/923/906 916/935/916 928/947/928
f 913/934/913 915/933/915 925/944/925
f 913/934/913 925/944/925 924/943/924
f 894/911/894 911/928/911 921/940/921
f 894/911/894 921/940/921 920/939/920
f 899/916/899 898/915/898 917/936/917
f 899/916/899 917/936/917 916/935/916
f 885/900/885 670/675/670 908/925/908
f 885/900/885 908/925/908 914/932/914
f 887/902/887 885/900/885 914/932/914
f 887/902/887 914/932/914 912/931/912
f 685/690/685 689/694/689 900/917/900
f 685/690/685 900/917/900 897/914/897
f 671/676/671 672/677/672 910/927/910
f 671/676/671 910/927/910 893/910/893
f 889/906/889 887/905/887 912/929/912
f 889/906/889 912/929/912 901/918/901
f 672/677/672 675/680/675 904/921/904
f 672/677/672 904/921/904 910/927/910
f 677/682/677 683/688/683 896/913/896
f 677/682/677 896/913/896 905/922/905
f 670/675/670 669/674/669 892/909/892
f 670/675/670 892/909/892 908/925/908
f 675/680/675 677/682/677 905/922/905
f 675/680/675 905/922/905 904/921/904
f 689/694/689 889/906/889 901/918/901
f 689/694/689 901/918/901 900/917/900
f 683/688/683 685/690/685 897/914/897
f 683/688/683 897/914/897 896/913/896
f 669/674/669 671/676/671 893/910/893
f 669/674/669 893/910/893 892/909/892
f 1205/1242/1205 690/695/690 1271/1321/1271
f 1205/1242/1205 1271/1321/1271 1272/1322/1272
f 1272/1323/1272 1271/1324/1271 1273/1325/1273
f 1272/1323/1272 1273/1325/1273 1274/1326/1274
f 690/695/690 696/701/696 809/824/809
f 690/695/690 809/824/809 1271/1321/1271
f 1271/1324/1271 809/1327/809 808/822/808
f 1271/1324/1271 808/822/808 1273/1325/1273
f 809/1327/809 804/818/804 805/819/805
f 805/819/805 808/822/808 809/1327/809
f 1212/1252/1212 1211/1251/1211 1275/1328/1275
f 1212/1252/1212 1275/1328/1275 1276/1329/1276
f 1274/1326/1274 1273/1325/1273 1277/1330/1277
f 1274/1326/1274 1277/1330/1277 1278/1331/1278
f 1273/1325/1273 808/822/808 807/821/807
f 1273/1325/1273 807/821/807 1277/1330/1277
f 1278/1331/1278 1277/1330/1277 1279/1332/1279
f 1278/1331/1278 1279/1332/1279 1280/1333/1280
f 1280/1334/1280 1279/1335/1279 1281/1336/1281
f 1280/1334/1280 1281/1336/1281 1282/1337/1282
f 1277/1330/1277 807/821/807 1283/1338/1283
f 1277/1330/1277 1283/1338/1283 1279/1332/1279
f 807/821/807 811/826/811 1284/1339/1284
f 807/821/807 1284/1339/1284 1283/1338/1283
f 1283/1340/1283 1284/1341/1284 1285/1342/1285
f 1283/1340/1283 1285/1342/1285 1286/1343/1286
f 1279/1335/1279 1283/1340/1283 1286/1343/1286
f 1279/1335/1279 1286/1343/1286 1281/1336/1281
f 811/826/811 817/832/817 1287/1344/1287
f 811/826/811 1287/1344/1287 1284/1339/1284
f 1284/1341/1284 1287/1345/1287 1288/1346/1288
f 1284/1341/1284 1288/1346/1288 1285/1342/1285
f 817/832/817 816/831/816 1289/1347/1289
f 817/832/817 1289/1347/1289 1287/1344/1287
f 1287/1345/1287 1289/1348/1289 1290/1349/1290
f 1287/1345/1287 1290/1349/1290 1288/1346/1288
f 1285/1342/1285 1288/1346/1288 1291/1350/1291
f 1285/1342/1285 1291/1350/1291 1292/1351/1292
f 1286/1343/1286 1285/1342/1285 1292/1351/1292
f 1286/1343/1286 1292/1351/1292 1293/1352/1293
f 1288/1346/1288 1290/1349/1290 1294/1353/1294
f 1288/1346/1288 1294/1353/1294 1291/1350/1291
f 1295/1354/1295 1210/1249/1210 1212/1252/1212
f 1295/1354/1295 1212/1252/1212 1296/1355/1296
f 1203/1240/1203 1210/1248/1210 1295/1356/1295
f 1203/1240/1203 1295/1356/1295 1204/1241/1204
f 1296/1355/1296 1212/1252/1212 1276/1329/1276
f 1296/1355/1296 1276/1329/1276 1297/1357/1297
f 890/907/890 1204/1241/1204 888/904/888
f 1207/1245/1207 1200/1237/1200 1201/1238/1201
f 1207/1245/1207 1201/1238/1201 1202/1244/1202
f 1204/1358/1204 1207/1359/1207 1202/1239/1202
f 1129/1162/1129 1237/1280/1237 1149/1182/1149
f 1211/1251/1211 1209/1250/1209 1272/1323/1272
f 1211/1251/1211 1272/1323/1272 1274/1326/1274
f 1275/1328/1275 1211/1251/1211 1274/1326/1274
f 1275/1328/1275 1274/1326/1274 1278/1331/1278
f 1209/1247/1209 1206/1243/1206 1205/1242/1205
f 1209/1247/1209 1205/1242/1205 1272/1322/1272
f 1275/1328/1275 1278/1331/1278 1280/1333/1280
f 1275/1328/1275 1280/1333/1280 1298/1360/1298
f 891/908/891 889/906/889 689/694/689
f 891/908/891 689/694/689 688/693/688
f 891/908/891 1205/1242/1205 890/907/890
f 1298/1361/1298 1280/1334/1280 1282/1337/1282
f 1298/1361/1298 1282/1337/1282 1299/1362/1299
f 1276/1329/1276 1275/1328/1275 1298/1360/1298
f 1276/1329/1276 1298/1360/1298 1300/1363/1300
f 1188/1364/1188 1297/1357/1297 1301/1365/1301
f 1188/1364/1188 1301/1365/1301 1186/1366/1186
f 1186/1366/1186 1301/1365/1301 1302/1367/1302
f 1186/1366/1186 1302/1367/1302 1187/1368/1187
f 1187/1369/1187 1302/1370/1302 1303/1371/1303
f 1187/1369/1187 1303/1371/1303 1234/1372/1234
f 1234/1372/1234 1303/1371/1303 1304/1373/1304
f 1234/1372/1234 1304/1373/1304 1232/1374/1232
f 1233/1375/1233 1232/1374/1232 1304/1373/1304
f 1233/1375/1233 1304/1373/1304 1305/1376/1305
f 1226/1377/1226 1233/1375/1233 1305/1376/1305
f 1226/1377/1226 1305/1376/1305 1306/1378/1306
f 1306/1378/1306 1305/1376/1305 1307/1379/1307
f 1306/1378/1306 1307/1379/1307 1308/1380/1308
f 1305/1376/1305 1304/1373/1304 1309/1381/1309
f 1305/1376/1305 1309/1381/1309 1307/1379/1307
f 1303/1371/1303 1310/1382/1310 1309/1381/1309
f 1303/1371/1303 1309/1381/1309 1304/1373/1304
f 1302/1370/1302 1311/1383/1311 1310/1382/1310
f 1302/1370/1302 1310/1382/1310 1303/1371/1303
f 1189/1384/1189 1296/1355/1296 1297/1357/1297
f 1189/1384/1189 1297/1357/1297 1188/1364/1188
f 1208/1385/1208 1295/1354/1295 1296/1355/1296
f 1208/1385/1208 1296/1355/1296 1189/1384/1189
f 1302/1367/1302 1301/1365/1301 1312/1386/1312
f 1302/1367/1302 1312/1386/1312 1311/1387/1311
f 888/903/888 1204/1358/1204 1202/1239/1202
f 1204/1241/1204 1295/1356/1295 1208/1388/1208
f 1204/1241/1204 1208/1388/1208 1207/1389/1207
f 1297/1357/1297 1276/1329/1276 1312/1386/1312
f 1297/1357/1297 1312/1386/1312 1301/1365/1301
f 1308/1380/1308 1307/1379/1307 1313/1390/1313
f 1308/1380/1308 1313/1390/1313 1314/1391/1314
f 1307/1379/1307 1309/1381/1309 1315/1392/1315
f 1307/1379/1307 1315/1392/1315 1313/1390/1313
f 1310/1382/1310 1316/1393/1316 1315/1392/1315
f 1310/1382/1310 1315/1392/1315 1309/1381/1309
f 1311/1383/1311 1317/1394/1317 1316/1393/1316
f 1311/1383/1311 1316/1393/1316 1310/1382/1310
f 1312/1386/1312 1318/1395/1318 1317/1396/1317
f 1312/1386/1312 1317/1396/1317 1311/1387/1311
f 1276/1329/1276 1300/1363/1300 1318/1395/1318
f 1276/1329/1276 1318/1395/1318 1312/1386/1312
f 1218/1261/1218 1219/1262/1219 1319/1397/1319
f 1218/1261/1218 1319/1397/1319 1320/1398/1320
f 1219/1262/1219 1220/1263/1220 1321/1399/1321
f 1219/1262/1219 1321/1399/1321 1319/1397/1319
f 779/791/779 717/728/717 771/1400/771
f 706/1401/706 693/1402/693 692/709/692
f 706/1401/706 692/709/692 703/711/703
f 717/782/717 710/1403/710 769/780/769
f 681/686/681 686/691/686 682/687/682
f 681/686/681 682/687/682 679/684/679
f 693/698/693 681/686/681 680/685/680
f 693/698/693 680/685/680 692/697/692
f 708/1404/708 706/1401/706 703/711/703
f 708/1404/708 703/711/703 1322/1405/1322
f 710/1403/710 708/1404/708 1322/1405/1322
f 710/1403/710 1322/1405/1322 769/780/769
f 705/713/705 769/780/769 1322/1405/1322
f 705/713/705 1322/1405/1322 701/707/701
f 716/727/716 772/784/772 769/780/769
f 716/727/716 769/780/769 705/713/705
f 676/681/676 678/683/678 680/685/680
f 676/681/676 680/685/680 679/684/679
f 691/696/691 678/683/678 673/678/673
f 691/696/691 673/678/673 697/702/697
f 775/787/775 773/785/773 772/784/772
f 775/787/775 772/784/772 716/727/716
f 701/707/701 1322/1405/1322 703/711/703
f 701/707/701 703/711/703 702/708/702
f 776/788/776 774/786/774 773/785/773
f 776/788/776 773/785/773 775/787/775
f 702/708/702 691/710/691 697/704/697
f 702/708/702 697/704/697 698/703/698
f 677/682/677 676/681/676 679/684/679
f 764/775/764 777/789/777 774/786/774
f 764/775/764 774/786/774 776/788/776
f 779/791/779 771/1400/771 778/1406/778
f 779/791/779 778/1406/778 781/793/781
f 784/796/784 1323/1407/1323 1324/1408/1324
f 783/795/783 720/731/720 718/729/718
f 783/795/783 718/729/718 780/792/780
f 1325/1409/1325 783/795/783 780/792/780
f 1325/1409/1325 780/792/780 782/794/782
f 720/731/720 714/725/714 711/721/711
f 720/731/720 711/721/711 718/729/718
f 714/725/714 719/730/719 785/797/785
f 714/725/714 785/797/785 713/724/713
f 1326/1410/1326 1324/1408/1324 1323/1407/1323
f 1326/1410/1326 1323/1407/1323 1327/1411/1327
f 714/725/714 709/719/709 711/721/711
f 717/782/717 770/781/770 771/783/771
f 771/783/771 770/781/770 772/784/772
f 772/784/772 770/781/770 769/780/769
f 1328/1412/1328 1329/1413/1329 1330/1414/1330
f 1328/1412/1328 1330/1414/1330 1331/1415/1331
f 1332/1416/1332 1333/1417/1333 1334/1418/1334
f 1332/1416/1332 1334/1418/1334 1335/1419/1335
f 822/837/822 858/873/858 871/886/871
f 822/837/822 871/886/871 823/838/823
f 1323/1407/1323 784/796/784 783/795/783
f 1323/1407/1323 783/795/783 1325/1409/1325
f 859/874/859 862/877/862 1336/1420/1336
f 859/874/859 1336/1420/1336 1337/1421/1337
f 863/878/863 866/881/866 1338/1422/1338
f 863/878/863 1338/1422/1338 1339/1423/1339
f 867/882/867 870/885/870 1340/1424/1340
f 867/882/867 1340/1424/1340 1341/1425/1341
f 871/886/871 858/873/858 1342/1426/1342
f 877/892/877 875/890/875 876/891/876
f 877/892/877 876/891/876 878/893/878
f 868/883/868 865/880/865 1333/1417/1333
f 868/883/868 1333/1417/1333 1332/1416/1332
f 857/872/857 784/796/784 1324/1408/1324
f 860/875/860 857/872/857 1324/1408/1324
f 860/875/860 1324/1408/1324 1326/1410/1326
f 864/879/864 861/876/861 1329/1413/1329
f 864/879/864 1329/1413/1329 1328/1412/1328
f 849/864/849 829/844/829 875/890/875
f 849/864/849 875/890/875 877/892/877
f 850/865/850 849/864/849 877/892/877
f 850/865/850 877/892/877 851/866/851
f 835/850/835 850/865/850 851/866/851
f 835/850/835 851/866/851 838/853/838
f 836/851/836 835/850/835 838/853/838
f 836/851/836 838/853/838 837/852/837
f 852/867/852 878/893/878 879/894/879
f 852/867/852 879/894/879 853/868/853
f 839/854/839 852/867/852 853/868/853
f 839/854/839 853/868/853 842/857/842
f 840/855/840 839/854/839 842/857/842
f 840/855/840 842/857/842 841/856/841
f 854/869/854 880/895/880 881/896/881
f 854/869/854 881/896/881 855/870/855
f 843/858/843 854/869/854 855/870/855
f 843/858/843 855/870/855 846/861/846
f 844/859/844 843/858/843 846/861/846
f 844/859/844 846/861/846 845/860/845
f 861/876/861 860/875/860 1326/1410/1326
f 861/876/861 1326/1410/1326 1329/1413/1329
f 858/873/858 859/874/859 1337/1421/1337
f 858/873/858 1337/1421/1337 1342/1426/1342
f 1329/1413/1329 1326/1410/1326 1327/1411/1327
f 1329/1413/1329 1327/1411/1327 1330/1414/1330
f 858/873/858 857/872/857 860/875/860
f 858/873/858 860/875/860 859/874/859
f 865/880/865 864/879/864 1328/1412/1328
f 865/880/865 1328/1412/1328 1333/1417/1333
f 862/877/862 863/878/863 1339/1423/1339
f 862/877/862 1339/1423/1339 1336/1420/1336
f 1333/1417/1333 1328/1412/1328 1331/1415/1331
f 1333/1417/1333 1331/1415/1331 1334/1418/1334
f 862/877/862 861/876/861 864/879/864
f 862/877/862 864/879/864 863/878/863
f 869/884/869 868/883/868 1332/1416/1332
f 869/884/869 1332/1416/1332 1343/1427/1343
f 866/881/866 867/882/867 1341/1425/1341
f 866/881/866 1341/1425/1341 1338/1422/1338
f 1343/1427/1343 1332/1416/1332 1335/1419/1335
f 1343/1427/1343 1335/1419/1335 1344/1428/1344
f 866/881/866 865/880/865 868/883/868
f 866/881/866 868/883/868 867/882/867
f 1345/1429/1345 832/1430/832 834/1431/834
f 1345/1429/1345 834/1431/834 1346/1432/1346
f 1347/1433/1347 1345/1429/1345 1346/1432/1346
f 1347/1433/1347 1346/1432/1346 1348/1434/1348
f 1346/1432/1346 1349/1435/1349 1350/1436/1350
f 841/856/841 844/859/844 1351/1437/1351
f 841/856/841 1351/1437/1351 1352/1438/1352
f 840/855/840 841/856/841 1352/1438/1352
f 840/855/840 1352/1438/1352 1353/1439/1353
f 844/859/844 845/860/845 1354/1440/1354
f 844/859/844 1354/1440/1354 1351/1437/1351
f 845/860/845 848/863/848 1355/1441/1355
f 845/860/845 1355/1441/1355 1354/1440/1354
f 837/852/837 840/855/840 1353/1439/1353
f 837/852/837 1353/1439/1353 1356/1442/1356
f 836/851/836 837/852/837 1356/1442/1356
f 836/851/836 1356/1442/1356 1357/1443/1357
f 1349/1435/1349 1358/1444/1358 1357/1445/1357
f 1349/1435/1349 1357/1445/1357 1359/1446/1359
f 1349/1435/1349 1346/1432/1346 834/1431/834
f 834/849/834 836/851/836 1358/1447/1358
f 1350/1436/1350 1349/1435/1349 1359/1446/1359
f 1350/1436/1350 1359/1446/1359 1360/1448/1360
f 1359/1446/1359 1357/1445/1357 1356/1449/1356
f 1359/1446/1359 1356/1449/1356 1361/1450/1361
f 1360/1448/1360 1359/1446/1359 1361/1450/1361
f 1360/1448/1360 1361/1450/1361 1362/1451/1362
f 1361/1450/1361 1356/1449/1356 1363/1452/1363
f 1361/1450/1361 1363/1452/1363 1364/1453/1364
f 1357/1443/1357 1358/1447/1358 836/851/836
f 1358/1444/1358 1349/1435/1349 834/1431/834
f 1356/1442/1356 1353/1439/1353 1365/1454/1365
f 1356/1442/1356 1365/1454/1365 1363/1455/1363
f 1353/1439/1353 1352/1438/1352 1366/1456/1366
f 1353/1439/1353 1366/1456/1366 1365/1454/1365
f 1352/1438/1352 1351/1437/1351 1367/1457/1367
f 1352/1438/1352 1367/1457/1367 1366/1456/1366
f 1351/1437/1351 1354/1440/1354 1368/1458/1368
f 1351/1437/1351 1368/1458/1368 1367/1457/1367
f 1362/1451/1362 1361/1450/1361 1364/1453/1364
f 1362/1451/1362 1364/1453/1364 1369/1459/1369
f 1348/1434/1348 1346/1432/1346 1350/1436/1350
f 1348/1434/1348 1350/1436/1350 1370/1460/1370
f 1370/1460/1370 1350/1436/1350 1360/1448/1360
f 1370/1460/1370 1360/1448/1360 1371/1461/1371
f 1371/1461/1371 1360/1448/1360 1362/1451/1362
f 1371/1461/1371 1362/1451/1362 1372/1462/1372
f 1372/1462/1372 1362/1451/1362 1369/1459/1369
f 1372/1462/1372 1369/1459/1369 1373/1463/1373
f 1374/1464/1374 1347/1433/1347 1348/1434/1348
f 1374/1464/1374 1348/1434/1348 1375/1465/1375
f 1375/1465/1375 1348/1434/1348 1370/1460/1370
f 1375/1465/1375 1370/1460/1370 1376/1466/1376
f 1376/1466/1376 1370/1460/1370 1371/1461/1371
f 1376/1466/1376 1371/1461/1371 1377/1467/1377
f 1377/1467/1377 1371/1461/1371 1372/1462/1372
f 1377/1467/1377 1372/1462/1372 1378/1468/1378
f 1378/1468/1378 1372/1462/1372 1373/1463/1373
f 1378/1468/1378 1373/1463/1373 1379/1469/1379
f 1378/1468/1378 1379/1469/1379 1380/1470/1380
f 1378/1468/1378 1380/1470/1380 1381/1471/1381
f 1381/1471/1381 1380/1470/1380 1382/1472/1382
f 1381/1471/1381 1382/1472/1382 1383/1473/1383
f 1383/1473/1383 1382/1472/1382 1384/1474/1384
f 1383/1473/1383 1384/1474/1384 1385/1475/1385
f 1385/1475/1385 1384/1474/1384 1386/1476/1386
f 1385/1475/1385 1386/1476/1386 1387/1477/1387
f 1387/1477/1387 1386/1476/1386 1388/1478/1388
f 1387/1477/1387 1388/1478/1388 1389/1479/1389
f 1389/1479/1389 1388/1478/1388 1390/1480/1390
f 1389/1479/1389 1390/1480/1390 1391/1481/1391
f 1381/1471/1381 1383/1473/1383 1392/1482/1392
f 1381/1471/1381 1392/1482/1392 1393/1483/1393
f 1393/1483/1393 1392/1482/1392 1394/1484/1394
f 1393/1483/1393 1394/1484/1394 1395/1485/1395
f 1395/1485/1395 1394/1484/1394 1396/1486/1396
f 1395/1485/1395 1396/1486/1396 1397/1487/1397
f 1397/1487/1397 1396/1486/1396 1398/1488/1398
f 1397/1487/1397 1398/1488/1398 1399/1489/1399
f 1399/1489/1399 1398/1488/1398 1400/1490/1400
f 1399/1489/1399 1400/1490/1400 1401/1491/1401
f 1394/1484/1394 1392/1482/1392 1402/1492/1402
f 1394/1484/1394 1402/1492/1402 1403/1493/1403
f 1403/1493/1403 1402/1492/1402 1404/1494/1404
f 1403/1493/1403 1404/1494/1404 1405/1495/1405
f 1405/1495/1405 1404/1494/1404 1406/1496/1406
f 1405/1495/1405 1406/1496/1406 1407/1497/1407
f 1407/1497/1407 1406/1496/1406 1408/1498/1408
f 1407/1497/1407 1408/1498/1408 1409/1499/1409
f 1402/1492/1402 1392/1482/1392 1383/1473/1383
f 1402/1492/1402 1383/1473/1383 1385/1475/1385
f 1404/1494/1404 1402/1492/1402 1385/1475/1385
f 1404/1494/1404 1385/1475/1385 1387/1477/1387
f 1406/1496/1406 1404/1494/1404 1387/1477/1387
f 1406/1496/1406 1387/1477/1387 1389/1479/1389
f 1408/1498/1408 1406/1496/1406 1389/1479/1389
f 1408/1498/1408 1389/1479/1389 1391/1481/1391
f 1398/1488/1398 1396/1486/1396 1410/1500/1410
f 1398/1488/1398 1410/1500/1410 1411/1501/1411
f 1411/1501/1411 1410/1500/1410 1412/1502/1412
f 1411/1501/1411 1412/1502/1412 1413/1503/1413
f 1413/1503/1413 1412/1502/1412 1414/1504/1414
f 1413/1503/1413 1414/1504/1414 1415/1505/1415
f 1415/1505/1415 1414/1504/1414 1416/1506/1416
f 1415/1505/1415 1416/1506/1416 1417/1507/1417
f 1410/1500/1410 1396/1486/1396 1394/1484/1394
f 1410/1500/1410 1394/1484/1394 1403/1493/1403
f 1403/1493/1403 1405/1495/1405 1412/1502/1412
f 1403/1493/1403 1412/1502/1412 1410/1500/1410
f 1414/1504/1414 1412/1502/1412 1405/1495/1405
f 1414/1504/1414 1405/1495/1405 1407/1497/1407
f 1414/1504/1414 1407/1497/1407 1409/1499/1409
f 1414/1504/1414 1409/1499/1409 1416/1506/1416
f 1417/1507/1417 1416/1506/1416 1418/1508/1418
f 1417/1507/1417 1418/1508/1418 1419/1509/1419
f 1409/1499/1409 1408/1498/1408 1420/1510/1420
f 1409/1499/1409 1420/1510/1420 1421/1511/1421
f 1391/1481/1391 1390/1480/1390 1422/1512/1422
f 1391/1481/1391 1422/1512/1422 1423/1513/1423
f 1408/1498/1408 1391/1481/1391 1423/1513/1423
f 1408/1498/1408 1423/1513/1423 1420/1510/1420
f 1416/1506/1416 1409/1499/1409 1421/1511/1421
f 1416/1506/1416 1421/1511/1421 1418/1508/1418
f 1398/1488/1398 1411/1501/1411 1424/1514/1424
f 1398/1488/1398 1424/1514/1424 1400/1490/1400
f 1411/1501/1411 1413/1503/1413 1425/1515/1425
f 1411/1501/1411 1425/1515/1425 1424/1514/1424
f 1413/1503/1413 1415/1505/1415 1426/1516/1426
f 1413/1503/1413 1426/1516/1426 1425/1515/1425
f 1415/1505/1415 1417/1507/1417 1427/1517/1427
f 1415/1505/1415 1427/1517/1427 1426/1516/1426
f 1417/1507/1417 1419/1509/1419 1428/1518/1428
f 1417/1507/1417 1428/1518/1428 1427/1517/1427
f 1393/1483/1393 1395/1485/1395 1429/1519/1429
f 1393/1483/1393 1429/1519/1429 1430/1520/1430
f 1395/1485/1395 1397/1487/1397 1431/1521/1431
f 1395/1485/1395 1431/1521/1431 1429/1519/1429
f 1381/1471/1381 1393/1483/1393 1430/1520/1430
f 1381/1471/1381 1430/1520/1430 1432/1522/1432
f 1377/1467/1377 1378/1468/1378 1381/1471/1381
f 1377/1467/1377 1381/1471/1381 1432/1522/1432
f 1430/1520/1430 1429/1519/1429 1433/1523/1433
f 1430/1520/1430 1433/1523/1433 1434/1524/1434
f 1429/1519/1429 1431/1521/1431 1435/1525/1435
f 1429/1519/1429 1435/1525/1435 1433/1523/1433
f 1397/1487/1397 1399/1489/1399 1436/1526/1436
f 1397/1487/1397 1436/1526/1436 1431/1521/1431
f 1436/1526/1436 1399/1489/1399 1401/1491/1401
f 1436/1526/1436 1401/1491/1401 1437/1527/1437
f 1435/1525/1435 1431/1521/1431 1436/1526/1436
f 1435/1525/1435 1436/1526/1436 1438/1528/1438
f 1438/1528/1438 1436/1526/1436 1437/1527/1437
f 1438/1528/1438 1437/1527/1437 1439/1529/1439
f 1433/1523/1433 1435/1525/1435 1440/1530/1440
f 1433/1523/1433 1440/1530/1440 1441/1531/1441
f 1434/1524/1434 1433/1523/1433 1441/1531/1441
f 1434/1524/1434 1441/1531/1441 1375/1465/1375
f 1430/1520/1430 1434/1524/1434 1377/1467/1377
f 1430/1520/1430 1377/1467/1377 1432/1522/1432
f 1377/1467/1377 1434/1524/1434 1376/1466/1376
f 1375/1465/1375 1376/1466/1376 1434/1524/1434
f 1438/1528/1438 1439/1529/1439 1442/1532/1442
f 1438/1528/1438 1442/1532/1442 1443/1533/1443
f 1435/1525/1435 1438/1528/1438 1443/1533/1443
f 1435/1525/1435 1443/1533/1443 1440/1530/1440
f 1443/1533/1443 1442/1532/1442 1444/1534/1444
f 1443/1533/1443 1444/1534/1444 1445/1535/1445
f 1445/1535/1445 1444/1534/1444 1446/1536/1446
f 1445/1535/1445 1446/1536/1446 1447/1537/1447
f 1447/1537/1447 1446/1536/1446 1448/1538/1448
f 1447/1537/1447 1448/1538/1448 1449/1539/1449
f 1449/1539/1449 1448/1538/1448 1450/1540/1450
f 1449/1539/1449 1450/1540/1450 1451/1541/1451
f 1451/1542/1451 1450/1543/1450 1452/1544/1452
f 1451/1542/1451 1452/1544/1452 1453/1545/1453
f 1453/1545/1453 1452/1544/1452 1454/1546/1454
f 1453/1545/1453 1454/1546/1454 1455/1547/1455
f 1441/1531/1441 1440/1530/1440 1456/1548/1456
f 1441/1531/1441 1456/1548/1456 1457/1549/1457
f 1457/1549/1457 1456/1548/1456 1458/1550/1458
f 1457/1549/1457 1458/1550/1458 1459/1551/1459
f 1460/1552/1460 1461/1553/1461 1462/1554/1462
f 1460/1552/1460 1462/1554/1462 1463/1555/1463
f 1374/1464/1374 1375/1465/1375 1441/1531/1441
f 1374/1464/1374 1441/1531/1441 1457/1549/1457
f 1319/1397/1319 1321/1399/1321 1459/1551/1459
f 1319/1397/1319 1459/1551/1459 1460/1552/1460
f 1320/1398/1320 1319/1397/1319 1460/1552/1460
f 1320/1398/1320 1460/1552/1460 1463/1555/1463
f 1443/1533/1443 1445/1535/1445 1464/1556/1464
f 1443/1533/1443 1464/1556/1464 1465/1557/1465
f 1445/1535/1445 1447/1537/1447 1466/1558/1466
f 1445/1535/1445 1466/1558/1466 1464/1556/1464
f 1447/1537/1447 1449/1539/1449 1467/1559/1467
f 1447/1537/1447 1467/1559/1467 1466/1558/1466
f 1451/1542/1451 1468/1560/1468 1469/1561/1469
f 1451/1542/1451 1453/1545/1453 1470/1562/1470
f 1451/1542/1451 1470/1562/1470 1468/1560/1468
f 1453/1545/1453 1455/1547/1455 1471/1563/1471
f 1453/1545/1453 1471/1563/1471 1470/1562/1470
f 1465/1557/1465 1464/1556/1464 1472/1564/1472
f 1465/1557/1465 1472/1564/1472 1473/1565/1473
f 1464/1556/1464 1466/1558/1466 1474/1566/1474
f 1464/1556/1464 1474/1566/1474 1472/1564/1472
f 1466/1558/1466 1467/1559/1467 1475/1567/1475
f 1466/1558/1466 1475/1567/1475 1474/1566/1474
f 1456/1548/1456 1440/1530/1440 1465/1557/1465
f 1456/1548/1456 1465/1557/1465 1473/1565/1473
f 1476/1568/1476 1475/1567/1475 1477/1569/1477
f 1476/1568/1476 1477/1569/1477 1478/1570/1478
f 1478/1570/1478 1477/1569/1477 1479/1571/1479
f 1478/1570/1478 1479/1571/1479 1480/1572/1480
f 1480/1573/1480 1479/1574/1479 1481/1575/1481
f 1472/1564/1472 1482/1576/1482 1483/1577/1483
f 1472/1564/1472 1483/1577/1483 1484/1578/1484
f 1482/1576/1482 1485/1579/1485 1483/1577/1483
f 1476/1568/1476 1478/1570/1478 1486/1580/1486
f 1476/1568/1476 1486/1580/1486 1485/1579/1485
f 1478/1570/1478 1480/1572/1480 1487/1581/1487
f 1478/1570/1478 1487/1581/1487 1486/1580/1486
f 1488/1582/1488 1489/1583/1489 1490/1584/1490
f 1488/1582/1488 1490/1584/1490 1491/1585/1491
f 1489/1583/1489 1492/1586/1492 1493/1587/1493
f 1489/1583/1489 1493/1587/1493 1490/1584/1490
f 1492/1586/1492 1494/1588/1494 1495/1589/1495
f 1492/1586/1492 1495/1589/1495 1493/1587/1493
f 1494/1588/1494 1496/1590/1496 1497/1591/1497
f 1494/1588/1494 1497/1591/1497 1495/1589/1495
f 1496/1592/1496 1498/1593/1498 1499/1594/1499
f 1496/1592/1496 1499/1594/1499 1500/1595/1500
f 1496/1590/1496 1500/1596/1500 1497/1591/1497
f 608/608/608 1270/1320/1270 1499/1594/1499
f 608/608/608 1499/1594/1499 1498/1593/1498
f 1270/1320/1270 1269/1319/1269 1501/1597/1501
f 1270/1320/1270 1501/1597/1501 1499/1594/1499
f 1499/1594/1499 1501/1597/1501 1502/1598/1502
f 1499/1594/1499 1502/1598/1502 1500/1595/1500
f 1500/1596/1500 1502/1599/1502 1503/1600/1503
f 1500/1596/1500 1503/1600/1503 1497/1591/1497
f 1497/1591/1497 1503/1600/1503 1504/1601/1504
f 1497/1591/1497 1504/1601/1504 1495/1589/1495
f 1471/1563/1471 1455/1547/1455 1505/1602/1505
f 1471/1563/1471 1505/1602/1505 1506/1603/1506
f 1507/1604/1507 1508/1605/1508 1509/1606/1509
f 1507/1604/1507 1509/1606/1509 1510/1607/1510
f 1511/1608/1511 1512/1609/1512 1513/1610/1513
f 1511/1608/1511 1513/1610/1513 1514/1611/1514
f 1515/1612/1515 1516/1613/1516 1517/1614/1517
f 1515/1612/1515 1517/1614/1517 1518/1615/1518
f 1519/1616/1519 1520/1617/1520 1521/1618/1521
f 1519/1616/1519 1521/1618/1521 1522/1619/1522
f 1523/1620/1523 1524/1621/1524 1525/1622/1525
f 1523/1620/1523 1525/1622/1525 1526/1623/1526
f 1512/1609/1512 1509/1606/1509 1527/1624/1527
f 1512/1609/1512 1527/1624/1527 1528/1625/1528
f 1516/1613/1516 1513/1610/1513 1529/1626/1529
f 1516/1613/1516 1529/1626/1529 1530/1627/1530
f 1520/1617/1520 1517/1614/1517 1531/1628/1531
f 1520/1617/1520 1531/1628/1531 1532/1629/1532
f 1524/1621/1524 1521/1618/1521 1533/1630/1533
f 1524/1621/1524 1533/1630/1533 1534/1631/1534
f 1528/1625/1528 1527/1624/1527 1535/1632/1535
f 1528/1625/1528 1535/1632/1535 1536/1633/1536
f 1530/1627/1530 1529/1626/1529 1537/1634/1537
f 1530/1627/1530 1537/1634/1537 1538/1635/1538
f 1532/1629/1532 1531/1628/1531 1539/1636/1539
f 1532/1629/1532 1539/1636/1539 1540/1637/1540
f 1534/1631/1534 1533/1630/1533 1541/1638/1541
f 1534/1631/1534 1541/1638/1541 1542/1639/1542
f 1543/1640/1543 1544/1641/1544 1545/1642/1545
f 1543/1640/1543 1545/1642/1545 1546/1643/1546
f 1544/1641/1544 1508/1605/1508 1505/1602/1505
f 1544/1641/1544 1505/1602/1505 1545/1642/1545
f 1546/1643/1546 1545/1642/1545 1455/1547/1455
f 1546/1643/1546 1455/1547/1455 1454/1546/1454
f 1519/1616/1519 1522/1619/1522 1547/1644/1547
f 1519/1616/1519 1547/1644/1547 1548/1645/1548
f 1523/1620/1523 1526/1623/1526 1549/1646/1549
f 1523/1620/1523 1549/1646/1549 1550/1647/1550
f 1515/1612/1515 1518/1615/1518 1551/1648/1551
f 1515/1612/1515 1551/1648/1551 1552/1649/1552
f 1511/1608/1511 1514/1611/1514 1553/1650/1553
f 1511/1608/1511 1553/1650/1553 1554/1651/1554
f 1507/1604/1507 1510/1607/1510 1555/1652/1555
f 1507/1604/1507 1555/1652/1555 1556/1653/1556
f 1506/1603/1506 1557/1654/1557 1558/1655/1558
f 1506/1603/1506 1558/1655/1558 1471/1563/1471
f 1550/1647/1550 1549/1646/1549 1559/1656/1559
f 1550/1647/1550 1559/1656/1559 1560/1657/1560
f 1548/1645/1548 1547/1644/1547 1561/1658/1561
f 1548/1645/1548 1561/1658/1561 1562/1659/1562
f 1552/1649/1552 1551/1648/1551 1563/1660/1563
f 1552/1649/1552 1563/1660/1563 1564/1661/1564
f 1554/1651/1554 1553/1650/1553 1565/1662/1565
f 1554/1651/1554 1565/1662/1565 1566/1663/1566
f 1556/1653/1556 1555/1652/1555 1567/1664/1567
f 1556/1653/1556 1567/1664/1567 1568/1665/1568
f 1557/1654/1557 1569/1666/1569 1570/1667/1570
f 1557/1654/1557 1570/1667/1570 1558/1655/1558
f 1570/1667/1570 1569/1666/1569 1571/1668/1571
f 1570/1667/1570 1571/1668/1571 1572/1669/1572
f 1568/1665/1568 1567/1664/1567 1573/1670/1573
f 1568/1665/1568 1573/1670/1573 1574/1671/1574
f 1566/1663/1566 1565/1662/1565 1575/1672/1575
f 1566/1663/1566 1575/1672/1575 1576/1673/1576
f 1564/1661/1564 1563/1660/1563 1577/1674/1577
f 1564/1661/1564 1577/1674/1577 1578/1675/1578
f 1562/1659/1562 1561/1658/1561 1579/1676/1579
f 1562/1659/1562 1579/1676/1579 1580/1677/1580
f 1560/1657/1560 1559/1656/1559 1581/1678/1581
f 1560/1657/1560 1581/1678/1581 1582/1679/1582
f 1572/1669/1572 1571/1668/1571 1583/1680/1583
f 1572/1669/1572 1583/1680/1583 1584/1681/1584
f 1574/1671/1574 1573/1670/1573 1585/1682/1585
f 1574/1671/1574 1585/1682/1585 1586/1683/1586
f 390/390/390 355/355/355 1587/1684/1587
f 390/390/390 1587/1684/1587 1588/1685/1588
f 1588/1685/1588 1587/1684/1587 1589/1686/1589
f 1588/1685/1588 1589/1686/1589 1590/1687/1590
f 1590/1687/1590 1589/1686/1589 1591/1688/1591
f 1590/1687/1590 1591/1688/1591 1592/1689/1592
f 395/395/395 394/394/394 1593/1690/1593
f 395/395/395 1593/1690/1593 1594/1691/1594
f 1588/1685/1588 1590/1687/1590 394/394/394
f 1588/1685/1588 394/394/394 392/392/392
f 394/394/394 1590/1687/1590 1592/1689/1592
f 394/394/394 1592/1689/1592 1593/1690/1593
f 1589/1686/1589 1587/1684/1587 1595/1692/1595
f 1589/1686/1589 1595/1692/1595 1596/1693/1596
f 1597/1694/1597 1598/1695/1598 1570/1667/1570
f 1597/1694/1597 1570/1667/1570 1572/1669/1572
f 1596/1693/1596 1595/1692/1595 1598/1695/1598
f 1596/1693/1596 1598/1695/1598 1597/1694/1597
f 396/396/396 391/391/391 1599/1696/1599
f 396/396/396 1599/1696/1599 1600/1697/1600
f 1600/1697/1600 1599/1696/1599 1601/1698/1601
f 1600/1697/1600 1601/1698/1601 1602/1699/1602
f 1602/1699/1602 1601/1698/1601 1603/1700/1603
f 1602/1699/1602 1603/1700/1603 1604/1701/1604
f 397/397/397 1605/1702/1605 1606/1703/1606
f 1606/1703/1606 1605/1702/1605 1607/1704/1607
f 1606/1703/1606 1607/1704/1607 1608/1705/1608
f 1608/1705/1608 1607/1704/1607 1609/1706/1609
f 1608/1705/1608 1609/1706/1609 1610/1707/1610
f 391/391/391 393/393/393 1599/1696/1599
f 1609/1706/1609 1607/1704/1607 1602/1699/1602
f 1609/1706/1609 1602/1699/1602 1604/1701/1604
f 1605/1702/1605 396/396/396 1600/1697/1600
f 1607/1704/1607 1605/1702/1605 1600/1697/1600
f 1607/1704/1607 1600/1697/1600 1602/1699/1602
f 1605/1702/1605 397/397/397 396/396/396
f 1601/1698/1601 1599/1696/1599 393/393/393
f 1601/1698/1601 393/393/393 395/395/395
f 1603/1700/1603 1601/1698/1601 395/395/395
f 1603/1700/1603 395/395/395 1594/1691/1594
f 1588/1685/1588 392/392/392 390/390/390
f 400/400/400 399/399/399 1611/1708/1611
f 400/400/400 1611/1708/1611 1612/1709/1612
f 400/400/400 401/401/401 387/387/387
f 387/387/387 386/386/386 400/400/400
f 398/398/398 399/399/399 386/386/386
f 386/386/386 385/385/385 398/398/398
f 401/401/401 400/400/400 1612/1709/1612
f 401/401/401 1612/1709/1612 1613/1710/1613
f 399/399/399 398/398/398 1614/1711/1614
f 399/399/399 1614/1711/1614 1611/1708/1611
f 1612/1709/1612 1611/1708/1611 1615/1712/1615
f 1612/1709/1612 1615/1712/1615 1616/1713/1616
f 1613/1710/1613 1612/1709/1612 1616/1713/1616
f 1613/1710/1613 1616/1713/1616 1617/1714/1617
f 1611/1708/1611 1614/1711/1614 1618/1715/1618
f 1611/1708/1611 1618/1715/1618 1615/1712/1615
f 1614/1711/1614 398/398/398 397/397/397
f 1614/1711/1614 397/397/397 1606/1703/1606
f 1618/1715/1618 1614/1711/1614 1606/1703/1606
f 1618/1715/1618 1606/1703/1606 1608/1705/1608
f 1616/1713/1616 1615/1712/1615 1619/1716/1619
f 1616/1713/1616 1619/1716/1619 1620/1717/1620
f 1617/1714/1617 1616/1713/1616 1620/1717/1620
f 1617/1714/1617 1620/1717/1620 1621/1718/1621
f 1615/1712/1615 1618/1715/1618 1622/1719/1622
f 1615/1712/1615 1622/1719/1622 1619/1716/1619
f 1622/1719/1622 1618/1715/1618 1608/1705/1608
f 1622/1719/1622 1608/1705/1608 1610/1707/1610
f 741/752/741 738/749/738 1623/1720/1623
f 741/752/741 1623/1720/1623 1624/1721/1624
f 733/744/733 730/741/730 1625/1722/1625
f 733/744/733 1625/1722/1625 1626/1723/1626
f 745/756/745 742/753/742 1627/1724/1627
f 745/756/745 1627/1724/1627 1628/1725/1628
f 737/748/737 734/745/734 1629/1726/1629
f 737/748/737 1629/1726/1629 1630/1727/1630
f 1624/1721/1624 1623/1720/1623 1631/1728/1631
f 1624/1721/1624 1631/1728/1631 1632/1729/1632
f 1626/1723/1626 1625/1722/1625 1633/1730/1633
f 1626/1723/1626 1633/1730/1633 1634/1731/1634
f 1628/1725/1628 1627/1724/1627 1635/1732/1635
f 1628/1725/1628 1635/1732/1635 1636/1733/1636
f 1630/1727/1630 1629/1726/1629 1637/1734/1637
f 1630/1727/1630 1637/1734/1637 1638/1735/1638
f 1632/1729/1632 1631/1728/1631 1639/1736/1639
f 1632/1729/1632 1639/1736/1639 1640/1737/1640
f 1634/1731/1634 1633/1730/1633 1641/1738/1641
f 1634/1731/1634 1641/1738/1641 1642/1739/1642
f 1636/1733/1636 1635/1732/1635 1643/1740/1643
f 1636/1733/1636 1643/1740/1643 1644/1741/1644
f 1638/1735/1638 1637/1734/1637 1645/1742/1645
f 1638/1735/1638 1645/1742/1645 1646/1743/1646
f 1633/1730/1633 1625/1722/1625 402/402/402
f 402/402/402 401/401/401 1633/1730/1633
f 401/401/401 1613/1710/1613 1633/1730/1633
f 1617/1714/1617 1621/1718/1621 1641/1738/1641
f 1613/1710/1613 1617/1714/1617 1633/1730/1633
f 730/741/730 403/403/403 402/402/402
f 1625/1722/1625 730/741/730 402/402/402
f 1617/1714/1617 1641/1738/1641 1633/1730/1633
f 1325/1409/1325 782/794/782 1647/1744/1647
f 1325/1409/1325 1647/1744/1647 1648/1745/1648
f 782/794/782 781/793/781 1649/1746/1649
f 782/794/782 1649/1746/1649 1647/1744/1647
f 781/793/781 778/1406/778 1650/1747/1650
f 781/793/781 1650/1747/1650 1649/1746/1649
f 778/790/778 777/789/777 1651/1748/1651
f 778/790/778 1651/1748/1651 1650/1749/1650
f 764/775/764 1652/1750/1652 1651/1748/1651
f 764/775/764 1651/1748/1651 777/789/777
f 763/774/763 1653/1751/1653 1652/1750/1652
f 763/774/763 1652/1750/1652 764/775/764
f 763/774/763 766/777/766 1654/1752/1654
f 763/774/763 1654/1752/1654 1653/1751/1653
f 881/896/881 880/895/880 1655/1753/1655
f 881/896/881 1655/1753/1655 1656/1754/1656
f 883/898/883 882/897/882 1657/1755/1657
f 883/898/883 1657/1755/1657 1658/1756/1658
f 882/897/882 881/896/881 1656/1754/1656
f 882/897/882 1656/1754/1656 1657/1755/1657
f 880/895/880 879/894/879 1659/1757/1659
f 880/895/880 1659/1757/1659 1655/1753/1655
f 1656/1754/1656 1655/1753/1655 1660/1758/1660
f 1656/1754/1656 1660/1758/1660 1661/1759/1661
f 1657/1755/1657 1656/1754/1656 1661/1759/1661
f 1657/1755/1657 1661/1759/1661 1662/1760/1662
f 1658/1756/1658 1657/1755/1657 1662/1760/1662
f 1658/1756/1658 1662/1760/1662 1663/1761/1663
f 1655/1753/1655 1659/1757/1659 1664/1762/1664
f 1655/1753/1655 1664/1762/1664 1660/1758/1660
f 848/863/848 847/862/847 1665/1763/1665
f 848/863/848 1665/1763/1665 1666/1764/1666
f 1355/1441/1355 848/863/848 1666/1764/1666
f 1355/1441/1355 1666/1764/1666 1667/1765/1667
f 1665/1763/1665 847/862/847 856/871/856
f 1665/1763/1665 856/871/856 884/899/884
f 1355/1441/1355 1667/1765/1667 1668/1766/1668
f 1355/1441/1355 1668/1766/1668 1669/1767/1669
f 1355/1441/1355 1669/1767/1669 1368/1458/1368
f 1355/1441/1355 1368/1458/1368 1354/1440/1354
f 830/845/830 833/848/833 831/846/831
f 1338/1422/1338 1341/1425/1341 1670/1768/1670
f 1338/1422/1338 1670/1768/1670 1671/1769/1671
f 874/889/874 873/888/873 1672/1770/1672
f 874/889/874 1672/1770/1672 1673/1771/1673
f 1341/1425/1341 1340/1424/1340 1674/1772/1674
f 1341/1425/1341 1674/1772/1674 1670/1768/1670
f 1336/1420/1336 1339/1423/1339 1675/1773/1675
f 1336/1420/1336 1675/1773/1675 1676/1774/1676
f 876/891/876 874/889/874 1673/1771/1673
f 876/891/876 1673/1771/1673 1677/1775/1677
f 1339/1423/1339 1338/1422/1338 1671/1769/1671
f 1339/1423/1339 1671/1769/1671 1675/1773/1675
f 1337/1421/1337 1336/1420/1336 1676/1774/1676
f 1337/1421/1337 1676/1774/1676 1678/1776/1678
f 873/888/873 1342/1426/1342 1679/1777/1679
f 873/888/873 1679/1777/1679 1672/1770/1672
f 1342/1426/1342 1337/1421/1337 1678/1776/1678
f 1342/1426/1342 1678/1776/1678 1679/1777/1679
f 873/888/873 871/886/871 1342/1426/1342
f 1680/1778/1680 876/891/876 1677/1775/1677
f 1680/1778/1680 1677/1775/1677 1681/1779/1681
f 1659/1757/1659 1680/1778/1680 1681/1779/1681
f 1659/1757/1659 1681/1779/1681 1664/1762/1664
f 876/891/876 1680/1778/1680 878/893/878
f 878/893/878 1680/1778/1680 1659/1757/1659
f 878/893/878 1659/1757/1659 879/894/879
f 884/899/884 883/898/883 1682/1780/1682
f 884/899/884 1682/1780/1682 1683/1781/1683
f 883/898/883 1658/1756/1658 1684/1782/1684
f 883/898/883 1684/1782/1684 1682/1780/1682
f 1666/1764/1666 1665/1763/1665 1685/1783/1685
f 1666/1764/1666 1685/1783/1685 1686/1784/1686
f 1658/1756/1658 1663/1761/1663 1687/1785/1687
f 1658/1756/1658 1687/1785/1687 1684/1782/1684
f 1668/1766/1668 1667/1765/1667 1688/1786/1688
f 1668/1766/1668 1688/1786/1688 1689/1787/1689
f 1665/1763/1665 884/899/884 1683/1781/1683
f 1665/1763/1665 1683/1781/1683 1685/1783/1685
f 1667/1765/1667 1666/1764/1666 1686/1784/1686
f 1667/1765/1667 1686/1784/1686 1688/1786/1688
f 1685/1783/1685 1683/1781/1683 1690/1788/1690
f 1685/1783/1685 1690/1788/1690 1691/1789/1691
f 1686/1784/1686 1685/1783/1685 1691/1789/1691
f 1686/1784/1686 1691/1789/1691 1692/1790/1692
f 1682/1780/1682 1684/1782/1684 1693/1791/1693
f 1682/1780/1682 1693/1791/1693 1694/1792/1694
f 1689/1787/1689 1688/1786/1688 1695/1793/1695
f 1689/1787/1689 1695/1793/1695 1696/1794/1696
f 1688/1786/1688 1686/1784/1686 1692/1790/1692
f 1688/1786/1688 1692/1790/1692 1695/1793/1695
f 1684/1782/1684 1687/1785/1687 1697/1795/1697
f 1684/1782/1684 1697/1795/1697 1693/1791/1693
f 1683/1781/1683 1682/1780/1682 1694/1792/1694
f 1683/1781/1683 1694/1792/1694 1690/1788/1690
f 1694/1792/1694 1693/1791/1693 1698/1796/1698
f 1694/1792/1694 1698/1796/1698 1699/1797/1699
f 1696/1794/1696 1695/1793/1695 1700/1798/1700
f 1696/1794/1696 1700/1798/1700 1701/1799/1701
f 1695/1793/1695 1692/1790/1692 1702/1800/1702
f 1695/1793/1695 1702/1800/1702 1700/1798/1700
f 1693/1791/1693 1697/1795/1697 1703/1801/1703
f 1693/1791/1693 1703/1801/1703 1698/1796/1698
f 1690/1788/1690 1694/1792/1694 1699/1797/1699
f 1690/1788/1690 1699/1797/1699 1704/1802/1704
f 1691/1789/1691 1690/1788/1690 1704/1802/1704
f 1691/1789/1691 1704/1802/1704 1705/1803/1705
f 1692/1790/1692 1691/1789/1691 1705/1803/1705
f 1692/1790/1692 1705/1803/1705 1702/1800/1702
f 1701/1799/1701 1700/1798/1700 1706/1804/1706
f 1701/1799/1701 1706/1804/1706 1707/1805/1707
f 1700/1798/1700 1702/1800/1702 1708/1806/1708
f 1700/1798/1700 1708/1806/1708 1706/1804/1706
f 1698/1796/1698 1703/1801/1703 1709/1807/1709
f 1698/1796/1698 1709/1807/1709 1710/1808/1710
f 1704/1802/1704 1699/1797/1699 1711/1809/1711
f 1704/1802/1704 1711/1809/1711 1712/1810/1712
f 1705/1803/1705 1704/1802/1704 1712/1810/1712
f 1705/1803/1705 1712/1810/1712 1713/1811/1713
f 1702/1800/1702 1705/1803/1705 1713/1811/1713
f 1702/1800/1702 1713/1811/1713 1708/1806/1708
f 1699/1797/1699 1698/1796/1698 1710/1808/1710
f 1699/1797/1699 1710/1808/1710 1711/1809/1711
f 552/552/552 1468/1560/1468 1470/1562/1470
f 552/552/552 1470/1562/1470 549/549/549
f 356/356/356 357/357/357 1595/1692/1595
f 360/360/360 361/361/361 1471/1563/1471
f 361/361/361 478/478/478 1471/1563/1471
f 479/479/479 362/362/362 481/481/481
f 359/359/359 360/360/360 1558/1655/1558
f 479/479/479 481/481/481 1470/1562/1470
f 481/481/481 494/494/494 1470/1562/1470
f 494/494/494 546/546/546 1470/1562/1470
f 546/546/546 549/549/549 1470/1562/1470
f 1470/1562/1470 1471/1563/1471 479/479/479
f 1471/1563/1471 1558/1655/1558 360/360/360
f 1558/1655/1558 1570/1667/1570 1598/1695/1598
f 1595/1692/1595 1587/1684/1587 355/355/355
f 1558/1655/1558 1598/1695/1598 358/358/358
f 1598/1695/1598 1595/1692/1595 357/357/357
f 358/358/358 1598/1695/1598 357/357/357
f 478/478/478 479/479/479 1471/1563/1471
f 359/359/359 1558/1655/1558 358/358/358
f 1595/1692/1595 355/355/355 356/356/356
f 1481/1575/1481 1479/1574/1479 1469/1561/1469
f 552/552/552 551/551/551 1714/1812/1714
f 551/551/551 598/598/598 1714/1812/1714
f 598/598/598 597/597/597 1714/1812/1714
f 1714/1812/1714 1468/1560/1468 552/552/552
f 604/604/604 608/608/608 1498/1593/1498
f 605/605/605 604/604/604 1498/1593/1498
f 1498/1593/1498 1715/1813/1715 605/605/605
f 1716/1814/1716 1714/1812/1714 1717/1815/1717
f 597/597/597 596/596/596 1717/1815/1717
f 596/596/596 618/618/618 606/606/606
f 1477/1569/1477 1475/1567/1475 1467/1559/1467
f 1477/1569/1477 1467/1559/1467 1718/1816/1718
f 1719/1817/1719 1720/1818/1720 1496/1590/1496
f 1719/1817/1719 1496/1590/1496 1494/1588/1494
f 1720/1819/1720 1715/1813/1715 1498/1593/1498
f 1720/1819/1720 1498/1593/1498 1496/1592/1496
f 605/605/605 1715/1813/1715 1721/1820/1721
f 605/605/605 1721/1820/1721 606/606/606
f 1492/1586/1492 1719/1817/1719 1494/1588/1494
f 1486/1580/1486 1487/1581/1487 1720/1818/1720
f 1486/1580/1486 1720/1818/1720 1719/1817/1719
f 1487/1821/1487 1721/1820/1721 1715/1813/1715
f 1487/1821/1487 1715/1813/1715 1720/1819/1720
f 1485/1579/1485 1482/1576/1482 1476/1568/1476
f 606/606/606 1721/1820/1721 1722/1822/1722
f 1443/1533/1443 1465/1557/1465 1440/1530/1440
f 1485/1579/1485 1486/1580/1486 1719/1817/1719
f 1485/1579/1485 1719/1817/1719 1492/1586/1492
f 1472/1564/1472 1474/1566/1474 1482/1576/1482
f 1479/1571/1479 1477/1569/1477 1718/1816/1718
f 1479/1571/1479 1718/1816/1718 1469/1823/1469
f 1474/1566/1474 1475/1567/1475 1476/1568/1476
f 1474/1566/1474 1476/1568/1476 1482/1576/1482
f 606/606/606 1722/1822/1722 596/596/596
f 1722/1822/1722 1716/1814/1716 1717/1815/1717
f 1722/1822/1722 1717/1815/1717 596/596/596
f 1721/1820/1721 1723/1824/1723 1716/1814/1716
f 1721/1820/1721 1716/1814/1716 1722/1822/1722
f 1487/1821/1487 1480/1573/1480 1723/1824/1723
f 1487/1821/1487 1723/1824/1723 1721/1820/1721
f 1714/1812/1714 597/597/597 1717/1815/1717
f 1723/1824/1723 1480/1573/1480 1481/1575/1481
f 1714/1812/1714 1481/1575/1481 1468/1560/1468
f 1716/1814/1716 1723/1824/1723 1481/1575/1481
f 1718/1816/1718 1467/1559/1467 1449/1539/1449
f 1469/1823/1469 1718/1816/1718 1449/1539/1449
f 1468/1560/1468 1481/1575/1481 1469/1561/1469
f 1714/1812/1714 1716/1814/1716 1481/1575/1481
f 1449/1539/1449 1451/1541/1451 1469/1823/1469
f 1455/1547/1455 1545/1642/1545 1505/1602/1505
f 1344/1428/1344 1335/1419/1335 1724/1825/1724
f 1344/1428/1344 1724/1825/1724 1725/1826/1725
f 1334/1418/1334 1331/1415/1331 1726/1827/1726
f 1334/1418/1334 1726/1827/1726 1727/1828/1727
f 1331/1415/1331 1330/1414/1330 1728/1829/1728
f 1331/1415/1331 1728/1829/1728 1726/1827/1726
f 1335/1419/1335 1334/1418/1334 1727/1828/1727
f 1335/1419/1335 1727/1828/1727 1724/1825/1724
f 1729/1830/1729 1728/1829/1728 1330/1414/1330
f 1729/1830/1729 1330/1414/1330 1327/1411/1327
f 1648/1745/1648 1729/1830/1729 1327/1411/1327
f 1648/1745/1648 1327/1411/1327 1323/1407/1323
f 1325/1409/1325 1648/1745/1648 1323/1407/1323
f 1730/1831/1730 1731/1832/1731 1732/1833/1732
f 1730/1831/1730 1732/1833/1732 1733/1834/1733
f 1340/1424/1340 870/885/870 1730/1831/1730
f 1340/1424/1340 1730/1831/1730 1734/1835/1734
f 1735/1836/1735 1736/1837/1736 1737/1838/1737
f 1735/1836/1735 1737/1838/1737 1738/1839/1738
f 1736/1837/1736 1739/1840/1739 1740/1841/1740
f 1736/1837/1736 1740/1841/1740 1737/1838/1737
f 1731/1832/1731 1735/1836/1735 1738/1839/1738
f 1731/1832/1731 1738/1839/1738 1732/1833/1732
f 1674/1772/1674 1340/1424/1340 1734/1835/1734
f 1674/1772/1674 1734/1835/1734 1741/1842/1741
f 1706/1804/1706 1708/1806/1708 1742/1843/1742
f 1706/1804/1706 1742/1843/1742 1743/1844/1743
f 1710/1808/1710 1709/1807/1709 1744/1845/1744
f 1710/1808/1710 1744/1845/1744 1745/1846/1745
f 1712/1810/1712 1711/1809/1711 1746/1847/1746
f 1712/1810/1712 1746/1847/1746 1747/1848/1747
f 1713/1811/1713 1712/1810/1712 1747/1848/1747
f 1713/1811/1713 1747/1848/1747 1748/1849/1748
f 1708/1806/1708 1713/1811/1713 1748/1849/1748
f 1708/1806/1708 1748/1849/1748 1742/1843/1742
f 1711/1809/1711 1710/1808/1710 1745/1846/1745
f 1711/1809/1711 1745/1846/1745 1746/1847/1746
f 1707/1805/1707 1706/1804/1706 1743/1844/1743
f 1707/1805/1707 1743/1844/1743 1749/1850/1749
f 1419/1509/1419 1418/1508/1418 1750/1851/1750
f 1419/1509/1419 1750/1851/1750 1751/1852/1751
f 1420/1510/1420 1423/1513/1423 1752/1853/1752
f 1420/1510/1420 1752/1853/1752 1753/1854/1753
f 1421/1511/1421 1420/1510/1420 1753/1854/1753
f 1421/1511/1421 1753/1854/1753 1754/1855/1754
f 1418/1508/1418 1421/1511/1421 1754/1855/1754
f 1418/1508/1418 1754/1855/1754 1750/1851/1750
f 1428/1518/1428 1419/1509/1419 1751/1852/1751
f 1428/1518/1428 1751/1852/1751 1755/1856/1755
f 1423/1513/1423 1422/1512/1422 1756/1857/1756
f 1423/1513/1423 1756/1857/1756 1752/1853/1752
f 1427/1517/1427 1428/1518/1428 1757/1858/1757
f 1427/1517/1427 1757/1858/1757 1758/1859/1758
f 1426/1516/1426 1427/1517/1427 1758/1859/1758
f 1426/1516/1426 1758/1859/1758 1759/1860/1759
f 1439/1529/1439 1437/1527/1437 1760/1861/1760
f 1439/1529/1439 1760/1861/1760 1761/1862/1761
f 1425/1515/1425 1426/1516/1426 1759/1860/1759
f 1425/1515/1425 1759/1860/1759 1762/1863/1762
f 1424/1514/1424 1425/1515/1425 1762/1863/1762
f 1424/1514/1424 1762/1863/1762 1763/1864/1763
f 1437/1527/1437 1401/1491/1401 1764/1865/1764
f 1437/1527/1437 1764/1865/1764 1760/1861/1760
f 1400/1490/1400 1424/1514/1424 1763/1864/1763
f 1400/1490/1400 1763/1864/1763 1765/1866/1765
f 1401/1491/1401 1400/1490/1400 1765/1866/1765
f 1401/1491/1401 1765/1866/1765 1764/1865/1764
f 1428/1518/1428 1755/1856/1755 1757/1858/1757
f 1546/1643/1546 1454/1546/1454 1766/1867/1766
f 1446/1536/1446 1444/1534/1444 1767/1868/1767
f 1446/1536/1446 1767/1868/1767 1768/1869/1768
f 1452/1544/1452 1450/1543/1450 1769/1870/1769
f 1452/1544/1452 1769/1870/1769 1770/1871/1770
f 1448/1538/1448 1446/1536/1446 1768/1869/1768
f 1448/1538/1448 1768/1869/1768 1771/1872/1771
f 1454/1546/1454 1452/1544/1452 1770/1871/1770
f 1454/1546/1454 1770/1871/1770 1772/1873/1772
f 1444/1534/1444 1442/1532/1442 1773/1874/1773
f 1444/1534/1444 1773/1874/1773 1767/1868/1767
f 1450/1540/1450 1448/1538/1448 1771/1872/1771
f 1450/1540/1450 1771/1872/1771 1769/1875/1769
f 1442/1532/1442 1439/1529/1439 1761/1862/1761
f 1442/1532/1442 1761/1862/1761 1773/1874/1773
f 1591/1688/1591 1589/1686/1589 1596/1693/1596
f 1572/1669/1572 1584/1681/1584 1597/1694/1597
f 1584/1681/1584 1591/1688/1591 1597/1694/1597
f 1597/1694/1597 1591/1688/1591 1596/1693/1596
f 1573/1670/1573 1576/1673/1576 1575/1672/1575
f 1573/1670/1573 1575/1672/1575 1585/1682/1585
f 1567/1664/1567 1566/1663/1566 1576/1673/1576
f 1567/1664/1567 1576/1673/1576 1573/1670/1573
f 1555/1652/1555 1554/1651/1554 1566/1663/1566
f 1555/1652/1555 1566/1663/1566 1567/1664/1567
f 1510/1607/1510 1511/1608/1511 1554/1651/1554
f 1510/1607/1510 1554/1651/1554 1555/1652/1555
f 1529/1626/1529 1528/1625/1528 1536/1633/1536
f 1529/1626/1529 1536/1633/1536 1537/1634/1537
f 1513/1610/1513 1512/1609/1512 1528/1625/1528
f 1513/1610/1513 1528/1625/1528 1529/1626/1529
f 1510/1607/1510 1509/1606/1509 1512/1609/1512
f 1510/1607/1510 1512/1609/1512 1511/1608/1511
f 1774/1876/1774 1574/1671/1574 1586/1683/1586
f 1774/1876/1774 1586/1683/1586 1583/1680/1583
f 1569/1666/1569 1568/1665/1568 1574/1671/1574
f 1569/1666/1569 1574/1671/1574 1774/1876/1774
f 1557/1654/1557 1556/1653/1556 1568/1665/1568
f 1557/1654/1557 1568/1665/1568 1569/1666/1569
f 1506/1603/1506 1507/1604/1507 1556/1653/1556
f 1506/1603/1506 1556/1653/1556 1557/1654/1557
f 1527/1624/1527 1509/1606/1509 1508/1605/1508
f 1527/1624/1527 1508/1605/1508 1544/1641/1544
f 1535/1632/1535 1527/1624/1527 1544/1641/1544
f 1535/1632/1535 1544/1641/1544 1543/1640/1543
f 1506/1603/1506 1505/1602/1505 1508/1605/1508
f 1506/1603/1506 1508/1605/1508 1507/1604/1507
f 1565/1662/1565 1564/1661/1564 1578/1675/1578
f 1565/1662/1565 1578/1675/1578 1575/1672/1575
f 1553/1650/1553 1552/1649/1552 1564/1661/1564
f 1553/1650/1553 1564/1661/1564 1565/1662/1565
f 1514/1611/1514 1515/1612/1515 1552/1649/1552
f 1514/1611/1514 1552/1649/1552 1553/1650/1553
f 1531/1628/1531 1530/1627/1530 1538/1635/1538
f 1531/1628/1531 1538/1635/1538 1539/1636/1539
f 1517/1614/1517 1516/1613/1516 1530/1627/1530
f 1517/1614/1517 1530/1627/1530 1531/1628/1531
f 1514/1611/1514 1513/1610/1513 1516/1613/1516
f 1514/1611/1514 1516/1613/1516 1515/1612/1515
f 1549/1646/1549 1526/1623/1526 1775/1877/1775
f 1549/1646/1549 1775/1877/1775 1776/1878/1776
f 1525/1622/1525 1777/1879/1777 1778/1880/1778
f 1525/1622/1525 1778/1880/1778 1779/1881/1779
f 1777/1879/1777 1780/1882/1780 1781/1883/1781
f 1777/1879/1777 1781/1883/1781 1778/1880/1778
f 1526/1623/1526 1525/1622/1525 1779/1881/1779
f 1526/1623/1526 1779/1881/1779 1775/1877/1775
f 1559/1656/1559 1549/1646/1549 1776/1878/1776
f 1559/1656/1559 1776/1878/1776 1782/1884/1782
f 1581/1678/1581 1559/1656/1559 1782/1884/1782
f 1581/1678/1581 1782/1884/1782 1783/1885/1783
f 1561/1658/1561 1560/1657/1560 1582/1679/1582
f 1561/1658/1561 1582/1679/1582 1579/1676/1579
f 1547/1644/1547 1550/1647/1550 1560/1657/1560
f 1547/1644/1547 1560/1657/1560 1561/1658/1561
f 1522/1619/1522 1523/1620/1523 1550/1647/1550
f 1522/1619/1522 1550/1647/1550 1547/1644/1547
f 1777/1879/1777 1534/1631/1534 1542/1639/1542
f 1777/1879/1777 1542/1639/1542 1780/1882/1780
f 1525/1622/1525 1524/1621/1524 1534/1631/1534
f 1525/1622/1525 1534/1631/1534 1777/1879/1777
f 1522/1619/1522 1521/1618/1521 1524/1621/1524
f 1522/1619/1522 1524/1621/1524 1523/1620/1523
f 1563/1660/1563 1562/1659/1562 1580/1677/1580
f 1563/1660/1563 1580/1677/1580 1577/1674/1577
f 1551/1648/1551 1548/1645/1548 1562/1659/1562
f 1551/1648/1551 1562/1659/1562 1563/1660/1563
f 1518/1615/1518 1519/1616/1519 1548/1645/1548
f 1518/1615/1518 1548/1645/1548 1551/1648/1551
f 1533/1630/1533 1532/1629/1532 1540/1637/1540
f 1533/1630/1533 1540/1637/1540 1541/1638/1541
f 1521/1618/1521 1520/1617/1520 1532/1629/1532
f 1521/1618/1521 1532/1629/1532 1533/1630/1533
f 1518/1615/1518 1517/1614/1517 1520/1617/1520
f 1518/1615/1518 1520/1617/1520 1519/1616/1519
f 1775/1877/1775 1779/1881/1779 1784/1886/1784
f 1775/1877/1775 1784/1886/1784 1785/1887/1785
f 1778/1880/1778 1781/1883/1781 1786/1888/1786
f 1778/1880/1778 1786/1888/1786 1787/1889/1787
f 1782/1884/1782 1776/1878/1776 1788/1890/1788
f 1782/1884/1782 1788/1890/1788 1789/1891/1789
f 1779/1881/1779 1778/1880/1778 1787/1889/1787
f 1779/1881/1779 1787/1889/1787 1784/1886/1784
f 1776/1878/1776 1775/1877/1775 1785/1887/1785
f 1776/1878/1776 1785/1887/1785 1788/1890/1788
f 1783/1885/1783 1782/1884/1782 1789/1891/1789
f 1783/1885/1783 1789/1891/1789 1790/1892/1790
f 1785/1887/1785 1784/1886/1784 1787/1889/1787
f 1785/1887/1785 1787/1889/1787 1791/1893/1791
f 1788/1890/1788 1785/1887/1785 1791/1893/1791
f 1788/1890/1788 1791/1893/1791 1789/1891/1789
f 1791/1893/1791 1787/1889/1787 1786/1888/1786
f 1791/1893/1791 1786/1888/1786 1792/1894/1792
f 1789/1891/1789 1791/1893/1791 1792/1894/1792
f 1789/1891/1789 1792/1894/1792 1790/1892/1790
f 1793/1895/1793 1794/1896/1794 1795/1897/1795
f 1793/1895/1793 1795/1897/1795 1796/1898/1796
f 1794/1896/1794 758/769/758 743/754/743
f 1794/1896/1794 743/754/743 744/755/744
f 1793/1895/1793 1796/1898/1796 1797/1899/1797
f 1793/1895/1793 1797/1899/1797 1798/1900/1798
f 1799/1901/1799 761/772/761 760/771/760
f 1799/1901/1799 760/771/760 1800/1902/1800
f 767/778/767 756/767/756 761/772/761
f 767/778/767 761/772/761 1799/1901/1799
f 1635/1732/1635 1632/1729/1632 1640/1737/1640
f 1635/1732/1635 1640/1737/1640 1643/1740/1643
f 1627/1724/1627 1624/1721/1624 1632/1729/1632
f 1627/1724/1627 1632/1729/1632 1635/1732/1635
f 742/753/742 741/752/741 1624/1721/1624
f 742/753/742 1624/1721/1624 1627/1724/1627
f 752/763/752 759/770/759 761/772/761
f 752/763/752 761/772/761 756/767/756
f 739/750/739 740/751/740 759/770/759
f 739/750/739 759/770/759 752/763/752
f 739/750/739 738/749/738 741/752/741
f 739/750/739 741/752/741 740/751/740
f 746/757/746 1801/1903/1801 1802/1904/1802
f 746/757/746 1802/1904/1802 1803/1905/1803
f 1801/1903/1801 1804/1906/1804 1805/1907/1805
f 1801/1903/1801 1805/1907/1805 1802/1904/1802
f 1796/1898/1796 1795/1897/1795 1806/1908/1806
f 1796/1898/1796 1806/1908/1806 1807/1909/1807
f 1804/1906/1804 1808/1910/1808 1809/1911/1809
f 1804/1906/1804 1809/1911/1809 1805/1907/1805
f 747/758/747 746/757/746 1803/1905/1803
f 747/758/747 1803/1905/1803 1810/1912/1810
f 1797/1899/1797 1796/1898/1796 1807/1909/1807
f 1797/1899/1797 1807/1909/1807 1811/1913/1811
f 1795/1897/1795 747/758/747 1810/1912/1810
f 1795/1897/1795 1810/1912/1810 1806/1908/1806
f 1806/1908/1806 1810/1912/1810 1812/1914/1812
f 1806/1908/1806 1812/1914/1812 1813/1915/1813
f 1810/1912/1810 1803/1905/1803 1814/1916/1814
f 1810/1912/1810 1814/1916/1814 1812/1914/1812
f 1813/1915/1813 1812/1914/1812 1815/1917/1815
f 1813/1915/1813 1815/1917/1815 1811/1913/1811
f 1812/1914/1812 1814/1916/1814 1809/1911/1809
f 1812/1914/1812 1809/1911/1809 1815/1917/1815
f 1803/1905/1803 1802/1904/1802 1814/1916/1814
f 1802/1904/1802 1805/1907/1805 1814/1916/1814
f 1809/1911/1809 1814/1916/1814 1805/1907/1805
f 1806/1908/1806 1813/1915/1813 1807/1909/1807
f 1807/1909/1807 1813/1915/1813 1811/1913/1811
f 760/771/760 1793/1895/1793 1798/1900/1798
f 760/771/760 1798/1900/1798 1800/1902/1800
f 1795/1897/1795 1794/1896/1794 744/755/744
f 1795/1897/1795 744/755/744 747/758/747
f 760/771/760 758/769/758 1794/1896/1794
f 760/771/760 1794/1896/1794 1793/1895/1793
f 1804/1906/1804 1636/1733/1636 1644/1741/1644
f 1804/1906/1804 1644/1741/1644 1808/1910/1808
f 1801/1903/1801 1628/1725/1628 1636/1733/1636
f 1801/1903/1801 1636/1733/1636 1804/1906/1804
f 746/757/746 745/756/745 1628/1725/1628
f 746/757/746 1628/1725/1628 1801/1903/1801
f 743/754/743 742/753/742 745/756/745
f 743/754/743 745/756/745 744/755/744
f 1750/1851/1750 1754/1855/1754 1816/1918/1816
f 1750/1851/1750 1816/1918/1816 1817/1919/1817
f 1752/1853/1752 1756/1857/1756 1818/1920/1818
f 1752/1853/1752 1818/1920/1818 1819/1921/1819
f 1751/1852/1751 1750/1851/1750 1817/1919/1817
f 1751/1852/1751 1817/1919/1817 1820/1922/1820
f 1755/1856/1755 1751/1852/1751 1820/1922/1820
f 1755/1856/1755 1820/1922/1820 1821/1923/1821
f 1753/1854/1753 1752/1853/1752 1819/1921/1819
f 1753/1854/1753 1819/1921/1819 1822/1924/1822
f 1754/1855/1754 1753/1854/1753 1822/1924/1822
f 1754/1855/1754 1822/1924/1822 1816/1918/1816
f 1817/1919/1817 1816/1918/1816 1823/1925/1823
f 1817/1919/1817 1823/1925/1823 1824/1926/1824
f 1816/1918/1816 1822/1924/1822 1825/1927/1825
f 1816/1918/1816 1825/1927/1825 1823/1925/1823
f 1820/1922/1820 1817/1919/1817 1824/1926/1824
f 1820/1922/1820 1824/1926/1824 1826/1928/1826
f 1818/1920/1818 1825/1927/1825 1822/1924/1822
f 1818/1920/1818 1822/1924/1822 1819/1921/1819
f 1820/1922/1820 1826/1928/1826 1821/1923/1821
f 1759/1860/1759 1758/1859/1758 1827/1929/1827
f 1759/1860/1759 1827/1929/1827 1828/1930/1828
f 1763/1864/1763 1762/1863/1762 1829/1931/1829
f 1763/1864/1763 1829/1931/1829 1830/1932/1830
f 1758/1859/1758 1757/1858/1757 1831/1933/1831
f 1758/1859/1758 1831/1933/1831 1827/1929/1827
f 1762/1863/1762 1759/1860/1759 1828/1930/1828
f 1762/1863/1762 1828/1930/1828 1829/1931/1829
f 1765/1866/1765 1763/1864/1763 1830/1932/1830
f 1765/1866/1765 1830/1932/1830 1832/1934/1832
f 1827/1929/1827 1831/1933/1831 1833/1935/1833
f 1827/1929/1827 1833/1935/1833 1834/1936/1834
f 1829/1931/1829 1828/1930/1828 1835/1937/1835
f 1829/1931/1829 1835/1937/1835 1836/1938/1836
f 1832/1934/1832 1830/1932/1830 1837/1939/1837
f 1832/1934/1832 1837/1939/1837 1838/1940/1838
f 1828/1930/1828 1827/1929/1827 1834/1936/1834
f 1828/1930/1828 1834/1936/1834 1835/1937/1835
f 1830/1932/1830 1829/1931/1829 1836/1938/1836
f 1830/1932/1830 1836/1938/1836 1837/1939/1837
f 1839/1941/1839 1772/1942/1772 1840/1943/1840
f 1839/1941/1839 1840/1943/1840 1841/1944/1841
f 1761/1862/1761 1760/1861/1760 1842/1945/1842
f 1761/1862/1761 1842/1945/1842 1843/1946/1843
f 1769/1947/1769 1771/1948/1771 1844/1949/1844
f 1769/1947/1769 1844/1949/1844 1845/1950/1845
f 1767/1951/1767 1773/1952/1773 1846/1953/1846
f 1767/1951/1767 1846/1953/1846 1847/1954/1847
f 1770/1955/1770 1769/1947/1769 1845/1950/1845
f 1770/1955/1770 1845/1950/1845 1848/1956/1848
f 1768/1957/1768 1767/1951/1767 1847/1954/1847
f 1768/1957/1768 1847/1954/1847 1849/1958/1849
f 1773/1874/1773 1761/1862/1761 1843/1946/1843
f 1773/1874/1773 1843/1946/1843 1846/1959/1846
f 1760/1861/1760 1764/1865/1764 1850/1960/1850
f 1760/1861/1760 1850/1960/1850 1842/1945/1842
f 1772/1961/1772 1770/1955/1770 1848/1956/1848
f 1772/1961/1772 1848/1956/1848 1840/1962/1840
f 1771/1948/1771 1768/1957/1768 1849/1958/1849
f 1771/1948/1771 1849/1958/1849 1844/1949/1844
f 1838/1940/1838 1764/1865/1764 1832/1934/1832
f 1850/1960/1850 1764/1865/1764 1838/1940/1838
f 1764/1865/1764 1765/1866/1765 1832/1934/1832
f 1591/1688/1591 1584/1681/1584 1851/1963/1851
f 1591/1688/1591 1851/1963/1851 1852/1964/1852
f 1619/1716/1619 1622/1719/1622 1853/1965/1853
f 1619/1716/1619 1853/1965/1853 1854/1966/1854
f 1583/1680/1583 1586/1683/1586 1855/1967/1855
f 1583/1680/1583 1855/1967/1855 1856/1968/1856
f 1603/1700/1603 1594/1691/1594 1857/1969/1857
f 1603/1700/1603 1857/1969/1857 1858/1970/1858
f 1609/1706/1609 1604/1701/1604 1859/1971/1859
f 1609/1706/1609 1859/1971/1859 1860/1972/1860
f 1621/1718/1621 1620/1717/1620 1861/1973/1861
f 1621/1718/1621 1861/1973/1861 1862/1974/1862
f 1594/1691/1594 1593/1690/1593 1863/1975/1863
f 1594/1691/1594 1863/1975/1863 1857/1969/1857
f 1584/1681/1584 1583/1680/1583 1856/1968/1856
f 1584/1681/1584 1856/1968/1856 1851/1963/1851
f 1620/1717/1620 1619/1716/1619 1854/1966/1854
f 1620/1717/1620 1854/1966/1854 1861/1973/1861
f 1586/1683/1586 1585/1682/1585 1864/1976/1864
f 1586/1683/1586 1864/1976/1864 1855/1967/1855
f 1585/1682/1585 1575/1672/1575 1865/1977/1865
f 1585/1682/1585 1865/1977/1865 1864/1976/1864
f 1604/1701/1604 1603/1700/1603 1858/1970/1858
f 1604/1701/1604 1858/1970/1858 1859/1971/1859
f 1592/1689/1592 1591/1688/1591 1852/1964/1852
f 1592/1689/1592 1852/1964/1852 1866/1978/1866
f 1593/1690/1593 1592/1689/1592 1866/1978/1866
f 1593/1690/1593 1866/1978/1866 1863/1975/1863
f 1622/1719/1622 1610/1707/1610 1867/1979/1867
f 1622/1719/1622 1867/1979/1867 1853/1965/1853
f 1610/1707/1610 1609/1706/1609 1860/1972/1860
f 1610/1707/1610 1860/1972/1860 1867/1979/1867
f 1649/1746/1649 1650/1747/1650 1868/1980/1868
f 1649/1746/1649 1868/1980/1868 1869/1981/1869
f 1653/1751/1653 1654/1752/1654 1870/1982/1870
f 1653/1751/1653 1870/1982/1870 1871/1983/1871
f 1647/1744/1647 1649/1746/1649 1869/1981/1869
f 1647/1744/1647 1869/1981/1869 1872/1984/1872
f 1653/1751/1653 1871/1983/1871 1873/1985/1873
f 1653/1751/1653 1873/1985/1873 1652/1750/1652
f 1648/1745/1648 1647/1744/1647 1872/1984/1872
f 1648/1745/1648 1872/1984/1872 1874/1986/1874
f 1652/1750/1652 1873/1985/1873 1875/1987/1875
f 1652/1750/1652 1875/1987/1875 1651/1748/1651
f 1650/1749/1650 1651/1748/1651 1875/1987/1875
f 1650/1749/1650 1875/1987/1875 1868/1988/1868
f 1681/1779/1681 1677/1775/1677 1876/1989/1876
f 1681/1779/1681 1876/1989/1876 1877/1990/1877
f 1679/1777/1679 1678/1776/1678 1878/1991/1878
f 1679/1777/1679 1878/1991/1878 1879/1992/1879
f 1673/1771/1673 1672/1770/1672 1880/1993/1880
f 1673/1771/1673 1880/1993/1880 1881/1994/1881
f 1672/1770/1672 1679/1777/1679 1879/1992/1879
f 1672/1770/1672 1879/1992/1879 1880/1993/1880
f 1660/1758/1660 1664/1762/1664 1882/1995/1882
f 1660/1758/1660 1882/1995/1882 1883/1996/1883
f 1664/1762/1664 1681/1779/1681 1877/1990/1877
f 1664/1762/1664 1877/1990/1877 1882/1995/1882
f 1677/1775/1677 1673/1771/1673 1881/1994/1881
f 1677/1775/1677 1881/1994/1881 1876/1989/1876
f 1369/1459/1369 1364/1453/1364 1884/1997/1884
f 1369/1459/1369 1884/1997/1884 1885/1998/1885
f 1379/1469/1379 1373/1463/1373 1886/1999/1886
f 1379/1469/1379 1886/1999/1886 1887/2000/1887
f 1365/1454/1365 1366/1456/1366 1888/2001/1888
f 1365/1454/1365 1888/2001/1888 1889/2002/1889
f 1363/1455/1363 1365/1454/1365 1889/2002/1889
f 1363/1455/1363 1889/2002/1889 1890/2003/1890
f 1380/1470/1380 1379/1469/1379 1887/2000/1887
f 1380/1470/1380 1887/2000/1887 1891/2004/1891
f 1373/1463/1373 1369/1459/1369 1885/1998/1885
f 1373/1463/1373 1885/1998/1885 1886/1999/1886
f 1364/1453/1364 1363/1452/1363 1890/2005/1890
f 1364/1453/1364 1890/2005/1890 1884/1997/1884
f 1388/1478/1388 1386/1476/1386 1892/2006/1892
f 1388/1478/1388 1892/2006/1892 1893/2007/1893
f 1384/1474/1384 1382/1472/1382 1894/2008/1894
f 1384/1474/1384 1894/2008/1894 1895/2009/1895
f 1390/1480/1390 1388/1478/1388 1893/2007/1893
f 1390/1480/1390 1893/2007/1893 1896/2010/1896
f 1386/1476/1386 1384/1474/1384 1895/2009/1895
f 1386/1476/1386 1895/2009/1895 1892/2006/1892
f 1894/2008/1894 1382/1472/1382 1380/1470/1380
f 1894/2008/1894 1380/1470/1380 1891/2004/1891
f 1821/1923/1821 1826/1928/1826 1897/2011/1897
f 1821/1923/1821 1897/2011/1897 1898/2012/1898
f 1818/1920/1818 1756/1857/1756 1899/2013/1899
f 1818/1920/1818 1899/2013/1899 1900/2014/1900
f 1824/1926/1824 1823/1925/1823 1901/2015/1901
f 1824/1926/1824 1901/2015/1901 1902/2016/1902
f 1826/1928/1826 1824/1926/1824 1902/2016/1902
f 1826/1928/1826 1902/2016/1902 1897/2011/1897
f 1825/1927/1825 1818/1920/1818 1900/2014/1900
f 1825/1927/1825 1900/2014/1900 1903/2017/1903
f 1823/1925/1823 1825/1927/1825 1903/2017/1903
f 1823/1925/1823 1903/2017/1903 1901/2015/1901
f 1756/1857/1756 1422/1512/1422 1904/2018/1904
f 1756/1857/1756 1904/2018/1904 1899/2013/1899
f 1904/2018/1904 1422/1512/1422 1390/1480/1390
f 1904/2018/1904 1390/1480/1390 1896/2010/1896
f 1905/2019/1905 1755/1856/1755 1821/1923/1821
f 1905/2019/1905 1821/1923/1821 1898/2012/1898
f 1831/1933/1831 1757/1858/1757 1755/1856/1755
f 1831/1933/1831 1755/1856/1755 1905/2019/1905
f 1670/1768/1670 1674/1772/1674 1906/2020/1906
f 1670/1768/1670 1906/2020/1906 1907/2021/1907
f 1676/1774/1676 1675/1773/1675 1908/2022/1908
f 1676/1774/1676 1908/2022/1908 1909/2023/1909
f 1675/1773/1675 1671/1769/1671 1910/2024/1910
f 1675/1773/1675 1910/2024/1910 1908/2022/1908
f 1671/1769/1671 1670/1768/1670 1907/2021/1907
f 1671/1769/1671 1907/2021/1907 1910/2024/1910
f 1878/1991/1878 1678/1776/1678 1676/1774/1676
f 1878/1991/1878 1676/1774/1676 1909/2023/1909
f 1663/1761/1663 1662/1760/1662 1911/2025/1911
f 1663/1761/1663 1911/2025/1911 1912/2026/1912
f 1687/1785/1687 1663/1761/1663 1912/2026/1912
f 1687/1785/1687 1912/2026/1912 1913/2027/1913
f 1662/1760/1662 1661/1759/1661 1914/2028/1914
f 1662/1760/1662 1914/2028/1914 1911/2025/1911
f 1703/1801/1703 1697/1795/1697 1915/2029/1915
f 1703/1801/1703 1915/2029/1915 1916/2030/1916
f 1697/1795/1697 1687/1785/1687 1913/2027/1913
f 1697/1795/1697 1913/2027/1913 1915/2029/1915
f 1914/2028/1914 1661/1759/1661 1660/1758/1660
f 1914/2028/1914 1660/1758/1660 1883/1996/1883
f 1456/1548/1456 1473/1565/1473 1917/2031/1917
f 1456/1548/1456 1917/2031/1917 1458/1550/1458
f 1473/1565/1473 1472/1564/1472 1484/1578/1484
f 1473/1565/1473 1484/1578/1484 1917/2031/1917
f 1488/1582/1488 1491/1585/1491 1918/2032/1918
f 1488/1582/1488 1918/2032/1918 1919/2033/1919
f 1462/1554/1462 1461/1553/1461 1919/2033/1919
f 1462/1554/1462 1919/2033/1919 1918/2032/1918
f 1321/1399/1321 1220/1263/1220 1347/1433/1347
f 1321/1399/1321 1347/1433/1347 1374/1464/1374
f 1459/1551/1459 1321/1399/1321 1374/1464/1374
f 1459/1551/1459 1374/1464/1374 1457/1549/1457
f 1458/1550/1458 1917/2031/1917 1919/2033/1919
f 1458/1550/1458 1919/2033/1919 1461/1553/1461
f 798/812/798 796/811/796 832/1430/832
f 798/812/798 832/1430/832 1345/1429/1345
f 1459/1551/1459 1458/1550/1458 1461/1553/1461
f 1459/1551/1459 1461/1553/1461 1460/1552/1460
f 1484/1578/1484 1483/1577/1483 1489/1583/1489
f 1484/1578/1484 1489/1583/1489 1488/1582/1488
f 1917/2031/1917 1484/1578/1484 1488/1582/1488
f 1917/2031/1917 1488/1582/1488 1919/2033/1919
f 1483/1577/1483 1485/1579/1485 1492/1586/1492
f 1483/1577/1483 1492/1586/1492 1489/1583/1489
f 1220/1263/1220 798/812/798 1345/1429/1345
f 1220/1263/1220 1345/1429/1345 1347/1433/1347
f 796/808/796 794/806/794 831/846/831
f 796/808/796 831/846/831 832/847/832
f 790/802/790 789/801/789 818/833/818
f 790/802/790 818/833/818 824/839/824
f 792/804/792 790/802/790 824/839/824
f 792/804/792 824/839/824 828/843/828
f 789/801/789 786/798/786 819/834/819
f 789/801/789 819/834/819 818/833/818
f 794/806/794 792/804/792 828/843/828
f 794/806/794 828/843/828 831/846/831
f 786/798/786 785/797/785 719/730/719
f 786/798/786 719/730/719 819/834/819
f 1463/1555/1463 1462/1554/1462 1920/2034/1920
f 1463/1555/1463 1920/2034/1920 1921/2035/1921
f 1490/1584/1490 1493/1587/1493 1922/2036/1922
f 1490/1584/1490 1922/2036/1922 1923/2037/1923
f 1462/1554/1462 1918/2032/1918 1924/2038/1924
f 1462/1554/1462 1924/2038/1924 1920/2034/1920
f 1491/1585/1491 1490/1584/1490 1923/2037/1923
f 1491/1585/1491 1923/2037/1923 1925/2039/1925
f 1320/1398/1320 1463/1555/1463 1921/2035/1921
f 1320/1398/1320 1921/2035/1921 1926/2040/1926
f 1918/2032/1918 1491/1585/1491 1925/2039/1925
f 1918/2032/1918 1925/2039/1925 1924/2038/1924
f 1926/2040/1926 1921/2035/1921 1927/2041/1927
f 1926/2040/1926 1927/2041/1927 1928/2042/1928
f 1924/2038/1924 1925/2039/1925 1929/2043/1929
f 1924/2038/1924 1929/2043/1929 1930/2044/1930
f 1925/2039/1925 1923/2037/1923 1931/2045/1931
f 1925/2039/1925 1931/2045/1931 1929/2043/1929
f 1921/2035/1921 1920/2034/1920 1932/2046/1932
f 1921/2035/1921 1932/2046/1932 1927/2041/1927
f 1920/2034/1920 1924/2038/1924 1930/2044/1930
f 1920/2034/1920 1930/2044/1930 1932/2046/1932
f 1923/2037/1923 1922/2036/1922 1933/2047/1933
f 1923/2037/1923 1933/2047/1933 1931/2045/1931
f 1315/1392/1315 1316/1393/1316 1932/2046/1932
f 1316/1393/1316 1317/1394/1317 1928/2042/1928
f 1928/2042/1928 1927/2041/1927 1316/1393/1316
f 1927/2041/1927 1932/2046/1932 1316/1393/1316
f 1932/2046/1932 1930/2044/1930 1315/1392/1315
f 1930/2044/1930 1929/2043/1929 1313/1390/1313
f 1315/1392/1315 1930/2044/1930 1313/1390/1313
f 1929/2043/1929 1931/2045/1931 1313/1390/1313
f 1931/2045/1931 1933/2047/1933 1314/1391/1314
f 1313/1390/1313 1931/2045/1931 1314/1391/1314
f 1268/1317/1268 1249/1294/1249 1269/2048/1269
f 1269/2048/1269 1249/1294/1249 1251/1296/1251
f 1269/2048/1269 1251/1296/1251 1501/2049/1501
f 1502/2050/1502 1501/2049/1501 1251/1296/1251
f 1502/2050/1502 1251/1296/1251 1253/1298/1253
f 1502/2050/1502 1253/1298/1253 1503/2051/1503
f 1504/2052/1504 1503/2051/1503 1253/1298/1253
f 1504/2052/1504 1253/1298/1253 1255/1300/1255
f 1226/1377/1226 1306/1378/1306 1238/2053/1238
f 1238/2053/1238 1306/1378/1306 1308/1380/1308
f 1238/2053/1238 1308/1380/1308 1934/2054/1934
f 1935/2055/1935 1934/2054/1934 1308/1380/1308
f 1935/2055/1935 1308/1380/1308 1314/1391/1314
f 1936/2056/1936 1935/2055/1935 1937/2057/1937
f 1938/2058/1938 1936/2056/1936 1937/2057/1937
f 1938/2058/1938 1937/2057/1937 1939/2059/1939
f 1504/1601/1504 1938/2058/1938 1939/2059/1939
f 1504/1601/1504 1939/2059/1939 1940/2060/1940
f 1495/1589/1495 1504/1601/1504 1940/2060/1940
f 1938/2061/1938 1504/2052/1504 1255/1300/1255
f 1938/2061/1938 1255/1300/1255 1257/1302/1257
f 1940/2060/1940 1939/2059/1939 1922/2036/1922
f 1940/2060/1940 1922/2036/1922 1493/1587/1493
f 1940/2060/1940 1493/1587/1493 1495/1589/1495
f 1937/2057/1937 1935/2055/1935 1314/1391/1314
f 1937/2057/1937 1314/1391/1314 1933/2047/1933
f 1939/2059/1939 1937/2057/1937 1933/2047/1933
f 1939/2059/1939 1933/2047/1933 1922/2036/1922
f 1936/2062/1936 1938/2061/1938 1257/1302/1257
f 1936/2062/1936 1257/1302/1257 1259/1304/1259
f 1936/2062/1936 1259/1304/1259 1935/2063/1935
f 1934/2064/1934 1935/2063/1935 1259/1304/1259
f 1934/2064/1934 1259/1304/1259 1240/1306/1240
f 1934/2064/1934 1240/1306/1240 1238/2065/1238
f 1151/1184/1151 1149/1182/1149 1237/1280/1237
f 1129/1162/1129 1127/1160/1127 1237/1280/1237
f 1150/1183/1150 1152/1185/1152 1163/1196/1163
f 1150/1183/1150 1163/1196/1163 1148/1181/1148
f 1156/1189/1156 1162/1195/1162 1154/1187/1154
f 1161/1194/1161 1168/1201/1168 1166/1199/1166
f 1161/1194/1161 1166/1199/1166 1160/1193/1160
f 1142/1175/1142 1168/1201/1168 1161/1194/1161
f 1144/1177/1144 1167/1200/1167 1169/1202/1169
f 1144/1177/1144 1169/1202/1169 1141/1174/1141
f 1248/1293/1248 1246/1291/1246 1941/2066/1941
f 1248/1293/1248 1941/2066/1941 1942/2067/1942
f 1246/1291/1246 1244/1289/1244 1943/2068/1943
f 1246/1291/1246 1943/2068/1943 1941/2066/1941
f 1244/1289/1244 1243/1288/1243 1944/2069/1944
f 1244/1289/1244 1944/2069/1944 1943/2068/1943
f 1242/1305/1242 1258/1303/1258 1945/2070/1945
f 1242/1305/1242 1945/2070/1945 1946/2071/1946
f 1258/1303/1258 1256/1301/1256 1947/2072/1947
f 1258/1303/1258 1947/2072/1947 1945/2070/1945
f 1256/1301/1256 1254/1299/1254 1948/2073/1948
f 1256/1301/1256 1948/2073/1948 1947/2072/1947
f 1254/1299/1254 1252/1297/1252 1949/2074/1949
f 1254/1299/1254 1949/2074/1949 1948/2073/1948
f 1243/1288/1243 1242/1287/1242 1946/2075/1946
f 1243/1288/1243 1946/2075/1946 1944/2069/1944
f 1252/1297/1252 1250/1295/1250 1950/2076/1950
f 1252/1297/1252 1950/2076/1950 1949/2074/1949
f 1250/1295/1250 1248/1293/1248 1942/2067/1942
f 1250/1295/1250 1942/2067/1942 1950/2076/1950
f 1218/1261/1218 1320/1398/1320 1951/2077/1951
f 1217/1260/1217 1216/1259/1216 1952/2078/1952
f 1928/2042/1928 1952/2078/1952 1951/2077/1951
f 1928/2042/1928 1951/2077/1951 1926/2040/1926
f 1928/2042/1928 1317/1394/1317 1953/2079/1953
f 1928/2042/1928 1953/2079/1953 1954/2080/1954
f 1951/2077/1951 1320/1398/1320 1926/2040/1926
f 1951/2077/1951 1216/1259/1216 1218/1261/1218
f 1951/2077/1951 1952/2078/1952 1216/1259/1216
f 1300/2081/1300 1955/2082/1955 1956/2083/1956
f 1300/2081/1300 1956/2083/1956 1318/2084/1318
f 1300/2081/1300 1298/1361/1298 1299/1362/1299
f 1300/2081/1300 1299/1362/1299 1955/2082/1955
f 1318/2084/1318 1956/2083/1956 1953/2085/1953
f 1318/2084/1318 1953/2085/1953 1317/2086/1317
f 1954/2080/1954 1953/2079/1953 1957/2087/1957
f 1954/2080/1954 1957/2087/1957 1958/2088/1958
f 1955/2082/1955 1959/2089/1959 1960/2090/1960
f 1955/2082/1955 1960/2090/1960 1956/2083/1956
f 1956/2083/1956 1960/2090/1960 1957/2091/1957
f 1956/2083/1956 1957/2091/1957 1953/2085/1953
f 1299/1362/1299 1282/1337/1282 1961/2092/1961
f 1299/1362/1299 1961/2092/1961 1962/2093/1962
f 1282/1337/1282 1281/1336/1281 1963/2094/1963
f 1282/1337/1282 1963/2094/1963 1961/2092/1961
f 1963/2094/1963 1281/1336/1281 1286/1343/1286
f 1963/2094/1963 1286/1343/1286 1293/1352/1293
f 1964/2095/1964 1965/2096/1965 1959/2089/1959
f 1964/2095/1964 1959/2089/1959 1962/2093/1962
f 1928/2042/1928 1954/2080/1954 1952/2078/1952
f 1966/2097/1966 1967/2098/1967 1958/2099/1958
f 1966/2097/1966 1958/2099/1958 1968/2100/1968
f 1969/2101/1969 1967/2098/1967 1966/2097/1966
f 1970/2102/1970 1214/1256/1214 1217/1260/1217
f 1970/2102/1970 1217/1260/1217 1969/2103/1969
f 1289/2104/1289 816/1253/816 1214/1256/1214
f 1289/2104/1289 1214/1256/1214 1970/2102/1970
f 1971/2105/1971 1290/1349/1290 1289/1348/1289
f 1971/2105/1971 1289/1348/1289 1970/2106/1970
f 1972/2107/1972 1971/2105/1971 1970/2106/1970
f 1972/2107/1972 1970/2106/1970 1969/2101/1969
f 1972/2107/1972 1969/2101/1969 1966/2097/1966
f 1942/2067/1942 1941/2066/1941 1973/2108/1973
f 1942/2067/1942 1973/2108/1973 1974/2109/1974
f 1948/2073/1948 1949/2074/1949 1975/2110/1975
f 1948/2073/1948 1975/2110/1975 1976/2111/1976
f 1946/2071/1946 1945/2070/1945 1977/2112/1977
f 1946/2071/1946 1977/2112/1977 1978/2113/1978
f 1966/2097/1966 1968/2100/1968 1979/2114/1979
f 1972/2107/1972 1966/2097/1966 1979/2114/1979
f 1972/2107/1972 1979/2114/1979 1980/2115/1980
f 1971/2105/1971 1972/2107/1972 1980/2115/1980
f 1971/2105/1971 1980/2115/1980 1981/2116/1981
f 1290/1349/1290 1971/2105/1971 1981/2116/1981
f 1290/1349/1290 1981/2116/1981 1294/1353/1294
f 1958/2099/1958 1957/2117/1957 1982/2118/1982
f 1958/2099/1958 1982/2118/1982 1968/2100/1968
f 1959/2089/1959 1965/2096/1965 1983/2119/1983
f 1959/2089/1959 1983/2119/1983 1960/2090/1960
f 1958/2088/1958 1967/2120/1967 1952/2078/1952
f 1958/2088/1958 1952/2078/1952 1954/2080/1954
f 1960/2090/1960 1983/2119/1983 1982/2121/1982
f 1960/2090/1960 1982/2121/1982 1957/2091/1957
f 1967/2120/1967 1969/2103/1969 1217/1260/1217
f 1967/2120/1967 1217/1260/1217 1952/2078/1952
f 1944/2069/1944 1946/2075/1946 1978/2122/1978
f 1944/2069/1944 1978/2122/1978 1984/2123/1984
f 1959/2089/1959 1955/2082/1955 1299/1362/1299
f 1959/2089/1959 1299/1362/1299 1962/2093/1962
f 1962/2093/1962 1961/2092/1961 1964/2095/1964
f 1947/2072/1947 1948/2073/1948 1976/2111/1976
f 1947/2072/1947 1976/2111/1976 1985/2124/1985
f 1950/2076/1950 1942/2067/1942 1974/2109/1974
f 1950/2076/1950 1974/2109/1974 1986/2125/1986
f 1945/2070/1945 1947/2072/1947 1985/2124/1985
f 1945/2070/1945 1985/2124/1985 1977/2112/1977
f 1943/2068/1943 1944/2069/1944 1984/2123/1984
f 1943/2068/1943 1984/2123/1984 1987/2126/1987
f 1949/2074/1949 1950/2076/1950 1986/2125/1986
f 1949/2074/1949 1986/2125/1986 1975/2110/1975
f 1941/2066/1941 1943/2068/1943 1987/2126/1987
f 1941/2066/1941 1987/2126/1987 1973/2108/1973
f 1975/2110/1975 1986/2125/1986 1988/2127/1988
f 1975/2110/1975 1988/2127/1988 1989/2128/1989
f 1978/2113/1978 1977/2112/1977 1990/2129/1990
f 1978/2113/1978 1990/2129/1990 1991/2130/1991
f 1986/2125/1986 1974/2109/1974 1992/2131/1992
f 1986/2125/1986 1992/2131/1992 1988/2127/1988
f 1985/2124/1985 1976/2111/1976 1993/2132/1993
f 1985/2124/1985 1993/2132/1993 1994/2133/1994
f 1984/2123/1984 1978/2122/1978 1991/2134/1991
f 1984/2123/1984 1991/2134/1991 1995/2135/1995
f 1987/2126/1987 1984/2123/1984 1995/2135/1995
f 1987/2126/1987 1995/2135/1995 1996/2136/1996
f 1976/2111/1976 1975/2110/1975 1989/2128/1989
f 1976/2111/1976 1989/2128/1989 1993/2132/1993
f 1974/2109/1974 1973/2108/1973 1997/2137/1997
f 1974/2109/1974 1997/2137/1997 1992/2131/1992
f 1977/2112/1977 1985/2124/1985 1994/2133/1994
f 1977/2112/1977 1994/2133/1994 1990/2129/1990
f 1973/2108/1973 1987/2126/1987 1996/2136/1996
f 1973/2108/1973 1996/2136/1996 1997/2137/1997
f 1991/2130/1991 1990/2129/1990 1998/2138/1998
f 1991/2130/1991 1998/2138/1998 1999/2139/1999
f 1988/2127/1988 1992/2131/1992 2000/2140/2000
f 1988/2127/1988 2000/2140/2000 2001/2141/2001
f 1994/2133/1994 1993/2132/1993 2002/2142/2002
f 1994/2133/1994 2002/2142/2002 2003/2143/2003
f 1995/2135/1995 1991/2134/1991 1999/2144/1999
f 1995/2135/1995 1999/2144/1999 2004/2145/2004
f 1996/2136/1996 1995/2135/1995 2004/2145/2004
f 1996/2136/1996 2004/2145/2004 2005/2146/2005
f 1993/2132/1993 1989/2128/1989 2006/2147/2006
f 1993/2132/1993 2006/2147/2006 2002/2142/2002
f 1992/2131/1992 1997/2137/1997 2007/2148/2007
f 1992/2131/1992 2007/2148/2007 2000/2140/2000
f 1990/2129/1990 1994/2133/1994 2003/2143/2003
f 1990/2129/1990 2003/2143/2003 1998/2138/1998
f 1997/2137/1997 1996/2136/1996 2005/2146/2005
f 1997/2137/1997 2005/2146/2005 2007/2148/2007
f 1989/2128/1989 1988/2127/1988 2001/2141/2001
f 1989/2128/1989 2001/2141/2001 2006/2147/2006
f 2001/2141/2001 2000/2140/2000 2008/2149/2008
f 2001/2141/2001 2008/2149/2008 2009/2150/2009
f 2003/2143/2003 2002/2142/2002 2010/2151/2010
f 2003/2143/2003 2010/2151/2010 2011/2152/2011
f 2004/2145/2004 1999/2144/1999 2012/2153/2012
f 2004/2145/2004 2012/2153/2012 2013/2154/2013
f 2005/2146/2005 2004/2145/2004 2013/2154/2013
f 2005/2146/2005 2013/2154/2013 2014/2155/2014
f 2002/2142/2002 2006/2147/2006 2015/2156/2015
f 2002/2142/2002 2015/2156/2015 2010/2151/2010
f 2000/2140/2000 2007/2148/2007 2016/2157/2016
f 2000/2140/2000 2016/2157/2016 2008/2149/2008
f 1998/2138/1998 2003/2143/2003 2011/2152/2011
f 1998/2138/1998 2011/2152/2011 2017/2158/2017
f 2007/2148/2007 2005/2146/2005 2014/2155/2014
f 2007/2148/2007 2014/2155/2014 2016/2157/2016
f 2006/2147/2006 2001/2141/2001 2009/2150/2009
f 2006/2147/2006 2009/2150/2009 2015/2156/2015
f 1999/2139/1999 1998/2138/1998 2017/2158/2017
f 1999/2139/1999 2017/2158/2017 2012/2159/2012
f 2011/2152/2011 2010/2151/2010 2018/2160/2018
f 2011/2152/2011 2018/2160/2018 2019/2161/2019
f 2013/2154/2013 2012/2153/2012 2020/2162/2020
f 2013/2154/2013 2020/2162/2020 2021/2163/2021
f 2014/2155/2014 2013/2154/2013 2021/2163/2021
f 2014/2155/2014 2021/2163/2021 2022/2164/2022
f 2010/2151/2010 2015/2156/2015 2023/2165/2023
f 2010/2151/2010 2023/2165/2023 2018/2160/2018
f 2008/2149/2008 2016/2157/2016 2024/2166/2024
f 2008/2149/2008 2024/2166/2024 2025/2167/2025
f 2017/2158/2017 2011/2152/2011 2019/2161/2019
f 2017/2158/2017 2019/2161/2019 2026/2168/2026
f 2016/2157/2016 2014/2155/2014 2022/2164/2022
f 2016/2157/2016 2022/2164/2022 2024/2166/2024
f 2015/2156/2015 2009/2150/2009 2027/2169/2027
f 2015/2156/2015 2027/2169/2027 2023/2165/2023
f 2012/2159/2012 2017/2158/2017 2026/2168/2026
f 2012/2159/2012 2026/2168/2026 2020/2170/2020
f 2009/2150/2009 2008/2149/2008 2025/2167/2025
f 2009/2150/2009 2025/2167/2025 2027/2169/2027
f 2022/2164/2022 2021/2163/2021 2028/2171/2028
f 2022/2164/2022 2028/2171/2028 2029/2172/2029
f 2018/2160/2018 2023/2165/2023 2030/2173/2030
f 2018/2160/2018 2030/2173/2030 2031/2174/2031
f 2025/2167/2025 2024/2166/2024 2032/2175/2032
f 2025/2167/2025 2032/2175/2032 2033/2176/2033
f 2026/2168/2026 2019/2161/2019 2034/2177/2034
f 2026/2168/2026 2034/2177/2034 2035/2178/2035
f 2024/2166/2024 2022/2164/2022 2029/2172/2029
f 2024/2166/2024 2029/2172/2029 2032/2175/2032
f 2023/2165/2023 2027/2169/2027 2036/2179/2036
f 2023/2165/2023 2036/2179/2036 2030/2173/2030
f 2020/2170/2020 2026/2168/2026 2035/2178/2035
f 2020/2170/2020 2035/2178/2035 2037/2180/2037
f 2027/2169/2027 2025/2167/2025 2033/2176/2033
f 2027/2169/2027 2033/2176/2033 2036/2179/2036
f 2019/2161/2019 2018/2160/2018 2031/2174/2031
f 2019/2161/2019 2031/2174/2031 2034/2177/2034
f 2021/2163/2021 2020/2162/2020 2037/2181/2037
f 2021/2163/2021 2037/2181/2037 2028/2171/2028
f 2031/2174/2031 2030/2173/2030 2038/2182/2038
f 2031/2174/2031 2038/2182/2038 2039/2183/2039
f 2033/2176/2033 2032/2175/2032 2040/2184/2040
f 2033/2176/2033 2040/2184/2040 2041/2185/2041
f 2035/2178/2035 2034/2177/2034 2042/2186/2042
f 2035/2178/2035 2042/2186/2042 2043/2187/2043
f 2032/2175/2032 2029/2172/2029 2044/2188/2044
f 2032/2175/2032 2044/2188/2044 2040/2184/2040
f 2030/2173/2030 2036/2179/2036 2045/2189/2045
f 2030/2173/2030 2045/2189/2045 2038/2182/2038
f 2037/2180/2037 2035/2178/2035 2043/2187/2043
f 2037/2180/2037 2043/2187/2043 2046/2190/2046
f 2036/2179/2036 2033/2176/2033 2041/2185/2041
f 2036/2179/2036 2041/2185/2041 2045/2189/2045
f 2034/2177/2034 2031/2174/2031 2039/2183/2039
f 2034/2177/2034 2039/2183/2039 2042/2186/2042
f 2028/2171/2028 2037/2181/2037 2046/2191/2046
f 2028/2171/2028 2046/2191/2046 2047/2192/2047
f 2029/2172/2029 2028/2171/2028 2047/2192/2047
f 2029/2172/2029 2047/2192/2047 2044/2188/2044
f 1965/2096/1965 2048/2193/2048 2049/2194/2049
f 1965/2096/1965 2049/2194/2049 1983/2119/1983
f 1963/2094/1963 1293/1352/1293 2050/2195/2050
f 1963/2094/1963 2050/2195/2050 2051/2196/2051
f 1294/1353/1294 1981/2116/1981 2052/2197/2052
f 1294/1353/1294 2052/2197/2052 2053/2198/2053
f 1964/2095/1964 2054/2199/2054 2048/2193/2048
f 1964/2095/1964 2048/2193/2048 1965/2096/1965
f 1293/1352/1293 1292/1351/1292 2055/2200/2055
f 1293/1352/1293 2055/2200/2055 2050/2195/2050
f 1981/2116/1981 1980/2115/1980 2056/2201/2056
f 1981/2116/1981 2056/2201/2056 2052/2197/2052
f 1983/2119/1983 2049/2194/2049 2057/2202/2057
f 1983/2119/1983 2057/2202/2057 1982/2121/1982
f 1980/2115/1980 1979/2114/1979 2058/2203/2058
f 1980/2115/1980 2058/2203/2058 2056/2201/2056
f 1961/2092/1961 1963/2094/1963 2051/2196/2051
f 1961/2092/1961 2051/2196/2051 2059/2204/2059
f 1291/1350/1291 1294/1353/1294 2053/2198/2053
f 1291/1350/1291 2053/2198/2053 2060/2205/2060
f 1964/2095/1964 1961/2092/1961 2059/2204/2059
f 1964/2095/1964 2059/2204/2059 2054/2199/2054
f 1292/1351/1292 1291/1350/1291 2060/2205/2060
f 1292/1351/1292 2060/2205/2060 2055/2200/2055
f 1979/2114/1979 1968/2100/1968 2061/2206/2061
f 1979/2114/1979 2061/2206/2061 2058/2203/2058
f 1968/2100/1968 1982/2118/1982 2057/2207/2057
f 1968/2100/1968 2057/2207/2057 2061/2206/2061
f 2051/2196/2051 2050/2195/2050 2062/2208/2062
f 2051/2196/2051 2062/2208/2062 2063/2209/2063
f 2050/2195/2050 2055/2200/2055 2064/2210/2064
f 2050/2195/2050 2064/2210/2064 2062/2208/2062
f 2054/2199/2054 2065/2211/2065 2066/2212/2066
f 2054/2199/2054 2066/2212/2066 2048/2193/2048
f 2060/2205/2060 2053/2198/2053 2067/2213/2067
f 2060/2205/2060 2067/2213/2067 2068/2214/2068
f 2053/2198/2053 2052/2197/2052 2069/2215/2069
f 2053/2198/2053 2069/2215/2069 2067/2213/2067
f 2061/2206/2061 2057/2207/2057 2070/2216/2070
f 2061/2206/2061 2070/2216/2070 2071/2217/2071
f 2052/2197/2052 2056/2201/2056 2072/2218/2072
f 2052/2197/2052 2072/2218/2072 2069/2215/2069
f 2048/2193/2048 2066/2212/2066 2073/2219/2073
f 2048/2193/2048 2073/2219/2073 2049/2194/2049
f 2056/2201/2056 2058/2203/2058 2074/2220/2074
f 2056/2201/2056 2074/2220/2074 2072/2218/2072
f 2049/2194/2049 2073/2219/2073 2070/2221/2070
f 2049/2194/2049 2070/2221/2070 2057/2202/2057
f 2058/2203/2058 2061/2206/2061 2071/2217/2071
f 2058/2203/2058 2071/2217/2071 2074/2220/2074
f 2059/2204/2059 2051/2196/2051 2063/2209/2063
f 2059/2204/2059 2063/2209/2063 2075/2222/2075
f 2054/2199/2054 2059/2204/2059 2075/2222/2075
f 2054/2199/2054 2075/2222/2075 2065/2211/2065
f 2055/2200/2055 2060/2205/2060 2068/2214/2068
f 2055/2200/2055 2068/2214/2068 2064/2210/2064
f 2068/2214/2068 2067/2213/2067 2076/2223/2076
f 2068/2214/2068 2076/2223/2076 2077/2224/2077
f 2067/2213/2067 2069/2215/2069 2078/2225/2078
f 2067/2213/2067 2078/2225/2078 2076/2223/2076
f 2071/2217/2071 2070/2216/2070 2079/2226/2079
f 2071/2217/2071 2079/2226/2079 2080/2227/2080
f 2069/2215/2069 2072/2218/2072 2081/2228/2081
f 2069/2215/2069 2081/2228/2081 2078/2225/2078
f 2066/2212/2066 2082/2229/2082 2083/2230/2083
f 2066/2212/2066 2083/2230/2083 2073/2219/2073
f 2072/2218/2072 2074/2220/2074 2084/2231/2084
f 2072/2218/2072 2084/2231/2084 2081/2228/2081
f 2073/2219/2073 2083/2230/2083 2079/2232/2079
f 2073/2219/2073 2079/2232/2079 2070/2221/2070
f 2074/2220/2074 2071/2217/2071 2080/2227/2080
f 2074/2220/2074 2080/2227/2080 2084/2231/2084
f 2075/2222/2075 2063/2209/2063 2085/2233/2085
f 2075/2222/2075 2085/2233/2085 2086/2234/2086
f 2065/2211/2065 2075/2222/2075 2086/2234/2086
f 2065/2211/2065 2086/2234/2086 2087/2235/2087
f 2064/2210/2064 2068/2214/2068 2077/2224/2077
f 2064/2210/2064 2077/2224/2077 2088/2236/2088
f 2063/2209/2063 2062/2208/2062 2089/2237/2089
f 2063/2209/2063 2089/2237/2089 2085/2233/2085
f 2062/2208/2062 2064/2210/2064 2088/2236/2088
f 2062/2208/2062 2088/2236/2088 2089/2237/2089
f 2065/2211/2065 2087/2235/2087 2082/2229/2082
f 2065/2211/2065 2082/2229/2082 2066/2212/2066
f 2078/2225/2078 2081/2228/2081 2090/2238/2090
f 2078/2225/2078 2090/2238/2090 2091/2239/2091
f 2082/2229/2082 2092/2240/2092 2093/2241/2093
f 2082/2229/2082 2093/2241/2093 2083/2230/2083
f 2081/2228/2081 2084/2231/2084 2094/2242/2094
f 2081/2228/2081 2094/2242/2094 2090/2238/2090
f 2083/2230/2083 2093/2241/2093 2095/2243/2095
f 2083/2230/2083 2095/2243/2095 2079/2232/2079
f 2084/2231/2084 2080/2227/2080 2096/2244/2096
f 2084/2231/2084 2096/2244/2096 2094/2242/2094
f 2086/2234/2086 2085/2233/2085 2097/2245/2097
f 2086/2234/2086 2097/2245/2097 2098/2246/2098
f 2087/2235/2087 2086/2234/2086 2098/2246/2098
f 2087/2235/2087 2098/2246/2098 2099/2247/2099
f 2088/2236/2088 2077/2224/2077 2100/2248/2100
f 2088/2236/2088 2100/2248/2100 2101/2249/2101
f 2085/2233/2085 2089/2237/2089 2102/2250/2102
f 2085/2233/2085 2102/2250/2102 2097/2245/2097
f 2089/2237/2089 2088/2236/2088 2101/2249/2101
f 2089/2237/2089 2101/2249/2101 2102/2250/2102
f 2087/2235/2087 2099/2247/2099 2092/2240/2092
f 2087/2235/2087 2092/2240/2092 2082/2229/2082
f 2077/2224/2077 2076/2223/2076 2103/2251/2103
f 2077/2224/2077 2103/2251/2103 2100/2248/2100
f 2076/2223/2076 2078/2225/2078 2091/2239/2091
f 2076/2223/2076 2091/2239/2091 2103/2251/2103
f 2080/2227/2080 2079/2226/2079 2095/2252/2095
f 2080/2227/2080 2095/2252/2095 2096/2244/2096
f 2094/2242/2094 2096/2244/2096 2104/2253/2104
f 2094/2242/2094 2104/2253/2104 2105/2254/2105
f 2098/2246/2098 2097/2245/2097 2106/2255/2106
f 2098/2246/2098 2106/2255/2106 2107/2256/2107
f 2099/2247/2099 2098/2246/2098 2107/2256/2107
f 2099/2247/2099 2107/2256/2107 2108/2257/2108
f 2101/2249/2101 2100/2248/2100 2109/2258/2109
f 2101/2249/2101 2109/2258/2109 2110/2259/2110
f 2097/2245/2097 2102/2250/2102 2111/2260/2111
f 2097/2245/2097 2111/2260/2111 2106/2255/2106
f 2102/2250/2102 2101/2249/2101 2110/2259/2110
f 2102/2250/2102 2110/2259/2110 2111/2260/2111
f 2099/2247/2099 2108/2257/2108 2112/2261/2112
f 2099/2247/2099 2112/2261/2112 2092/2240/2092
f 2100/2248/2100 2103/2251/2103 2113/2262/2113
f 2100/2248/2100 2113/2262/2113 2109/2258/2109
f 2103/2251/2103 2091/2239/2091 2114/2263/2114
f 2103/2251/2103 2114/2263/2114 2113/2262/2113
f 2096/2244/2096 2095/2252/2095 2115/2264/2115
f 2096/2244/2096 2115/2264/2115 2104/2253/2104
f 2091/2239/2091 2090/2238/2090 2116/2265/2116
f 2091/2239/2091 2116/2265/2116 2114/2263/2114
f 2092/2240/2092 2112/2261/2112 2117/2266/2117
f 2092/2240/2092 2117/2266/2117 2093/2241/2093
f 2090/2238/2090 2094/2242/2094 2105/2254/2105
f 2090/2238/2090 2105/2254/2105 2116/2265/2116
f 2093/2241/2093 2117/2266/2117 2115/2267/2115
f 2093/2241/2093 2115/2267/2115 2095/2243/2095
f 2108/2257/2108 2107/2256/2107 2118/2268/2118
f 2108/2257/2108 2118/2268/2118 2119/2269/2119
f 2110/2259/2110 2109/2258/2109 2120/2270/2120
f 2110/2259/2110 2120/2270/2120 2121/2271/2121
f 2106/2255/2106 2111/2260/2111 2122/2272/2122
f 2106/2255/2106 2122/2272/2122 2123/2273/2123
f 2111/2260/2111 2110/2259/2110 2121/2271/2121
f 2111/2260/2111 2121/2271/2121 2122/2272/2122
f 2108/2257/2108 2119/2269/2119 2124/2274/2124
f 2108/2257/2108 2124/2274/2124 2112/2261/2112
f 2109/2258/2109 2113/2262/2113 2125/2275/2125
f 2109/2258/2109 2125/2275/2125 2120/2270/2120
f 2113/2262/2113 2114/2263/2114 2126/2276/2126
f 2113/2262/2113 2126/2276/2126 2125/2275/2125
f 2104/2253/2104 2115/2264/2115 2127/2277/2127
f 2104/2253/2104 2127/2277/2127 2128/2278/2128
f 2114/2263/2114 2116/2265/2116 2129/2279/2129
f 2114/2263/2114 2129/2279/2129 2126/2276/2126
f 2112/2261/2112 2124/2274/2124 2130/2280/2130
f 2112/2261/2112 2130/2280/2130 2117/2266/2117
f 2116/2265/2116 2105/2254/2105 2131/2281/2131
f 2116/2265/2116 2131/2281/2131 2129/2279/2129
f 2117/2282/2117 2130/2283/2130 2127/2277/2127
f 2117/2282/2117 2127/2277/2127 2115/2264/2115
f 2105/2254/2105 2104/2253/2104 2128/2278/2128
f 2105/2254/2105 2128/2278/2128 2131/2281/2131
f 2107/2256/2107 2106/2255/2106 2123/2273/2123
f 2107/2256/2107 2123/2273/2123 2118/2268/2118
f 2122/2272/2122 2121/2271/2121 2132/2284/2132
f 2122/2272/2122 2132/2284/2132 2133/2285/2133
f 2119/2269/2119 2134/2286/2134 2135/2287/2135
f 2119/2269/2119 2135/2287/2135 2124/2274/2124
f 2120/2270/2120 2125/2275/2125 2136/2288/2136
f 2120/2270/2120 2136/2288/2136 2137/2289/2137
f 2125/2275/2125 2126/2276/2126 2138/2290/2138
f 2125/2275/2125 2138/2290/2138 2136/2288/2136
f 2128/2278/2128 2127/2277/2127 2139/2291/2139
f 2128/2278/2128 2139/2291/2139 2140/2292/2140
f 2126/2276/2126 2129/2279/2129 2141/2293/2141
f 2126/2276/2126 2141/2293/2141 2138/2290/2138
f 2124/2274/2124 2135/2287/2135 2142/2294/2142
f 2124/2274/2124 2142/2294/2142 2130/2280/2130
f 2129/2279/2129 2131/2281/2131 2143/2295/2143
f 2129/2279/2129 2143/2295/2143 2141/2293/2141
f 2130/2283/2130 2142/2296/2142 2139/2291/2139
f 2130/2283/2130 2139/2291/2139 2127/2277/2127
f 2131/2281/2131 2128/2278/2128 2140/2292/2140
f 2131/2281/2131 2140/2292/2140 2143/2295/2143
f 2118/2268/2118 2123/2273/2123 2144/2297/2144
f 2118/2268/2118 2144/2297/2144 2145/2298/2145
f 2119/2269/2119 2118/2268/2118 2145/2298/2145
f 2119/2269/2119 2145/2298/2145 2134/2286/2134
f 2121/2271/2121 2120/2270/2120 2137/2289/2137
f 2121/2271/2121 2137/2289/2137 2132/2284/2132
f 2123/2273/2123 2122/2272/2122 2133/2285/2133
f 2123/2273/2123 2133/2285/2133 2144/2297/2144
f 2136/2288/2136 2138/2290/2138 2146/2299/2146
f 2136/2288/2136 2146/2299/2146 2147/2300/2147
f 2140/2292/2140 2139/2291/2139 2148/2301/2148
f 2140/2292/2140 2148/2301/2148 2149/2302/2149
f 2138/2290/2138 2141/2293/2141 2150/2303/2150
f 2138/2290/2138 2150/2303/2150 2146/2299/2146
f 2135/2287/2135 2151/2304/2151 2152/2305/2152
f 2135/2287/2135 2152/2305/2152 2142/2294/2142
f 2141/2293/2141 2143/2295/2143 2153/2306/2153
f 2141/2293/2141 2153/2306/2153 2150/2303/2150
f 2142/2296/2142 2152/2307/2152 2148/2301/2148
f 2142/2296/2142 2148/2301/2148 2139/2291/2139
f 2143/2295/2143 2140/2292/2140 2149/2302/2149
f 2143/2295/2143 2149/2302/2149 2153/2306/2153
f 2145/2298/2145 2144/2297/2144 2154/2308/2154
f 2145/2298/2145 2154/2308/2154 2155/2309/2155
f 2134/2286/2134 2145/2298/2145 2155/2309/2155
f 2134/2286/2134 2155/2309/2155 2156/2310/2156
f 2132/2284/2132 2137/2289/2137 2157/2311/2157
f 2132/2284/2132 2157/2311/2157 2158/2312/2158
f 2144/2297/2144 2133/2285/2133 2159/2313/2159
f 2144/2297/2144 2159/2313/2159 2154/2308/2154
f 2133/2285/2133 2132/2284/2132 2158/2312/2158
f 2133/2285/2133 2158/2312/2158 2159/2313/2159
f 2134/2286/2134 2156/2310/2156 2151/2304/2151
f 2134/2286/2134 2151/2304/2151 2135/2287/2135
f 2137/2289/2137 2136/2288/2136 2147/2300/2147
f 2137/2289/2137 2147/2300/2147 2157/2311/2157
f 2150/2303/2150 2153/2306/2153 2160/2314/2160
f 2150/2303/2150 2160/2314/2160 2161/2315/2161
f 2152/2307/2152 2162/2316/2162 2148/2301/2148
f 2153/2306/2153 2149/2302/2149 2163/2317/2163
f 2153/2306/2153 2163/2317/2163 2160/2314/2160
f 2155/2309/2155 2154/2308/2154 2164/2318/2164
f 2155/2309/2155 2164/2318/2164 2165/2319/2165
f 2156/2310/2156 2155/2309/2155 2165/2319/2165
f 2156/2310/2156 2165/2319/2165 2166/2320/2166
f 2158/2312/2158 2157/2311/2157 2167/2321/2167
f 2158/2312/2158 2167/2321/2167 2168/2322/2168
f 2154/2308/2154 2159/2313/2159 2169/2323/2169
f 2154/2308/2154 2169/2323/2169 2164/2318/2164
f 2159/2313/2159 2158/2312/2158 2168/2322/2168
f 2159/2313/2159 2168/2322/2168 2169/2323/2169
f 2156/2310/2156 2166/2320/2166 2170/2324/2170
f 2156/2310/2156 2170/2324/2170 2151/2304/2151
f 2157/2311/2157 2147/2300/2147 2171/2325/2171
f 2157/2311/2157 2171/2325/2171 2167/2321/2167
f 2147/2300/2147 2146/2299/2146 2172/2326/2172
f 2147/2300/2147 2172/2326/2172 2171/2325/2171
f 2149/2302/2149 2148/2301/2148 2162/2316/2162
f 2149/2302/2149 2162/2316/2162 2163/2317/2163
f 2146/2299/2146 2150/2303/2150 2161/2315/2161
f 2146/2299/2146 2161/2315/2161 2172/2326/2172
f 2151/2327/2151 2170/2328/2170 2162/2316/2162
f 2151/2327/2151 2162/2316/2162 2152/2307/2152
f 2165/2319/2165 2164/2318/2164 2173/2329/2173
f 2165/2319/2165 2173/2329/2173 2174/2330/2174
f 2166/2320/2166 2165/2319/2165 2174/2330/2174
f 2166/2320/2166 2174/2330/2174 2175/2331/2175
f 2168/2322/2168 2167/2321/2167 2176/2332/2176
f 2168/2322/2168 2176/2332/2176 2177/2333/2177
f 2164/2318/2164 2169/2323/2169 2178/2334/2178
f 2164/2318/2164 2178/2334/2178 2173/2329/2173
f 2169/2323/2169 2168/2322/2168 2177/2333/2177
f 2169/2323/2169 2177/2333/2177 2178/2334/2178
f 2166/2320/2166 2175/2331/2175 2179/2335/2179
f 2166/2320/2166 2179/2335/2179 2170/2324/2170
f 2167/2321/2167 2171/2325/2171 2180/2336/2180
f 2167/2321/2167 2180/2336/2180 2176/2332/2176
f 2171/2325/2171 2172/2326/2172 2181/2337/2181
f 2171/2325/2171 2181/2337/2181 2180/2336/2180
f 2163/2317/2163 2162/2316/2162 2182/2338/2182
f 2163/2317/2163 2182/2338/2182 2183/2339/2183
f 2172/2326/2172 2161/2315/2161 2184/2340/2184
f 2172/2326/2172 2184/2340/2184 2181/2337/2181
f 2170/2328/2170 2179/2341/2179 2185/2342/2185
f 2170/2328/2170 2185/2342/2185 2162/2316/2162
f 2161/2315/2161 2160/2314/2160 2186/2343/2186
f 2161/2315/2161 2186/2343/2186 2184/2340/2184
f 2162/2316/2162 2185/2342/2185 2182/2338/2182
f 2160/2314/2160 2163/2317/2163 2183/2339/2183
f 2160/2314/2160 2183/2339/2183 2186/2343/2186
f 2177/2333/2177 2176/2332/2176 2187/2344/2187
f 2177/2333/2177 2187/2344/2187 2188/2345/2188
f 2173/2329/2173 2178/2334/2178 2188/2345/2188
f 2173/2329/2173 2188/2345/2188 2189/2346/2189
f 2178/2334/2178 2177/2333/2177 2188/2345/2188
f 2175/2331/2175 2190/2347/2190 2191/2348/2191
f 2175/2331/2175 2191/2348/2191 2179/2335/2179
f 2176/2332/2176 2180/2336/2180 2192/2349/2192
f 2176/2332/2176 2192/2349/2192 2187/2344/2187
f 2180/2336/2180 2181/2337/2181 2193/2350/2193
f 2180/2336/2180 2193/2350/2193 2192/2349/2192
f 2183/2339/2183 2182/2338/2182 2194/2351/2194
f 2183/2339/2183 2194/2351/2194 2195/2352/2195
f 2181/2337/2181 2184/2340/2184 2196/2353/2196
f 2181/2337/2181 2196/2353/2196 2193/2350/2193
f 2179/2341/2179 2191/2354/2191 2194/2351/2194
f 2179/2341/2179 2194/2351/2194 2185/2342/2185
f 2184/2340/2184 2186/2343/2186 2197/2355/2197
f 2184/2340/2184 2197/2355/2197 2196/2353/2196
f 2185/2342/2185 2194/2351/2194 2182/2338/2182
f 2186/2343/2186 2183/2339/2183 2195/2352/2195
f 2186/2343/2186 2195/2352/2195 2197/2355/2197
f 2174/2330/2174 2173/2329/2173 2189/2346/2189
f 2175/2331/2175 2174/2330/2174 2189/2346/2189
f 2175/2331/2175 2189/2346/2189 2190/2347/2190
f 2198/2356/2198 2199/2357/2199 2200/2358/2200
f 2198/2356/2198 2200/2358/2200 2201/2359/2201
f 2202/2360/2202 2203/2361/2203 2204/2362/2204
f 2202/2360/2202 2204/2362/2204 2205/2363/2205
f 2203/2361/2203 2206/2364/2206 2207/2365/2207
f 2203/2361/2203 2207/2365/2207 2204/2362/2204
f 2208/2366/2208 2209/2367/2209 2210/2368/2210
f 2208/2366/2208 2210/2368/2210 2211/2369/2211
f 2206/2364/2206 2212/2370/2212 2213/2371/2213
f 2206/2364/2206 2213/2371/2213 2207/2365/2207
f 2201/2359/2201 2200/2358/2200 2209/2367/2209
f 2212/2370/2212 2214/2372/2214 2215/2373/2215
f 2212/2370/2212 2215/2373/2215 2213/2371/2213
f 2209/2367/2209 2200/2358/2200 2210/2368/2210
f 2214/2372/2214 2208/2366/2208 2211/2369/2211
f 2214/2372/2214 2211/2369/2211 2215/2373/2215
f 2216/2374/2216 2217/2375/2217 2199/2376/2199
f 2216/2374/2216 2199/2376/2199 2218/2377/2218
f 2198/2378/2198 2218/2377/2218 2199/2376/2199
f 2219/2379/2219 2202/2360/2202 2205/2363/2205
f 2219/2379/2219 2205/2363/2205 2220/2380/2220
f 2216/2374/2216 2219/2379/2219 2220/2380/2220
f 2216/2374/2216 2220/2380/2220 2217/2375/2217
f 2189/2346/2189 2188/2345/2188 2219/2379/2219
f 2189/2346/2189 2219/2379/2219 2216/2374/2216
f 2041/2185/2041 2040/2184/2040 2221/2381/2221
f 2041/2185/2041 2221/2381/2221 2222/2382/2222
f 2043/2187/2043 2042/2186/2042 2223/2383/2223
f 2043/2187/2043 2223/2383/2223 2224/2384/2224
f 2040/2184/2040 2044/2188/2044 2225/2385/2225
f 2040/2184/2040 2225/2385/2225 2221/2381/2221
f 2038/2182/2038 2045/2189/2045 2226/2386/2226
f 2038/2182/2038 2226/2386/2226 2227/2387/2227
f 2046/2190/2046 2043/2187/2043 2224/2384/2224
f 2046/2190/2046 2224/2384/2224 2228/2388/2228
f 2045/2189/2045 2041/2185/2041 2222/2382/2222
f 2045/2189/2045 2222/2382/2222 2226/2386/2226
f 2042/2186/2042 2039/2183/2039 2229/2389/2229
f 2042/2186/2042 2229/2389/2229 2223/2383/2223
f 2047/2192/2047 2046/2191/2046 2228/2390/2228
f 2047/2192/2047 2228/2390/2228 2230/2391/2230
f 2044/2188/2044 2047/2192/2047 2230/2391/2230
f 2044/2188/2044 2230/2391/2230 2225/2385/2225
f 2039/2183/2039 2038/2182/2038 2227/2387/2227
f 2039/2183/2039 2227/2387/2227 2229/2389/2229
f 2227/2387/2227 2226/2386/2226 2231/2392/2231
f 2227/2387/2227 2231/2392/2231 2232/2393/2232
f 2228/2388/2228 2224/2384/2224 2233/2394/2233
f 2228/2388/2228 2233/2394/2233 2234/2395/2234
f 2226/2386/2226 2222/2382/2222 2235/2396/2235
f 2226/2386/2226 2235/2396/2235 2231/2392/2231
f 2223/2383/2223 2229/2389/2229 2236/2397/2236
f 2223/2383/2223 2236/2397/2236 2237/2398/2237
f 2230/2391/2230 2228/2390/2228 2234/2399/2234
f 2230/2391/2230 2234/2399/2234 2238/2400/2238
f 2225/2385/2225 2230/2391/2230 2238/2400/2238
f 2229/2389/2229 2227/2387/2227 2232/2393/2232
f 2229/2389/2229 2232/2393/2232 2236/2397/2236
f 2222/2382/2222 2221/2381/2221 2235/2396/2235
f 2224/2384/2224 2223/2383/2223 2237/2398/2237
f 2224/2384/2224 2237/2398/2237 2233/2394/2233
f 2221/2381/2221 2225/2385/2225 2238/2400/2238
f 2221/2381/2221 2238/2400/2238 2235/2396/2235
f 2234/2395/2234 2233/2394/2233 2239/2401/2239
f 2234/2395/2234 2239/2401/2239 2240/2402/2240
f 2231/2392/2231 2235/2396/2235 2241/2403/2241
f 2231/2392/2231 2241/2403/2241 2242/2404/2242
f 2237/2398/2237 2236/2397/2236 2243/2405/2243
f 2237/2398/2237 2243/2405/2243 2244/2406/2244
f 2238/2400/2238 2234/2399/2234 2240/2407/2240
f 2238/2400/2238 2240/2407/2240 2245/2408/2245
f 2236/2397/2236 2232/2393/2232 2242/2404/2242
f 2236/2397/2236 2242/2404/2242 2243/2405/2243
f 2233/2394/2233 2237/2398/2237 2244/2406/2244
f 2233/2394/2233 2244/2406/2244 2239/2401/2239
f 2235/2396/2235 2238/2400/2238 2245/2408/2245
f 2235/2396/2235 2245/2408/2245 2241/2403/2241
f 2232/2393/2232 2231/2392/2231 2242/2404/2242
f 1071/1102/1071 1070/1101/1070 2246/2409/2246
f 1071/1102/1071 2246/2409/2246 2247/2410/2247
f 1073/1104/1073 1063/1094/1063 2248/2411/2248
f 1073/1104/1073 2248/2411/2248 2249/2412/2249
f 1075/1106/1075 1067/1098/1067 2250/2413/2250
f 1075/1106/1075 2250/2413/2250 2251/2414/2251
f 1077/1108/1077 1075/1106/1075 2251/2414/2251
f 1077/1108/1077 2251/2414/2251 2252/2415/2252
f 1079/1112/1079 1073/1111/1073 2249/2416/2249
f 1079/1112/1079 2249/2416/2249 2253/2417/2253
f 1062/1093/1062 1081/1114/1081 2254/2418/2254
f 1062/1093/1062 2254/2418/2254 2255/2419/2255
f 1066/1097/1066 1083/1116/1083 2256/2420/2256
f 1066/1097/1066 2256/2420/2256 2257/2421/2257
f 1070/1101/1070 1077/1108/1077 2252/2415/2252
f 1070/1101/1070 2252/2415/2252 2246/2409/2246
f 1083/1116/1083 1079/1112/1079 2253/2417/2253
f 1083/1116/1083 2253/2417/2253 2256/2420/2256
f 1081/1114/1081 1071/1102/1071 2247/2410/2247
f 1081/1114/1081 2247/2410/2247 2254/2418/2254
f 1063/1094/1063 1062/1093/1062 2255/2419/2255
f 1063/1094/1063 2255/2419/2255 2248/2411/2248
f 1067/1098/1067 1066/1097/1066 2257/2421/2257
f 1067/1098/1067 2257/2421/2257 2250/2413/2250
f 2247/2410/2247 2246/2409/2246 2258/2422/2258
f 2247/2410/2247 2258/2422/2258 2259/2423/2259
f 2249/2412/2249 2248/2411/2248 2260/2424/2260
f 2249/2412/2249 2260/2424/2260 2261/2425/2261
f 2251/2414/2251 2250/2413/2250 2262/2426/2262
f 2251/2414/2251 2262/2426/2262 2263/2427/2263
f 2252/2415/2252 2251/2414/2251 2263/2427/2263
f 2252/2415/2252 2263/2427/2263 2258/2422/2258
f 2253/2417/2253 2249/2416/2249 2261/2428/2261
f 2253/2417/2253 2261/2428/2261 2264/2429/2264
f 2255/2419/2255 2254/2418/2254 2259/2423/2259
f 2255/2419/2255 2259/2423/2259 2265/2430/2265
f 2257/2421/2257 2256/2420/2256 2266/2431/2266
f 2257/2421/2257 2266/2431/2266 2267/2432/2267
f 2246/2409/2246 2252/2415/2252 2258/2422/2258
f 2256/2420/2256 2253/2417/2253 2264/2429/2264
f 2256/2420/2256 2264/2429/2264 2266/2431/2266
f 2254/2418/2254 2247/2410/2247 2259/2423/2259
f 2248/2411/2248 2255/2419/2255 2265/2430/2265
f 2248/2411/2248 2265/2430/2265 2260/2424/2260
f 2250/2413/2250 2257/2421/2257 2267/2432/2267
f 2250/2413/2250 2267/2432/2267 2262/2426/2262
f 2259/2423/2259 2258/2422/2258 2268/2433/2268
f 2259/2423/2259 2268/2433/2268 2269/2434/2269
f 2261/2425/2261 2260/2424/2260 2270/2435/2270
f 2263/2427/2263 2262/2426/2262 2271/2436/2271
f 2263/2427/2263 2271/2436/2271 2272/2437/2272
f 2258/2422/2258 2263/2427/2263 2272/2437/2272
f 2258/2422/2258 2272/2437/2272 2268/2433/2268
f 2264/2429/2264 2261/2428/2261 2270/2438/2270
f 2264/2429/2264 2270/2438/2270 2273/2439/2273
f 2265/2430/2265 2259/2423/2259 2274/2440/2274
f 2265/2430/2265 2274/2440/2274 2275/2441/2275
f 2267/2432/2267 2266/2431/2266 2276/2442/2276
f 2267/2432/2267 2276/2442/2276 2277/2443/2277
f 2278/2444/2278 2279/2445/2279 2280/2446/2280
f 2278/2444/2278 2280/2446/2280 2281/2447/2281
f 2266/2431/2266 2264/2429/2264 2273/2439/2273
f 2266/2431/2266 2273/2439/2273 2276/2442/2276
f 2259/2423/2259 2269/2434/2269 2274/2440/2274
f 2260/2424/2260 2265/2430/2265 2275/2441/2275
f 2260/2424/2260 2275/2441/2275 2270/2435/2270
f 2262/2426/2262 2267/2432/2267 2277/2443/2277
f 2262/2426/2262 2277/2443/2277 2271/2436/2271
f 2271/2436/2271 2277/2443/2277 2282/2448/2282
f 2271/2436/2271 2282/2448/2282 2283/2449/2283
f 2269/2434/2269 2268/2433/2268 2284/2450/2284
f 2270/2435/2270 2285/2451/2285 2286/2452/2286
f 2272/2437/2272 2271/2436/2271 2283/2449/2283
f 2272/2437/2272 2283/2449/2283 2287/2453/2287
f 2268/2433/2268 2272/2437/2272 2287/2453/2287
f 2268/2433/2268 2287/2453/2287 2284/2450/2284
f 2273/2439/2273 2270/2438/2270 2286/2454/2286
f 2273/2439/2273 2286/2454/2286 2288/2455/2288
f 2275/2441/2275 2274/2440/2274 2289/2456/2289
f 2275/2441/2275 2289/2456/2289 2285/2451/2285
f 2277/2443/2277 2276/2442/2276 2290/2457/2290
f 2277/2443/2277 2290/2457/2290 2282/2448/2282
f 2285/2451/2285 2289/2456/2289 2291/2458/2291
f 2285/2451/2285 2291/2458/2291 2292/2459/2292
f 2276/2442/2276 2273/2439/2273 2288/2455/2288
f 2276/2442/2276 2288/2455/2288 2290/2457/2290
f 2274/2440/2274 2269/2434/2269 2284/2450/2284
f 2274/2440/2274 2284/2450/2284 2289/2456/2289
f 2270/2435/2270 2275/2441/2275 2285/2451/2285
f 2243/2405/2243 2242/2404/2242 2293/2460/2293
f 2243/2405/2243 2293/2460/2293 2294/2461/2294
f 2244/2406/2244 2243/2405/2243 2294/2461/2294
f 2244/2406/2244 2294/2461/2294 2295/2462/2295
f 2245/2408/2245 2240/2407/2240 2296/2463/2296
f 2245/2408/2245 2296/2463/2296 2297/2464/2297
f 2242/2404/2242 2241/2403/2241 2298/2465/2298
f 2242/2404/2242 2298/2465/2298 2293/2460/2293
f 2241/2403/2241 2245/2408/2245 2297/2464/2297
f 2241/2403/2241 2297/2464/2297 2298/2465/2298
f 2240/2402/2240 2239/2401/2239 2299/2466/2299
f 2240/2402/2240 2299/2466/2299 2296/2467/2296
f 2239/2401/2239 2244/2406/2244 2295/2462/2295
f 2239/2401/2239 2295/2462/2295 2299/2466/2299
f 2294/2461/2294 2293/2460/2293 2300/2468/2300
f 2294/2461/2294 2300/2468/2300 2301/2469/2301
f 2296/2467/2296 2299/2466/2299 2302/2470/2302
f 2296/2467/2296 2302/2470/2302 2303/2471/2303
f 2297/2464/2297 2296/2463/2296 2303/2472/2303
f 2297/2464/2297 2303/2472/2303 2304/2473/2304
f 2295/2462/2295 2294/2461/2294 2301/2469/2301
f 2295/2462/2295 2301/2469/2301 2305/2474/2305
f 2293/2460/2293 2298/2465/2298 2306/2475/2306
f 2293/2460/2293 2306/2475/2306 2300/2468/2300
f 2299/2466/2299 2295/2462/2295 2305/2474/2305
f 2299/2466/2299 2305/2474/2305 2302/2470/2302
f 2298/2465/2298 2297/2464/2297 2304/2473/2304
f 2298/2465/2298 2304/2473/2304 2306/2475/2306
f 2300/2468/2300 2306/2475/2306 2307/2476/2307
f 2300/2468/2300 2307/2476/2307 2308/2477/2308
f 2302/2470/2302 2305/2474/2305 2309/2478/2309
f 2302/2470/2302 2309/2478/2309 2310/2479/2310
f 2306/2475/2306 2304/2473/2304 2311/2480/2311
f 2306/2475/2306 2311/2480/2311 2307/2476/2307
f 2301/2469/2301 2300/2468/2300 2308/2477/2308
f 2301/2469/2301 2308/2477/2308 2312/2481/2312
f 2303/2471/2303 2302/2470/2302 2310/2479/2310
f 2303/2471/2303 2310/2479/2310 2313/2482/2313
f 2304/2473/2304 2303/2472/2303 2313/2483/2313
f 2304/2473/2304 2313/2483/2313 2311/2480/2311
f 2305/2474/2305 2301/2469/2301 2312/2481/2312
f 2305/2474/2305 2312/2481/2312 2309/2478/2309
f 2313/2482/2313 2310/2479/2310 2314/2484/2314
f 2313/2482/2313 2314/2484/2314 2315/2485/2315
f 2311/2480/2311 2313/2483/2313 2315/2486/2315
f 2311/2480/2311 2315/2486/2315 2316/2487/2316
f 2309/2478/2309 2312/2481/2312 2317/2488/2317
f 2309/2478/2309 2317/2488/2317 2318/2489/2318
f 2308/2477/2308 2307/2476/2307 2319/2490/2319
f 2308/2477/2308 2319/2490/2319 2320/2491/2320
f 2310/2479/2310 2309/2478/2309 2318/2489/2318
f 2310/2479/2310 2318/2489/2318 2314/2484/2314
f 2307/2476/2307 2311/2480/2311 2316/2487/2316
f 2307/2476/2307 2316/2487/2316 2319/2490/2319
f 2312/2481/2312 2308/2477/2308 2320/2491/2320
f 2312/2481/2312 2320/2491/2320 2317/2488/2317
f 2319/2490/2319 2316/2487/2316 2321/2492/2321
f 2319/2490/2319 2321/2492/2321 2322/2493/2322
f 2317/2488/2317 2320/2491/2320 2323/2494/2323
f 2317/2488/2317 2323/2494/2323 2324/2495/2324
f 2315/2485/2315 2314/2484/2314 2325/2496/2325
f 2315/2485/2315 2325/2496/2325 2326/2497/2326
f 2316/2487/2316 2315/2486/2315 2326/2498/2326
f 2316/2487/2316 2326/2498/2326 2321/2492/2321
f 2318/2489/2318 2317/2488/2317 2324/2495/2324
f 2318/2489/2318 2324/2495/2324 2327/2499/2327
f 2320/2491/2320 2319/2490/2319 2322/2493/2322
f 2320/2491/2320 2322/2493/2322 2323/2494/2323
f 2314/2484/2314 2318/2489/2318 2327/2499/2327
f 2314/2484/2314 2327/2499/2327 2325/2496/2325
f 2288/2455/2288 2286/2454/2286 2328/2500/2328
f 2288/2455/2288 2328/2500/2328 2329/2501/2329
f 2283/2449/2283 2282/2448/2282 2330/2502/2330
f 2283/2449/2283 2330/2502/2330 2331/2503/2331
f 2289/2456/2289 2284/2450/2284 2332/2504/2332
f 2289/2456/2289 2332/2504/2332 2291/2458/2291
f 2290/2457/2290 2288/2455/2288 2329/2501/2329
f 2290/2457/2290 2329/2501/2329 2333/2505/2333
f 2287/2453/2287 2283/2449/2283 2331/2503/2331
f 2287/2453/2287 2331/2503/2331 2334/2506/2334
f 2286/2452/2286 2285/2451/2285 2292/2459/2292
f 2286/2452/2286 2292/2459/2292 2328/2507/2328
f 2284/2450/2284 2287/2453/2287 2334/2506/2334
f 2284/2450/2284 2334/2506/2334 2332/2504/2332
f 2282/2448/2282 2290/2457/2290 2333/2505/2333
f 2282/2448/2282 2333/2505/2333 2330/2502/2330
f 2334/2506/2334 2331/2503/2331 2335/2508/2335
f 2334/2506/2334 2335/2508/2335 2336/2509/2336
f 2331/2503/2331 2330/2502/2330 2337/2510/2337
f 2331/2503/2331 2337/2510/2337 2335/2508/2335
f 2328/2507/2328 2292/2459/2292 2338/2511/2338
f 2328/2507/2328 2338/2511/2338 2339/2512/2339
f 2330/2502/2330 2333/2505/2333 2340/2513/2340
f 2330/2502/2330 2340/2513/2340 2337/2510/2337
f 2332/2504/2332 2334/2506/2334 2336/2509/2336
f 2332/2504/2332 2336/2509/2336 2341/2514/2341
f 2329/2501/2329 2328/2500/2328 2339/2515/2339
f 2329/2501/2329 2339/2515/2339 2342/2516/2342
f 2333/2505/2333 2329/2501/2329 2342/2516/2342
f 2333/2505/2333 2342/2516/2342 2340/2513/2340
f 2292/2459/2292 2291/2458/2291 2343/2517/2343
f 2292/2459/2292 2343/2517/2343 2338/2511/2338
f 2291/2458/2291 2332/2504/2332 2341/2514/2341
f 2291/2458/2291 2341/2514/2341 2343/2517/2343
f 2336/2518/2336 2335/2519/2335 2344/2520/2344
f 2339/2521/2339 2345/2522/2345 2346/2523/2346
f 2343/2524/2343 2341/2525/2341 2347/2526/2347
f 2343/2524/2343 2347/2526/2347 2345/2522/2345
f 2335/2519/2335 2337/2527/2337 2348/2528/2348
f 2335/2519/2335 2348/2528/2348 2344/2520/2344
f 2337/2527/2337 2340/2529/2340 2349/2530/2349
f 2337/2527/2337 2349/2530/2349 2348/2528/2348
f 2339/2521/2339 2338/2531/2338 2345/2522/2345
f 2341/2525/2341 2336/2518/2336 2344/2520/2344
f 2341/2525/2341 2344/2520/2344 2347/2526/2347
f 2340/2529/2340 2342/2532/2342 2349/2530/2349
f 2338/2531/2338 2343/2524/2343 2345/2522/2345
f 2342/2532/2342 2339/2521/2339 2346/2523/2346
f 2349/2530/2349 2342/2532/2342 2346/2523/2346
f 2345/2522/2345 2347/2526/2347 2350/2533/2350
f 2345/2522/2345 2350/2533/2350 2351/2534/2351
f 2349/2530/2349 2346/2523/2346 2352/2535/2352
f 2349/2530/2349 2352/2535/2352 2353/2536/2353
f 2346/2523/2346 2345/2522/2345 2351/2534/2351
f 2346/2523/2346 2351/2534/2351 2352/2535/2352
f 2347/2526/2347 2344/2520/2344 2354/2537/2354
f 2347/2526/2347 2354/2537/2354 2350/2533/2350
f 2344/2520/2344 2348/2528/2348 2355/2538/2355
f 2344/2520/2344 2355/2538/2355 2354/2537/2354
f 2348/2528/2348 2349/2530/2349 2353/2536/2353
f 2348/2528/2348 2353/2536/2353 2355/2538/2355
f 2353/2536/2353 2350/2533/2350 2354/2537/2354
f 2353/2536/2353 2354/2537/2354 2355/2538/2355
f 2353/2536/2353 2352/2535/2352 2351/2534/2351
f 2353/2536/2353 2351/2534/2351 2350/2533/2350
f 2211/2369/2211 2210/2368/2210 2356/2539/2356
f 2211/2369/2211 2356/2539/2356 2357/2540/2357
f 2215/2373/2215 2211/2369/2211 2357/2540/2357
f 2215/2373/2215 2357/2540/2357 2358/2541/2358
f 2204/2362/2204 2207/2365/2207 2359/2542/2359
f 2204/2362/2204 2359/2542/2359 2360/2543/2360
f 2220/2380/2220 2205/2363/2205 2361/2544/2361
f 2220/2380/2220 2361/2544/2361 2362/2545/2362
f 2207/2365/2207 2213/2371/2213 2363/2546/2363
f 2207/2365/2207 2363/2546/2363 2359/2542/2359
f 2200/2358/2200 2364/2547/2364 2356/2539/2356
f 2200/2358/2200 2356/2539/2356 2210/2368/2210
f 2199/2376/2199 2217/2375/2217 2365/2548/2365
f 2199/2376/2199 2365/2548/2365 2366/2549/2366
f 2217/2375/2217 2220/2380/2220 2362/2545/2362
f 2217/2375/2217 2362/2545/2362 2365/2548/2365
f 2199/2357/2199 2366/2550/2366 2364/2547/2364
f 2199/2357/2199 2364/2547/2364 2200/2358/2200
f 2205/2363/2205 2204/2362/2204 2360/2543/2360
f 2205/2363/2205 2360/2543/2360 2361/2544/2361
f 2213/2371/2213 2215/2373/2215 2358/2541/2358
f 2213/2371/2213 2358/2541/2358 2363/2546/2363
f 2363/2546/2363 2358/2541/2358 2367/2551/2367
f 2363/2546/2363 2367/2551/2367 2368/2552/2368
f 2366/2549/2366 2365/2548/2365 2369/2553/2369
f 2366/2549/2366 2369/2553/2369 2370/2554/2370
f 2364/2547/2364 2371/2555/2371 2372/2556/2372
f 2364/2547/2364 2372/2556/2372 2356/2539/2356
f 2362/2545/2362 2361/2544/2361 2373/2557/2373
f 2362/2545/2362 2373/2557/2373 2374/2558/2374
f 2358/2541/2358 2357/2540/2357 2375/2559/2375
f 2358/2541/2358 2375/2559/2375 2367/2551/2367
f 2360/2543/2360 2359/2542/2359 2376/2560/2376
f 2360/2543/2360 2376/2560/2376 2377/2561/2377
f 2361/2544/2361 2360/2543/2360 2377/2561/2377
f 2361/2544/2361 2377/2561/2377 2373/2557/2373
f 2365/2548/2365 2362/2545/2362 2374/2558/2374
f 2365/2548/2365 2374/2558/2374 2369/2553/2369
f 2359/2542/2359 2363/2546/2363 2368/2552/2368
f 2359/2542/2359 2368/2552/2368 2376/2560/2376
f 2357/2540/2357 2356/2539/2356 2372/2556/2372
f 2357/2540/2357 2372/2556/2372 2375/2559/2375
f 2366/2550/2366 2370/2562/2370 2371/2555/2371
f 2366/2550/2366 2371/2555/2371 2364/2547/2364
f 2373/2557/2373 2377/2561/2377 2378/2563/2378
f 2373/2557/2373 2378/2563/2378 2379/2564/2379
f 2369/2553/2369 2374/2558/2374 2380/2565/2380
f 2369/2553/2369 2380/2565/2380 2381/2566/2381
f 2376/2560/2376 2368/2552/2368 2382/2567/2382
f 2376/2560/2376 2382/2567/2382 2383/2568/2383
f 2375/2559/2375 2372/2556/2372 2384/2569/2384
f 2375/2559/2375 2384/2569/2384 2385/2570/2385
f 2370/2562/2370 2386/2571/2386 2387/2572/2387
f 2370/2562/2370 2387/2572/2387 2371/2555/2371
f 2368/2552/2368 2367/2551/2367 2388/2573/2388
f 2368/2552/2368 2388/2573/2388 2382/2567/2382
f 2370/2554/2370 2369/2553/2369 2381/2566/2381
f 2370/2554/2370 2381/2566/2381 2386/2574/2386
f 2371/2555/2371 2387/2572/2387 2384/2569/2384
f 2371/2555/2371 2384/2569/2384 2372/2556/2372
f 2374/2558/2374 2373/2557/2373 2379/2564/2379
f 2374/2558/2374 2379/2564/2379 2380/2565/2380
f 2367/2551/2367 2375/2559/2375 2385/2570/2385
f 2367/2551/2367 2385/2570/2385 2388/2573/2388
f 2377/2561/2377 2376/2560/2376 2383/2568/2383
f 2377/2561/2377 2383/2568/2383 2378/2563/2378
f 2386/2574/2386 2381/2566/2381 2389/2575/2389
f 2386/2574/2386 2389/2575/2389 2390/2576/2390
f 2387/2572/2387 2391/2577/2391 2392/2578/2392
f 2387/2572/2387 2392/2578/2392 2384/2569/2384
f 2380/2565/2380 2379/2564/2379 2393/2579/2393
f 2380/2565/2380 2393/2579/2393 2394/2580/2394
f 2388/2573/2388 2385/2570/2385 2395/2581/2395
f 2388/2573/2388 2395/2581/2395 2396/2582/2396
f 2378/2563/2378 2383/2568/2383 2397/2583/2397
f 2378/2563/2378 2397/2583/2397 2398/2584/2398
f 2379/2564/2379 2378/2563/2378 2398/2584/2398
f 2379/2564/2379 2398/2584/2398 2393/2579/2393
f 2381/2566/2381 2380/2565/2380 2394/2580/2394
f 2381/2566/2381 2394/2580/2394 2389/2575/2389
f 2383/2568/2383 2382/2567/2382 2399/2585/2399
f 2383/2568/2383 2399/2585/2399 2397/2583/2397
f 2385/2570/2385 2384/2569/2384 2392/2578/2392
f 2385/2570/2385 2392/2578/2392 2395/2581/2395
f 2386/2571/2386 2390/2576/2390 2391/2577/2391
f 2386/2571/2386 2391/2577/2391 2387/2572/2387
f 2382/2567/2382 2388/2573/2388 2396/2582/2396
f 2382/2567/2382 2396/2582/2396 2399/2585/2399
f 2389/2575/2389 2394/2580/2394 2400/2586/2400
f 2389/2575/2389 2400/2586/2400 2279/2445/2279
f 2397/2583/2397 2399/2585/2399 2401/2587/2401
f 2397/2583/2397 2401/2587/2401 2402/2588/2402
f 2395/2581/2395 2392/2578/2392 2403/2589/2403
f 2395/2581/2395 2403/2589/2403 2404/2590/2404
f 2390/2576/2390 2278/2444/2278 2405/2591/2405
f 2390/2576/2390 2405/2591/2405 2391/2577/2391
f 2399/2585/2399 2396/2582/2396 2406/2592/2406
f 2399/2585/2399 2406/2592/2406 2401/2587/2401
f 2390/2576/2390 2389/2575/2389 2279/2445/2279
f 2390/2576/2390 2279/2445/2279 2278/2444/2278
f 2391/2577/2391 2405/2591/2405 2403/2589/2403
f 2391/2577/2391 2403/2589/2403 2392/2578/2392
f 2394/2580/2394 2393/2579/2393 2407/2593/2407
f 2394/2580/2394 2407/2593/2407 2400/2586/2400
f 2396/2582/2396 2395/2581/2395 2404/2590/2404
f 2396/2582/2396 2404/2590/2404 2406/2592/2406
f 2398/2584/2398 2397/2583/2397 2402/2588/2402
f 2398/2584/2398 2402/2588/2402 2408/2594/2408
f 2393/2579/2393 2398/2584/2398 2408/2594/2408
f 2393/2579/2393 2408/2594/2408 2407/2593/2407
f 2405/2591/2405 2409/2595/2409 2403/2589/2403
f 2400/2586/2400 2407/2593/2407 2410/2596/2410
f 2406/2592/2406 2404/2590/2404 2409/2595/2409
f 2406/2592/2406 2409/2595/2409 2411/2597/2411
f 2408/2594/2408 2402/2588/2402 2412/2598/2412
f 2408/2594/2408 2412/2598/2412 2410/2596/2410
f 2407/2593/2407 2408/2594/2408 2410/2596/2410
f 2279/2445/2279 2400/2586/2400 2410/2596/2410
f 2279/2445/2279 2410/2596/2410 2280/2446/2280
f 2402/2588/2402 2401/2587/2401 2413/2599/2413
f 2402/2588/2402 2413/2599/2413 2412/2598/2412
f 2404/2590/2404 2403/2589/2403 2409/2595/2409
f 2278/2444/2278 2281/2447/2281 2409/2595/2409
f 2278/2444/2278 2409/2595/2409 2405/2591/2405
f 2401/2587/2401 2406/2592/2406 2411/2597/2411
f 2401/2587/2401 2411/2597/2411 2413/2599/2413
f 2280/2446/2280 2410/2596/2410 2412/2598/2412
f 2281/2447/2281 2280/2446/2280 2412/2598/2412
f 2281/2447/2281 2412/2598/2412 2413/2599/2413
f 2409/2595/2409 2281/2447/2281 2413/2599/2413
f 2409/2595/2409 2413/2599/2413 2411/2597/2411
f 2322/2493/2322 2321/2492/2321 2414/2600/2414
f 2322/2493/2322 2414/2600/2414 2415/2601/2415
f 2324/2495/2324 2323/2494/2323 2416/2602/2416
f 2324/2495/2324 2416/2602/2416 2417/2603/2417
f 2326/2497/2326 2325/2496/2325 2418/2604/2418
f 2326/2497/2326 2418/2604/2418 2419/2605/2419
f 2321/2492/2321 2326/2498/2326 2419/2606/2419
f 2321/2492/2321 2419/2606/2419 2414/2600/2414
f 2327/2499/2327 2324/2495/2324 2417/2603/2417
f 2327/2499/2327 2417/2603/2417 2420/2607/2420
f 2323/2494/2323 2322/2493/2322 2415/2601/2415
f 2323/2494/2323 2415/2601/2415 2416/2602/2416
f 2325/2496/2325 2327/2499/2327 2420/2607/2420
f 2325/2496/2325 2420/2607/2420 2418/2604/2418
f 2417/2608/2417 2416/2609/2416 2421/2610/2421
f 2417/2608/2417 2421/2610/2421 2422/2611/2422
f 2419/2612/2419 2418/2613/2418 2423/2614/2423
f 2419/2612/2419 2423/2614/2423 2424/2615/2424
f 2414/2616/2414 2419/2612/2419 2424/2615/2424
f 2414/2616/2414 2424/2615/2424 2425/2617/2425
f 2420/2618/2420 2417/2608/2417 2422/2611/2422
f 2420/2618/2420 2422/2611/2422 2426/2619/2426
f 2416/2609/2416 2415/2620/2415 2421/2610/2421
f 2418/2613/2418 2420/2618/2420 2426/2619/2426
f 2418/2613/2418 2426/2619/2426 2423/2614/2423
f 2415/2620/2415 2414/2616/2414 2425/2617/2425
f 2415/2620/2415 2425/2617/2425 2421/2610/2421
f 2422/2611/2422 2421/2610/2421 2427/2621/2427
f 2422/2611/2422 2427/2621/2427 2428/2622/2428
f 2423/2614/2423 2426/2619/2426 2429/2623/2429
f 2423/2614/2423 2429/2623/2429 2430/2624/2430
f 2421/2610/2421 2425/2617/2425 2431/2625/2431
f 2421/2610/2421 2431/2625/2431 2427/2621/2427
f 2424/2615/2424 2423/2614/2423 2430/2624/2430
f 2424/2615/2424 2430/2624/2430 2432/2626/2432
f 2425/2617/2425 2424/2615/2424 2432/2626/2432
f 2425/2617/2425 2432/2626/2432 2431/2625/2431
f 2426/2619/2426 2422/2611/2422 2428/2622/2428
f 2426/2619/2426 2428/2622/2428 2429/2623/2429
f 2428/2622/2428 2432/2626/2432 2430/2624/2430
f 2428/2622/2428 2430/2624/2430 2429/2623/2429
f 2432/2626/2432 2428/2622/2428 2427/2621/2427
f 2432/2626/2432 2427/2621/2427 2431/2625/2431
f 1748/1849/1748 1747/1848/1747 2433/2627/2433
f 1748/1849/1748 2433/2627/2433 2434/2628/2434
f 1742/1843/1742 1748/1849/1748 2434/2628/2434
f 1742/1843/1742 2434/2628/2434 2435/2629/2435
f 2434/2628/2434 2433/2627/2433 2436/2630/2436
f 2434/2628/2434 2436/2630/2436 2437/2631/2437
f 2435/2629/2435 2434/2628/2434 2437/2631/2437
f 2435/2629/2435 2437/2631/2437 2438/2632/2438
f 1745/1846/1745 2433/2627/2433 1747/1848/1747
f 1745/1846/1745 1747/1848/1747 1746/1847/1746
f 1744/1845/1744 2436/2630/2436 2433/2627/2433
f 1744/1845/1744 2433/2627/2433 1745/1846/1745
f 2435/2629/2435 2438/2632/2438 1749/1850/1749
f 2435/2629/2435 1749/1850/1749 1743/1844/1743
f 1742/1843/1742 2435/2629/2435 1743/1844/1743
f 1581/1678/1581 1783/1885/1783 2439/2633/2439
f 1581/1678/1581 2439/2633/2439 2440/2634/2440
f 1580/1677/1580 1579/1676/1579 2441/2635/2441
f 1580/1677/1580 2441/2635/2441 2442/2636/2442
f 1582/1679/1582 1581/1678/1581 2440/2634/2440
f 1582/1679/1582 2440/2634/2440 2443/2637/2443
f 1579/1676/1579 1582/1679/1582 2443/2637/2443
f 1579/1676/1579 2443/2637/2443 2441/2635/2441
f 1578/1675/1578 1577/1674/1577 2444/2638/2444
f 1578/1675/1578 2444/2638/2444 2445/2639/2445
f 1577/1674/1577 1580/1677/1580 2442/2636/2442
f 1577/1674/1577 2442/2636/2442 2444/2638/2444
f 1578/1675/1578 2445/2639/2445 1865/1977/1865
f 1578/1675/1578 1865/1977/1865 1575/1672/1575
f 1537/1634/1537 1536/1633/1536 2446/2640/2446
f 1537/1634/1537 2446/2640/2446 2447/2641/2447
f 1786/1888/1786 1781/1883/1781 2448/2642/2448
f 1786/1888/1786 2448/2642/2448 2449/2643/2449
f 1541/1638/1541 1540/1637/1540 2450/2644/2450
f 1541/1638/1541 2450/2644/2450 2451/2645/2451
f 1781/1883/1781 1780/1882/1780 2452/2646/2452
f 1781/1883/1781 2452/2646/2452 2448/2642/2448
f 1790/1892/1790 1792/1894/1792 2453/2647/2453
f 1790/1892/1790 2453/2647/2453 2454/2648/2454
f 1780/1882/1780 1542/1639/1542 2455/2649/2455
f 1780/1882/1780 2455/2649/2455 2452/2646/2452
f 1538/1635/1538 1537/1634/1537 2447/2641/2447
f 1538/1635/1538 2447/2641/2447 2456/2650/2456
f 1536/1633/1536 1535/1632/1535 2457/2651/2457
f 1536/1633/1536 2457/2651/2457 2446/2640/2446
f 1540/1637/1540 1539/1636/1539 2458/2652/2458
f 1540/1637/1540 2458/2652/2458 2450/2644/2450
f 1539/1636/1539 1538/1635/1538 2456/2650/2456
f 1539/1636/1539 2456/2650/2456 2458/2652/2458
f 1792/1894/1792 1786/1888/1786 2449/2643/2449
f 1792/1894/1792 2449/2643/2449 2453/2647/2453
f 1542/1639/1542 1541/1638/1541 2451/2645/2451
f 1542/1639/1542 2451/2645/2451 2455/2649/2455
f 1535/1632/1535 1543/1640/1543 2459/2653/2459
f 1535/1632/1535 2459/2653/2459 2457/2651/2457
f 1790/1892/1790 2454/2648/2454 2439/2633/2439
f 1790/1892/1790 2439/2633/2439 1783/1885/1783
f 2455/2649/2455 2451/2645/2451 2460/2654/2460
f 2455/2649/2455 2460/2654/2460 2461/2655/2461
f 2456/2650/2456 2447/2641/2447 2462/2656/2462
f 2456/2650/2456 2462/2656/2462 2463/2657/2463
f 2452/2646/2452 2455/2649/2455 2461/2655/2461
f 2452/2646/2452 2461/2655/2461 2464/2658/2464
f 2447/2641/2447 2446/2640/2446 2465/2659/2465
f 2447/2641/2447 2465/2659/2465 2462/2656/2462
f 2450/2644/2450 2458/2652/2458 2466/2660/2466
f 2450/2644/2450 2466/2660/2466 2467/2661/2467
f 2446/2640/2446 2457/2651/2457 2468/2662/2468
f 2446/2640/2446 2468/2662/2468 2465/2659/2465
f 2451/2645/2451 2450/2644/2450 2467/2661/2467
f 2451/2645/2451 2467/2661/2467 2460/2654/2460
f 2458/2652/2458 2456/2650/2456 2463/2657/2463
f 2458/2652/2458 2463/2657/2463 2466/2660/2466
f 2439/2633/2439 2454/2648/2454 2469/2663/2469
f 2439/2633/2439 2469/2663/2469 2470/2664/2470
f 2454/2648/2454 2453/2647/2453 2471/2665/2471
f 2454/2648/2454 2471/2665/2471 2469/2663/2469
f 2453/2647/2453 2449/2643/2449 2472/2666/2472
f 2453/2647/2453 2472/2666/2472 2471/2665/2471
f 2472/2666/2472 2449/2643/2449 2448/2642/2448
f 2448/2642/2448 2452/2646/2452 2464/2658/2464
f 2464/2658/2464 2472/2666/2472 2448/2642/2448
f 2444/2638/2444 2442/2636/2442 2473/2667/2473
f 2444/2638/2444 2473/2667/2473 2474/2668/2474
f 2442/2636/2442 2441/2635/2441 2475/2669/2475
f 2442/2636/2442 2475/2669/2475 2473/2667/2473
f 2441/2635/2441 2443/2637/2443 2476/2670/2476
f 2441/2635/2441 2476/2670/2476 2475/2669/2475
f 1865/1977/1865 2445/2639/2445 2477/2671/2477
f 1865/1977/1865 2477/2671/2477 2478/2672/2478
f 2445/2639/2445 2444/2638/2444 2474/2668/2474
f 2445/2639/2445 2474/2668/2474 2477/2671/2477
f 2439/2633/2439 2470/2664/2470 2440/2634/2440
f 2440/2634/2440 2470/2664/2470 2476/2670/2476
f 2440/2634/2440 2476/2670/2476 2443/2637/2443
f 2463/2673/2463 2462/2674/2462 2479/2675/2479
f 2463/2673/2463 2479/2675/2479 2480/2676/2480
f 2475/2669/2475 2476/2670/2476 2481/2677/2481
f 2475/2669/2475 2481/2677/2481 2482/2678/2482
f 2461/2655/2461 2460/2654/2460 2483/2679/2483
f 2461/2655/2461 2483/2679/2483 2484/2680/2484
f 2477/2671/2477 2474/2668/2474 2485/2681/2485
f 2477/2671/2477 2485/2681/2485 2486/2682/2486
f 2467/2683/2467 2466/2684/2466 2487/2685/2487
f 2467/2683/2467 2487/2685/2487 2488/2686/2488
f 2460/2654/2460 2467/2661/2467 2488/2687/2488
f 2460/2654/2460 2488/2687/2488 2483/2679/2483
f 2473/2667/2473 2475/2669/2475 2482/2678/2482
f 2473/2667/2473 2482/2678/2482 2489/2688/2489
f 2478/2672/2478 2477/2671/2477 2486/2682/2486
f 2478/2672/2478 2486/2682/2486 2490/2689/2490
f 2472/2666/2472 2464/2658/2464 2491/2690/2491
f 2472/2666/2472 2491/2690/2491 2492/2691/2492
f 2476/2670/2476 2470/2664/2470 2493/2692/2493
f 2476/2670/2476 2493/2692/2493 2481/2677/2481
f 2471/2665/2471 2472/2666/2472 2492/2691/2492
f 2471/2665/2471 2492/2691/2492 2494/2693/2494
f 2462/2674/2462 2465/2694/2465 2495/2695/2495
f 2462/2674/2462 2495/2695/2495 2479/2675/2479
f 2464/2658/2464 2461/2655/2461 2484/2680/2484
f 2464/2658/2464 2484/2680/2484 2491/2690/2491
f 2466/2684/2466 2463/2673/2463 2480/2676/2480
f 2466/2684/2466 2480/2676/2480 2487/2685/2487
f 2469/2663/2469 2471/2665/2471 2494/2693/2494
f 2469/2663/2469 2494/2693/2494 2496/2696/2496
f 2465/2694/2465 2468/2697/2468 2497/2698/2497
f 2465/2694/2465 2497/2698/2497 2495/2695/2495
f 2470/2664/2470 2469/2663/2469 2496/2696/2496
f 2470/2664/2470 2496/2696/2496 2493/2692/2493
f 2474/2668/2474 2473/2667/2473 2489/2688/2489
f 2474/2668/2474 2489/2688/2489 2485/2681/2485
f 2497/2698/2497 2490/2699/2490 2495/2695/2495
f 2479/2675/2479 2495/2695/2495 2490/2699/2490
f 2479/2675/2479 2490/2699/2490 2486/2700/2486
f 2480/2676/2480 2479/2675/2479 2486/2700/2486
f 2480/2676/2480 2486/2700/2486 2485/2701/2485
f 2480/2676/2480 2485/2701/2485 2487/2685/2487
f 2488/2686/2488 2487/2685/2487 2485/2701/2485
f 2488/2686/2488 2485/2701/2485 2489/2702/2489
f 2483/2703/2483 2488/2686/2488 2489/2702/2489
f 2483/2703/2483 2489/2702/2489 2482/2704/2482
f 2484/2705/2484 2483/2703/2483 2482/2704/2482
f 2484/2705/2484 2482/2704/2482 2481/2706/2481
f 2496/2707/2496 2491/2708/2491 2481/2706/2481
f 2492/2709/2492 2491/2708/2491 2494/2710/2494
f 2491/2708/2491 2484/2705/2484 2481/2706/2481
f 2494/2710/2494 2491/2708/2491 2496/2707/2496
f 2481/2706/2481 2493/2711/2493 2496/2707/2496
f 1851/1963/1851 1856/1968/1856 2498/2712/2498
f 1851/1963/1851 2498/2712/2498 2499/2713/2499
f 1863/2714/1863 1866/2715/1866 2500/2716/2500
f 1863/2714/1863 2500/2716/2500 2501/2717/2501
f 1856/1968/1856 1855/1967/1855 2502/2718/2502
f 1856/1968/1856 2502/2718/2502 2498/2712/2498
f 1857/2719/1857 1863/2714/1863 2501/2717/2501
f 1857/2719/1857 2501/2717/2501 2503/2720/2503
f 1855/1967/1855 1864/1976/1864 2504/2721/2504
f 1855/1967/1855 2504/2721/2504 2502/2718/2502
f 1852/2722/1852 1851/2723/1851 2499/2724/2499
f 1852/2722/1852 2499/2724/2499 2505/2725/2505
f 1866/2715/1866 1852/2722/1852 2505/2725/2505
f 1866/2715/1866 2505/2725/2505 2500/2716/2500
f 1864/1976/1864 1865/1977/1865 2478/2672/2478
f 1864/1976/1864 2478/2672/2478 2504/2721/2504
f 1766/1867/1766 2459/2653/2459 1543/1640/1543
f 1766/1867/1766 1543/1640/1543 1546/1643/1546
f 1766/1867/1766 1454/1546/1454 1772/1873/1772
f 1766/1867/1766 1772/1873/1772 1839/2726/1839
f 2506/2727/2506 2459/2653/2459 1766/1867/1766
f 2506/2727/2506 1766/1867/1766 1839/2726/1839
f 2507/2728/2507 2506/2729/2506 1839/1941/1839
f 2507/2728/2507 1839/1941/1839 1841/1944/1841
f 2468/2662/2468 2457/2651/2457 2459/2653/2459
f 2468/2662/2468 2459/2653/2459 2506/2727/2506
f 2497/2698/2497 2468/2697/2468 2506/2729/2506
f 2497/2698/2497 2506/2729/2506 2507/2728/2507
f 2499/2713/2499 2498/2712/2498 2508/2730/2508
f 2499/2713/2499 2508/2730/2508 2509/2731/2509
f 2498/2712/2498 2502/2718/2502 2510/2732/2510
f 2498/2712/2498 2510/2732/2510 2508/2730/2508
f 2502/2718/2502 2504/2721/2504 2511/2733/2511
f 2502/2718/2502 2511/2733/2511 2510/2732/2510
f 2504/2721/2504 2478/2672/2478 2512/2734/2512
f 2504/2721/2504 2512/2734/2512 2511/2733/2511
f 2478/2672/2478 2490/2689/2490 2512/2734/2512
f 2490/2699/2490 2497/2698/2497 2512/2735/2512
f 2511/2736/2511 2512/2735/2512 2497/2698/2497
f 2511/2736/2511 2497/2698/2497 2507/2728/2507
f 2510/2737/2510 2511/2736/2511 2507/2728/2507
f 2510/2737/2510 2507/2728/2507 1841/1944/1841
f 2508/2738/2508 2510/2737/2510 1841/1944/1841
f 2508/2738/2508 1841/1944/1841 1840/1943/1840
f 2509/2739/2509 2508/2740/2508 1840/1962/1840
f 2509/2739/2509 1840/1962/1840 1848/1956/1848
f 1899/2013/1899 1904/2018/1904 2513/2741/2513
f 1899/2013/1899 2513/2741/2513 2514/2742/2514
f 1893/2007/1893 1892/2006/1892 2515/2743/2515
f 1893/2007/1893 2515/2743/2515 2516/2744/2516
f 1895/2009/1895 1894/2008/1894 2517/2745/2517
f 1895/2009/1895 2517/2745/2517 2518/2746/2518
f 1904/2018/1904 1896/2010/1896 2519/2747/2519
f 1904/2018/1904 2519/2747/2519 2513/2741/2513
f 1896/2010/1896 1893/2007/1893 2516/2744/2516
f 1896/2010/1896 2516/2744/2516 2519/2747/2519
f 1892/2006/1892 1895/2009/1895 2518/2746/2518
f 1892/2006/1892 2518/2746/2518 2515/2743/2515
f 2516/2748/2516 2515/2749/2515 2520/2750/2520
f 2516/2748/2516 2520/2750/2520 2521/2751/2521
f 2518/2752/2518 2517/2753/2517 2522/2754/2522
f 2518/2752/2518 2522/2754/2522 2523/2755/2523
f 2513/2756/2513 2519/2757/2519 2524/2758/2524
f 2513/2756/2513 2524/2758/2524 2525/2759/2525
f 2519/2757/2519 2516/2748/2516 2521/2751/2521
f 2519/2757/2519 2521/2751/2521 2524/2758/2524
f 2515/2749/2515 2518/2752/2518 2523/2755/2523
f 2515/2749/2515 2523/2755/2523 2520/2750/2520
f 2514/2760/2514 2513/2756/2513 2525/2759/2525
f 2514/2760/2514 2525/2759/2525 2526/2761/2526
f 1836/1938/1836 1835/1937/1835 2527/2762/2527
f 1836/1938/1836 2527/2762/2527 2528/2763/2528
f 1835/1937/1835 1834/1936/1834 2529/2764/2529
f 1835/1937/1835 2529/2764/2529 2527/2762/2527
f 1837/1939/1837 1836/1938/1836 2528/2763/2528
f 1837/1939/1837 2528/2763/2528 2530/2765/2530
f 1834/1936/1834 1833/1935/1833 2531/2766/2531
f 1834/1936/1834 2531/2766/2531 2529/2764/2529
f 2532/2767/2532 1838/1940/1838 1837/1939/1837
f 2532/2767/2532 1837/1939/1837 2530/2765/2530
f 1901/2015/1901 1903/2017/1903 2533/2768/2533
f 1901/2015/1901 2533/2768/2533 2534/2769/2534
f 1898/2012/1898 1897/2011/1897 2535/2770/2535
f 1898/2012/1898 2535/2770/2535 2536/2771/2536
f 1902/2016/1902 1901/2015/1901 2534/2769/2534
f 1902/2016/1902 2534/2769/2534 2537/2772/2537
f 1897/2011/1897 1902/2016/1902 2537/2772/2537
f 1897/2011/1897 2537/2772/2537 2535/2770/2535
f 2537/2772/2537 2534/2769/2534 2538/2773/2538
f 2537/2772/2537 2538/2773/2538 2539/2774/2539
f 2535/2770/2535 2537/2772/2537 2539/2774/2539
f 2535/2770/2535 2539/2774/2539 2540/2775/2540
f 2536/2771/2536 2535/2770/2535 2540/2775/2540
f 2536/2771/2536 2540/2775/2540 2531/2766/2531
f 2534/2769/2534 2533/2768/2533 2514/2742/2514
f 2534/2769/2534 2514/2742/2514 2538/2773/2538
f 2526/2776/2526 2539/2774/2539 2538/2773/2538
f 2526/2776/2526 2538/2773/2538 2514/2742/2514
f 2540/2775/2540 2539/2774/2539 2526/2776/2526
f 2540/2775/2540 2526/2776/2526 2531/2766/2531
f 2531/2766/2531 1833/1935/1833 1905/2019/1905
f 1833/1935/1833 1831/1933/1831 1905/2019/1905
f 1905/2019/1905 1898/2012/1898 2536/2771/2536
f 2536/2771/2536 2531/2766/2531 1905/2019/1905
f 2533/2768/2533 1903/2017/1903 1900/2014/1900
f 1900/2014/1900 1899/2013/1899 2514/2742/2514
f 2514/2742/2514 2533/2768/2533 1900/2014/1900
f 2529/2777/2529 2531/2778/2531 2526/2761/2526
f 2529/2777/2529 2526/2761/2526 2525/2759/2525
f 2527/2779/2527 2529/2777/2529 2525/2759/2525
f 2527/2779/2527 2525/2759/2525 2524/2758/2524
f 2528/2780/2528 2527/2779/2527 2524/2758/2524
f 2528/2780/2528 2524/2758/2524 2521/2751/2521
f 2530/2781/2530 2528/2780/2528 2521/2751/2521
f 2530/2781/2530 2521/2751/2521 2520/2750/2520
f 2520/2750/2520 2523/2755/2523 2530/2781/2530
f 2532/2782/2532 2530/2781/2530 2523/2755/2523
f 2532/2782/2532 2523/2755/2523 2522/2754/2522
f 1696/1794/1696 1701/1799/1701 2541/2783/2541
f 1696/1794/1696 2541/2783/2541 2542/2784/2542
f 1668/1766/1668 1689/1787/1689 2543/2785/2543
f 1668/1766/1668 2543/2785/2543 2544/2786/2544
f 1669/1767/1669 1668/1766/1668 2544/2786/2544
f 1669/1767/1669 2544/2786/2544 2545/2787/2545
f 1689/1787/1689 1696/1794/1696 2542/2784/2542
f 1689/1787/1689 2542/2784/2542 2543/2785/2543
f 1368/1458/1368 1669/1767/1669 2545/2787/2545
f 1368/1458/1368 2545/2787/2545 2546/2788/2546
f 1367/1457/1367 1368/1458/1368 2546/2788/2546
f 1367/1457/1367 2546/2788/2546 2547/2789/2547
f 1366/1456/1366 1367/1457/1367 2547/2789/2547
f 1366/1456/1366 2547/2789/2547 1888/2001/1888
f 1701/1799/1701 1707/1805/1707 2548/2790/2548
f 1701/1799/1701 2548/2790/2548 2541/2783/2541
f 2545/2787/2545 2544/2786/2544 2549/2791/2549
f 2545/2787/2545 2549/2791/2549 2550/2792/2550
f 1888/2001/1888 2547/2789/2547 2551/2793/2551
f 1888/2001/1888 2551/2793/2551 2552/2794/2552
f 2541/2783/2541 2548/2790/2548 2553/2795/2553
f 2541/2783/2541 2553/2795/2553 2554/2796/2554
f 2543/2785/2543 2542/2784/2542 2555/2797/2555
f 2543/2785/2543 2555/2797/2555 2556/2798/2556
f 2546/2788/2546 2545/2787/2545 2550/2792/2550
f 2546/2788/2546 2550/2792/2550 2557/2799/2557
f 2547/2789/2547 2546/2788/2546 2557/2799/2557
f 2547/2789/2547 2557/2799/2557 2551/2793/2551
f 2542/2784/2542 2541/2783/2541 2554/2796/2554
f 2542/2784/2542 2554/2796/2554 2555/2797/2555
f 2544/2786/2544 2543/2785/2543 2556/2798/2556
f 2544/2786/2544 2556/2798/2556 2549/2791/2549
f 1912/2026/1912 1911/2025/1911 2558/2800/2558
f 1912/2026/1912 2558/2800/2558 2559/2801/2559
f 1913/2027/1913 1912/2026/1912 2559/2801/2559
f 1913/2027/1913 2559/2801/2559 2560/2802/2560
f 1911/2025/1911 1914/2028/1914 2561/2803/2561
f 1911/2025/1911 2561/2803/2561 2558/2800/2558
f 1914/2028/1914 1883/1996/1883 2562/2804/2562
f 1914/2028/1914 2562/2804/2562 2561/2803/2561
f 1913/2027/1913 2560/2802/2560 1915/2029/1915
f 1749/1850/1749 2438/2632/2438 2563/2805/2563
f 1749/1850/1749 2563/2805/2563 2564/2806/2564
f 2436/2630/2436 1744/1845/1744 2565/2807/2565
f 2436/2630/2436 2565/2807/2565 2566/2808/2566
f 2437/2631/2437 2436/2630/2436 2566/2808/2566
f 2437/2631/2437 2566/2808/2566 2567/2809/2567
f 2438/2632/2438 2437/2631/2437 2567/2809/2567
f 2438/2632/2438 2567/2809/2567 2563/2805/2563
f 2566/2808/2566 2565/2807/2565 2568/2810/2568
f 2566/2808/2566 2568/2810/2568 2569/2811/2569
f 2563/2805/2563 2567/2809/2567 2570/2812/2570
f 2563/2805/2563 2570/2812/2570 2553/2795/2553
f 2564/2806/2564 2563/2805/2563 2553/2795/2553
f 2564/2806/2564 2553/2795/2553 2548/2790/2548
f 2567/2809/2567 2566/2808/2566 2569/2811/2569
f 2567/2809/2567 2569/2811/2569 2570/2812/2570
f 1749/1850/1749 2564/2806/2564 2548/2790/2548
f 1749/1850/1749 2548/2790/2548 1707/1805/1707
f 1709/1807/1709 2571/2813/2571 2568/2810/2568
f 1709/1807/1709 2568/2810/2568 2565/2807/2565
f 1744/1845/1744 1709/1807/1709 2565/2807/2565
f 2571/2813/2571 1709/1807/1709 1703/1801/1703
f 2571/2813/2571 1703/1801/1703 1916/2030/1916
f 2560/2814/2560 2549/2815/2549 2556/2816/2556
f 2560/2814/2560 2559/2817/2559 2549/2815/2549
f 2559/2817/2559 2558/2818/2558 2549/2815/2549
f 2550/2819/2550 2558/2818/2558 2561/2820/2561
f 2561/2820/2561 2562/2821/2562 2557/2822/2557
f 2562/2821/2562 2552/2823/2552 2551/2824/2551
f 2562/2821/2562 2551/2824/2551 2557/2822/2557
f 2558/2818/2558 2550/2819/2550 2549/2815/2549
f 2561/2820/2561 2557/2822/2557 2550/2819/2550
f 2571/2825/2571 1916/2826/1916 2554/2827/2554
f 1916/2826/1916 1915/2828/1915 2555/2829/2555
f 2554/2827/2554 1916/2826/1916 2555/2829/2555
f 2568/2830/2568 2571/2825/2571 2553/2831/2553
f 1915/2828/1915 2560/2814/2560 2556/2816/2556
f 2569/2811/2569 2568/2810/2568 2553/2795/2553
f 2571/2825/2571 2554/2827/2554 2553/2831/2553
f 2553/2795/2553 2570/2812/2570 2569/2811/2569
f 2556/2816/2556 2555/2829/2555 1915/2828/1915
f 1728/1829/1728 1729/1830/1729 2572/2832/2572
f 1728/1829/1728 2572/2832/2572 2573/2833/2573
f 1724/1825/1724 1727/1828/1727 2574/2834/2574
f 1724/1825/1724 2574/2834/2574 2575/2835/2575
f 1725/1826/1725 1724/1825/1724 2575/2835/2575
f 1725/1826/1725 2575/2835/2575 2576/2836/2576
f 1726/1827/1726 1728/1829/1728 2573/2833/2573
f 1726/1827/1726 2573/2833/2573 2577/2837/2577
f 1739/1840/1739 1725/1826/1725 2576/2836/2576
f 1739/1840/1739 2576/2836/2576 2578/2838/2578
f 1727/1828/1727 1726/1827/1726 2577/2837/2577
f 1727/1828/1727 2577/2837/2577 2574/2834/2574
f 2578/2838/2578 2576/2836/2576 2579/2839/2579
f 2578/2838/2578 2579/2839/2579 2580/2840/2580
f 2575/2835/2575 2574/2834/2574 2581/2841/2581
f 2575/2835/2575 2581/2841/2581 2582/2842/2582
f 2576/2836/2576 2575/2835/2575 2582/2842/2582
f 2576/2836/2576 2582/2842/2582 2579/2839/2579
f 2573/2833/2573 2572/2832/2572 2583/2843/2583
f 2573/2833/2573 2583/2843/2583 2584/2844/2584
f 2574/2834/2574 2577/2837/2577 2585/2845/2585
f 2574/2834/2574 2585/2845/2585 2581/2841/2581
f 2577/2837/2577 2573/2833/2573 2584/2844/2584
f 2577/2837/2577 2584/2844/2584 2585/2845/2585
f 1878/1991/1878 1909/2023/1909 2586/2846/2586
f 1878/1991/1878 2586/2846/2586 2587/2847/2587
f 1879/1992/1879 1878/1991/1878 2587/2847/2587
f 1879/1992/1879 2587/2847/2587 2588/2848/2588
f 1909/2023/1909 1908/2022/1908 2586/2846/2586
f 2587/2849/2587 2586/2850/2586 2589/2851/2589
f 2587/2849/2587 2589/2851/2589 2590/2852/2590
f 1907/2853/1907 1906/2854/1906 2591/2855/2591
f 1907/2853/1907 2591/2855/2591 2592/2856/2592
f 1910/2857/1910 1907/2853/1907 2592/2856/2592
f 1910/2857/1910 2592/2856/2592 2593/2858/2593
f 1908/2859/1908 1910/2857/1910 2593/2858/2593
f 1908/2859/1908 2593/2858/2593 2594/2860/2594
f 2588/2861/2588 2587/2849/2587 2590/2852/2590
f 2588/2861/2588 2590/2852/2590 2595/2862/2595
f 2586/2850/2586 1908/2859/1908 2594/2860/2594
f 2586/2850/2586 2594/2860/2594 2589/2851/2589
f 1737/1838/1737 1740/1841/1740 2596/2863/2596
f 1740/1841/1740 2597/2864/2597 2598/2865/2598
f 1740/1841/1740 2598/2865/2598 2596/2863/2596
f 1738/1839/1738 1737/1838/1737 2596/2863/2596
f 1738/1839/1738 2596/2863/2596 2599/2866/2599
f 2600/2867/2600 1733/1834/1733 2601/2868/2601
f 2600/2867/2600 2601/2868/2601 2602/2869/2602
f 1732/1833/1732 1738/1839/1738 2599/2866/2599
f 1732/1833/1732 2599/2866/2599 2603/2870/2603
f 2597/2864/2597 2604/2871/2604 2605/2872/2605
f 2597/2864/2597 2605/2872/2605 2598/2865/2598
f 1733/1834/1733 1732/1833/1732 2603/2870/2603
f 1733/1834/1733 2603/2870/2603 2601/2868/2601
f 2597/2864/2597 2578/2838/2578 2580/2840/2580
f 2597/2864/2597 2580/2840/2580 2604/2871/2604
f 1740/1841/1740 1739/1840/1739 2578/2838/2578
f 1740/1841/1740 2578/2838/2578 2597/2864/2597
f 869/884/869 1343/1427/1343 1735/1836/1735
f 869/884/869 1735/1836/1735 1731/1832/1731
f 1344/1428/1344 1725/1826/1725 1739/1840/1739
f 1344/1428/1344 1739/1840/1739 1736/1837/1736
f 1343/1427/1343 1344/1428/1344 1736/1837/1736
f 1343/1427/1343 1736/1837/1736 1735/1836/1735
f 870/885/870 869/884/869 1731/1832/1731
f 870/885/870 1731/1832/1731 1730/1831/1730
f 2603/2870/2603 2599/2866/2599 2606/2873/2606
f 2603/2870/2603 2606/2873/2606 2607/2874/2607
f 1741/1842/1741 1734/1835/1734 1733/1834/1733
f 1741/1842/1741 1733/1834/1733 2600/2867/2600
f 1734/1835/1734 1730/1831/1730 1733/1834/1733
f 2601/2868/2601 2603/2870/2603 2607/2874/2607
f 2601/2868/2601 2607/2874/2607 2602/2869/2602
f 2607/2874/2607 2606/2873/2606 2605/2872/2605
f 2607/2874/2607 2605/2872/2605 2608/2875/2608
f 2602/2869/2602 2607/2874/2607 2608/2875/2608
f 2602/2869/2602 2608/2875/2608 2609/2876/2609
f 2605/2872/2605 2606/2873/2606 2598/2865/2598
f 2599/2866/2599 2596/2863/2596 2598/2865/2598
f 2599/2866/2599 2598/2865/2598 2606/2873/2606
f 1741/1842/1741 2600/2867/2600 2610/2877/2610
f 1741/1842/1741 2610/2877/2610 2611/2878/2611
f 1906/2020/1906 1674/1772/1674 1741/1842/1741
f 1906/2020/1906 1741/1842/1741 2611/2878/2611
f 2610/2877/2610 2600/2867/2600 2602/2869/2602
f 2610/2877/2610 2602/2869/2602 2609/2876/2609
f 2591/2855/2591 1906/2854/1906 2611/2879/2611
f 2591/2855/2591 2611/2879/2611 2610/2880/2610
f 2604/2881/2604 2580/2882/2580 2591/2855/2591
f 2608/2883/2608 2591/2855/2591 2610/2880/2610
f 2608/2883/2608 2610/2880/2610 2609/2884/2609
f 2584/2885/2584 2583/2886/2583 2590/2852/2590
f 2583/2886/2583 2595/2862/2595 2590/2852/2590
f 2582/2887/2582 2581/2888/2581 2592/2856/2592
f 2581/2888/2581 2585/2889/2585 2593/2858/2593
f 2592/2856/2592 2581/2888/2581 2593/2858/2593
f 2585/2889/2585 2584/2885/2584 2589/2851/2589
f 2584/2885/2584 2590/2852/2590 2589/2851/2589
f 2579/2890/2579 2582/2887/2582 2591/2855/2591
f 2580/2882/2580 2579/2890/2579 2591/2855/2591
f 2582/2887/2582 2592/2856/2592 2591/2855/2591
f 2585/2889/2585 2589/2851/2589 2594/2860/2594
f 2594/2860/2594 2593/2858/2593 2585/2889/2585
f 2591/2855/2591 2608/2883/2608 2604/2881/2604
f 2608/2875/2608 2605/2872/2605 2604/2871/2604
f 768/779/768 767/778/767 2612/2891/2612
f 768/779/768 2612/2891/2612 2613/2892/2613
f 1800/1902/1800 1798/1900/1798 2614/2893/2614
f 1800/1902/1800 2614/2893/2614 2615/2894/2615
f 1799/1901/1799 1800/1902/1800 2615/2894/2615
f 1799/1901/1799 2615/2894/2615 2616/2895/2616
f 767/778/767 1799/1901/1799 2616/2895/2616
f 767/778/767 2616/2895/2616 2612/2891/2612
f 1798/1900/1798 1797/1899/1797 2617/2896/2617
f 1798/1900/1798 2617/2896/2617 2614/2893/2614
f 1640/1737/1640 1639/1736/1639 2618/2897/2618
f 1640/1737/1640 2618/2897/2618 2619/2898/2619
f 1643/1740/1643 1640/1737/1640 2619/2898/2619
f 1643/1740/1643 2619/2898/2619 2620/2899/2620
f 1642/1739/1642 1641/1738/1641 2621/2900/2621
f 1642/1739/1642 2621/2900/2621 2622/2901/2622
f 1641/1738/1641 1621/1718/1621 1862/1974/1862
f 1641/1738/1641 1862/1974/1862 2621/2900/2621
f 1644/1741/1644 1643/1740/1643 2620/2899/2620
f 1644/1741/1644 2620/2899/2620 2623/2902/2623
f 1808/1910/1808 1644/1741/1644 2623/2902/2623
f 1808/1910/1808 2623/2902/2623 2624/2903/2624
f 1646/1743/1646 1645/1742/1645 2625/2904/2625
f 1646/1743/1646 2625/2904/2625 2626/2905/2626
f 2620/2906/2620 2619/2907/2619 2627/2908/2627
f 2620/2906/2620 2627/2908/2627 2628/2909/2628
f 2622/2910/2622 2621/2911/2621 2629/2912/2629
f 2622/2910/2622 2629/2912/2629 2630/2913/2630
f 2619/2907/2619 2618/2914/2618 2631/2915/2631
f 2619/2907/2619 2631/2915/2631 2627/2908/2627
f 2624/2916/2624 2623/2917/2623 2632/2918/2632
f 2624/2916/2624 2632/2918/2632 2633/2919/2633
f 2626/2920/2626 2625/2921/2625 2634/2922/2634
f 2626/2920/2626 2634/2922/2634 2635/2923/2635
f 2623/2917/2623 2620/2906/2620 2628/2909/2628
f 2623/2917/2623 2628/2909/2628 2632/2918/2632
f 2621/2911/2621 1862/2924/1862 2636/2925/2636
f 2621/2911/2621 2636/2925/2636 2629/2912/2629
f 1815/1917/1815 1809/1911/1809 2637/2926/2637
f 1815/1917/1815 2637/2926/2637 2638/2927/2638
f 1811/1913/1811 1815/1917/1815 2638/2927/2638
f 1811/1913/1811 2638/2927/2638 2639/2928/2639
f 1811/1913/1811 2639/2928/2639 2617/2896/2617
f 1811/1913/1811 2617/2896/2617 1797/1899/1797
f 1808/1910/1808 2624/2903/2624 2637/2926/2637
f 1808/1910/1808 2637/2926/2637 1809/1911/1809
f 2615/2894/2615 2614/2893/2614 2640/2929/2640
f 2615/2894/2615 2640/2929/2640 2641/2930/2641
f 2614/2893/2614 2617/2896/2617 2642/2931/2642
f 2614/2893/2614 2642/2931/2642 2640/2929/2640
f 2612/2891/2612 2616/2895/2616 2643/2932/2643
f 2612/2891/2612 2643/2932/2643 2644/2933/2644
f 2616/2895/2616 2615/2894/2615 2641/2930/2641
f 2616/2895/2616 2641/2930/2641 2643/2932/2643
f 2618/2914/2618 2626/2920/2626 2635/2923/2635
f 2618/2914/2618 2635/2923/2635 2631/2915/2631
f 1639/1736/1639 1646/1743/1646 2626/2905/2626
f 1639/1736/1639 2626/2905/2626 2618/2897/2618
f 765/776/765 768/779/768 2613/2892/2613
f 765/776/765 2613/2892/2613 2645/2934/2645
f 1631/1728/1631 1638/1735/1638 1646/1743/1646
f 1631/1728/1631 1646/1743/1646 1639/1736/1639
f 1623/1720/1623 1630/1727/1630 1638/1735/1638
f 1623/1720/1623 1638/1735/1638 1631/1728/1631
f 738/749/738 737/748/737 1630/1727/1630
f 738/749/738 1630/1727/1630 1623/1720/1623
f 754/765/754 757/768/757 768/779/768
f 754/765/754 768/779/768 765/776/765
f 750/761/750 751/762/751 757/768/757
f 750/761/750 757/768/757 754/765/754
f 750/761/750 735/746/735 736/747/736
f 750/761/750 736/747/736 751/762/751
f 735/746/735 734/745/734 737/748/737
f 735/746/735 737/748/737 736/747/736
f 2625/2921/2625 2622/2910/2622 2630/2913/2630
f 2625/2921/2625 2630/2913/2630 2634/2922/2634
f 1645/1742/1645 1642/1739/1642 2622/2901/2622
f 1645/1742/1645 2622/2901/2622 2625/2904/2625
f 1637/1734/1637 1634/1731/1634 1642/1739/1642
f 1637/1734/1637 1642/1739/1642 1645/1742/1645
f 1629/1726/1629 1626/1723/1626 1634/1731/1634
f 1629/1726/1629 1634/1731/1634 1637/1734/1637
f 734/745/734 733/744/733 1626/1723/1626
f 734/745/734 1626/1723/1626 1629/1726/1629
f 753/764/753 755/766/755 766/777/766
f 753/764/753 766/777/766 763/774/763
f 748/759/748 749/760/749 755/766/755
f 748/759/748 755/766/755 753/764/753
f 748/759/748 731/742/731 732/743/732
f 748/759/748 732/743/732 749/760/749
f 731/742/731 730/741/730 733/744/733
f 731/742/731 733/744/733 732/743/732
f 2646/2935/2646 2613/2892/2613 2612/2891/2612
f 2646/2935/2646 2612/2891/2612 2644/2933/2644
f 1654/1752/1654 766/777/766 765/776/765
f 1870/1982/1870 1654/1752/1654 765/776/765
f 1870/1982/1870 765/776/765 2645/2934/2645
f 2647/2936/2647 2645/2934/2645 2613/2892/2613
f 2647/2936/2647 2613/2892/2613 2646/2935/2646
f 2648/2937/2648 1870/1982/1870 2645/2934/2645
f 2648/2937/2648 2645/2934/2645 2647/2936/2647
f 2642/2931/2642 2617/2896/2617 2639/2928/2639
f 2639/2928/2639 2638/2927/2638 2642/2931/2642
f 2638/2927/2638 2637/2926/2637 2633/2938/2633
f 2637/2926/2637 2624/2903/2624 2633/2938/2633
f 2633/2938/2633 2642/2931/2642 2638/2927/2638
f 2627/2908/2627 2631/2915/2631 2644/2939/2644
f 2629/2912/2629 2636/2925/2636 2648/2940/2648
f 2648/2940/2648 2647/2941/2647 2629/2912/2629
f 2647/2941/2647 2646/2942/2646 2634/2922/2634
f 2630/2913/2630 2647/2941/2647 2634/2922/2634
f 2630/2913/2630 2629/2912/2629 2647/2941/2647
f 2644/2939/2644 2643/2943/2643 2627/2908/2627
f 2643/2943/2643 2641/2944/2641 2628/2909/2628
f 2627/2908/2627 2643/2943/2643 2628/2909/2628
f 2634/2922/2634 2646/2942/2646 2635/2923/2635
f 2646/2942/2646 2644/2939/2644 2631/2915/2631
f 2635/2923/2635 2646/2942/2646 2631/2915/2631
f 2641/2944/2641 2640/2945/2640 2632/2918/2632
f 2649/2946/2649 2648/2947/2648 2636/2948/2636
f 2632/2918/2632 2628/2909/2628 2641/2944/2641
f 2632/2918/2632 2640/2945/2640 2642/2949/2642
f 2632/2918/2632 2642/2949/2642 2633/2919/2633
f 1873/1985/1873 2650/2950/2650 2651/2951/2651
f 1873/1985/1873 2651/2951/2651 1875/1987/1875
f 1868/1988/1868 1875/1987/1875 2651/2951/2651
f 1868/1988/1868 2651/2951/2651 2652/2952/2652
f 1869/1981/1869 1868/1980/1868 2652/2953/2652
f 1869/1981/1869 2652/2953/2652 2653/2954/2653
f 1872/1984/1872 1869/1981/1869 2653/2954/2653
f 1872/1984/1872 2653/2954/2653 2654/2955/2654
f 2652/2956/2652 2651/2957/2651 2655/2958/2655
f 2652/2956/2652 2655/2958/2655 2656/2959/2656
f 2654/2960/2654 2653/2961/2653 2657/2962/2657
f 2654/2960/2654 2657/2962/2657 2658/2963/2658
f 2653/2961/2653 2652/2956/2652 2656/2959/2656
f 2653/2961/2653 2656/2959/2656 2657/2962/2657
f 2650/2964/2650 2659/2965/2659 2655/2958/2655
f 2650/2964/2650 2655/2958/2655 2651/2957/2651
f 2649/2966/2649 2650/2950/2650 1873/1985/1873
f 2649/2966/2649 1873/1985/1873 1871/1983/1871
f 2649/2946/2649 2660/2967/2660 2650/2964/2650
f 2661/2968/2661 2659/2965/2659 2650/2964/2650
f 2661/2968/2661 2650/2964/2650 2660/2967/2660
f 2649/2946/2649 2636/2948/2636 2660/2967/2660
f 2660/2967/2660 2636/2948/2636 2661/2968/2661
f 2661/2968/2661 2636/2948/2636 2662/2969/2662
f 1861/2970/1861 2636/2948/2636 1862/2971/1862
f 1870/1982/1870 2648/2937/2648 2649/2966/2649
f 1870/1982/1870 2649/2966/2649 1871/1983/1871
f 1854/2972/1854 1853/2973/1853 2663/2974/2663
f 1854/2972/1854 2663/2974/2663 2664/2975/2664
f 1867/2976/1867 1860/2977/1860 2665/2978/2665
f 1867/2976/1867 2665/2978/2665 2666/2979/2666
f 1853/2973/1853 1867/2976/1867 2666/2979/2666
f 1853/2973/1853 2666/2979/2666 2663/2974/2663
f 1860/2977/1860 1859/2980/1859 2667/2981/2667
f 1860/2977/1860 2667/2981/2667 2665/2978/2665
f 1859/2980/1859 1858/2982/1858 2668/2983/2668
f 1859/2980/1859 2668/2983/2668 2667/2981/2667
f 1858/2982/1858 1857/2719/1857 2503/2720/2503
f 1858/2982/1858 2503/2720/2503 2668/2983/2668
f 1890/2003/1890 1889/2002/1889 2669/2984/2669
f 1890/2003/1890 2669/2984/2669 2670/2985/2670
f 1891/2004/1891 1887/2000/1887 2671/2986/2671
f 1891/2004/1891 2671/2986/2671 2672/2987/2672
f 1886/1999/1886 1885/1998/1885 2673/2988/2673
f 1886/1999/1886 2673/2988/2673 2674/2989/2674
f 1889/2002/1889 1888/2001/1888 2552/2794/2552
f 1889/2002/1889 2552/2794/2552 2669/2984/2669
f 1884/1997/1884 1890/2005/1890 2670/2990/2670
f 1884/1997/1884 2670/2990/2670 2675/2991/2675
f 1887/2000/1887 1886/1999/1886 2674/2989/2674
f 1887/2000/1887 2674/2989/2674 2671/2986/2671
f 1885/1998/1885 1884/1997/1884 2675/2991/2675
f 1885/1998/1885 2675/2991/2675 2673/2988/2673
f 2672/2992/2672 2671/2993/2671 2676/2994/2676
f 2672/2992/2672 2676/2994/2676 2677/2995/2677
f 2674/2996/2674 2673/2997/2673 2678/2998/2678
f 2674/2996/2674 2678/2998/2678 2679/2999/2679
f 2669/3000/2669 2552/3001/2552 2680/3002/2680
f 2669/3000/2669 2680/3002/2680 2681/3003/2681
f 2675/3004/2675 2670/3005/2670 2682/3006/2682
f 2675/3004/2675 2682/3006/2682 2683/3007/2683
f 2671/2993/2671 2674/2996/2674 2679/2999/2679
f 2671/2993/2671 2679/2999/2679 2676/2994/2676
f 2673/2997/2673 2675/3004/2675 2683/3007/2683
f 2673/2997/2673 2683/3007/2683 2678/2998/2678
f 2670/3005/2670 2669/3000/2669 2681/3003/2681
f 2670/3005/2670 2681/3003/2681 2682/3006/2682
f 1842/1945/1842 1850/1960/1850 2684/3008/2684
f 1842/1945/1842 2684/3008/2684 2685/3009/2685
f 1850/1960/1850 1838/1940/1838 2532/2767/2532
f 1850/1960/1850 2532/2767/2532 2684/3008/2684
f 2517/2745/2517 1894/2008/1894 1891/2004/1891
f 2517/2745/2517 1891/2004/1891 2672/2987/2672
f 2522/2754/2522 2517/2753/2517 2672/3010/2672
f 2522/2754/2522 2672/3010/2672 2677/3011/2677
f 2684/3012/2684 2522/2754/2522 2685/3013/2685
f 2532/2782/2532 2522/2754/2522 2684/3012/2684
f 2522/2754/2522 2677/3011/2677 2685/3013/2685
f 2680/3002/2680 2552/3001/2552 2562/3014/2562
f 1882/1995/1882 1877/1990/1877 2686/3015/2686
f 1882/1995/1882 2686/3015/2686 2687/3016/2687
f 1880/1993/1880 1879/1992/1879 2688/3017/2688
f 1880/1993/1880 2688/3017/2688 2689/3018/2689
f 1876/1989/1876 1881/1994/1881 2690/3019/2690
f 1876/1989/1876 2690/3019/2690 2691/3020/2691
f 1877/1990/1877 1876/1989/1876 2691/3020/2691
f 1877/1990/1877 2691/3020/2691 2686/3015/2686
f 1881/1994/1881 1880/1993/1880 2689/3018/2689
f 1881/1994/1881 2689/3018/2689 2690/3019/2690
f 1882/1995/1882 2687/3016/2687 2562/2804/2562
f 1882/1995/1882 2562/2804/2562 1883/1996/1883
f 2588/2848/2588 2688/3017/2688 1879/1992/1879
f 2588/3021/2588 2595/3022/2595 2688/3023/2688
f 1729/1830/1729 1648/1745/1648 1874/1986/1874
f 1729/1830/1729 1874/1986/1874 2572/2832/2572
f 2583/2843/2583 2572/2832/2572 1874/1986/1874
f 2583/2843/2583 1874/1986/1874 2692/3024/2692
f 1874/1986/1874 1872/1984/1872 2654/2955/2654
f 1874/1986/1874 2654/2955/2654 2692/3024/2692
f 2693/3025/2693 2692/3026/2692 2654/2960/2654
f 2693/3025/2693 2654/2960/2654 2658/2963/2658
f 2692/3027/2692 2693/3028/2693 2583/2886/2583
f 2595/2862/2595 2583/2886/2583 2693/3028/2693
f 1854/2972/1854 2664/2975/2664 2662/2969/2662
f 1854/2972/1854 2662/2969/2662 1861/2970/1861
f 2636/2948/2636 1861/2970/1861 2662/2969/2662
f 2690/3029/2690 2689/3030/2689 2694/3031/2694
f 2690/3029/2690 2694/3031/2694 2695/3032/2695
f 2686/3033/2686 2691/3034/2691 2695/3032/2695
f 2667/2981/2667 2668/2983/2668 2696/3035/2696
f 2683/3007/2683 2682/3006/2682 2697/3036/2697
f 2687/3037/2687 2686/3033/2686 2695/3032/2695
f 2687/3037/2687 2695/3032/2695 2698/3038/2698
f 2509/2739/2509 1848/1956/1848 2699/3039/2699
f 2691/3034/2691 2690/3029/2690 2695/3032/2695
f 2666/2979/2666 2665/2978/2665 2700/3040/2700
f 2682/3006/2682 2681/3003/2681 2697/3036/2697
f 1843/3041/1843 1842/3042/1842 2701/3043/2701
f 1843/3041/1843 2701/3043/2701 2702/3044/2702
f 2693/3025/2693 2658/2963/2658 2703/3045/2703
f 2665/2978/2665 2667/2981/2667 2696/3035/2696
f 2665/2978/2665 2696/3035/2696 2700/3040/2700
f 2681/3003/2681 2680/3002/2680 2698/3038/2698
f 2681/3003/2681 2698/3038/2698 2697/3036/2697
f 1847/1954/1847 1846/1953/1846 2702/3044/2702
f 2689/3030/2689 2688/3023/2688 2694/3031/2694
f 2664/2975/2664 2663/2974/2663 2700/3040/2700
f 2664/2975/2664 2700/3040/2700 2704/3046/2704
f 2678/2998/2678 2683/3007/2683 2697/3036/2697
f 2678/2998/2678 2697/3036/2697 2705/3047/2705
f 1849/1958/1849 1847/1954/1847 2702/3044/2702
f 1849/1958/1849 2702/3044/2702 2706/3048/2706
f 2500/2716/2500 2505/2725/2505 2699/3039/2699
f 1842/3042/1842 2685/3049/2685 2701/3043/2701
f 2595/3022/2595 2693/3025/2693 2703/3045/2703
f 2595/3022/2595 2703/3045/2703 2694/3031/2694
f 2663/2974/2663 2666/2979/2666 2700/3040/2700
f 2679/2999/2679 2678/2998/2678 2705/3047/2705
f 1844/1949/1844 1849/1958/1849 2706/3048/2706
f 2501/2717/2501 2500/2716/2500 2699/3039/2699
f 2499/2724/2499 2509/2739/2509 2699/3039/2699
f 2662/2969/2662 2704/3046/2704 2661/2968/2661
f 2676/2994/2676 2679/2999/2679 2705/3047/2705
f 1845/1950/1845 1844/1949/1844 2706/3048/2706
f 2503/2720/2503 2501/2717/2501 2699/3039/2699
f 2503/2720/2503 2699/3039/2699 2696/3035/2696
f 2677/2995/2677 2676/2994/2676 2705/3047/2705
f 2677/2995/2677 2705/3047/2705 2701/3043/2701
f 1848/1956/1848 1845/1950/1845 2706/3048/2706
f 1848/1956/1848 2706/3048/2706 2699/3039/2699
f 2505/2725/2505 2499/2724/2499 2699/3039/2699
f 2662/2969/2662 2664/2975/2664 2704/3046/2704
f 2562/3014/2562 2687/3037/2687 2698/3038/2698
f 2661/2968/2661 2704/3046/2704 2707/3050/2707
f 2661/2968/2661 2707/3050/2707 2659/2965/2659
f 2685/3049/2685 2677/2995/2677 2701/3043/2701
f 2659/2965/2659 2707/3050/2707 2655/2958/2655
f 2688/3023/2688 2595/3022/2595 2694/3031/2694
f 2658/2963/2658 2657/2962/2657 2703/3045/2703
f 1846/1953/1846 1843/3041/1843 2702/3044/2702
f 2656/2959/2656 2655/2958/2655 2707/3050/2707
f 2657/2962/2657 2656/2959/2656 2707/3050/2707
f 2657/2962/2657 2707/3050/2707 2703/3045/2703
f 2668/2983/2668 2503/2720/2503 2696/3035/2696
f 2680/3002/2680 2562/3014/2562 2698/3038/2698
f 2707/3050/2707 2700/3040/2700 2706/3048/2706
f 2702/3044/2702 2701/3043/2701 2705/3047/2705
f 2697/3036/2697 2698/3038/2698 2695/3032/2695
f 2702/3044/2702 2705/3047/2705 2706/3048/2706
f 2705/3047/2705 2697/3036/2697 2707/3050/2707
f 2706/3048/2706 2705/3047/2705 2707/3050/2707
f 2699/3039/2699 2706/3048/2706 2700/3040/2700
f 2700/3040/2700 2696/3035/2696 2699/3039/2699
f 2707/3050/2707 2704/3046/2704 2700/3040/2700
f 2694/3031/2694 2703/3045/2703 2695/3032/2695
f 2703/3045/2703 2707/3050/2707 2697/3036/2697
f 2697/3036/2697 2695/3032/2695 2703/3045/2703
f 391/391/391 382/382/382 390/390/390
f 2188/2345/2188 2187/2344/2187 2202/2360/2202
f 2188/2345/2188 2202/2360/2202 2219/2379/2219
f 2197/2355/2197 2195/2352/2195 2208/2366/2208
f 2197/2355/2197 2208/2366/2208 2214/2372/2214
f 762/773/762 764/775/764 776/788/776
f 2196/2353/2196 2197/2355/2197 2214/2372/2214
f 2196/2353/2196 2214/2372/2214 2212/2370/2212
f 2193/2350/2193 2196/2353/2196 2212/2370/2212
f 2193/2350/2193 2212/2370/2212 2206/2364/2206
f 2195/2352/2195 2194/2351/2194 2209/2367/2209
f 2195/2352/2195 2209/2367/2209 2208/2366/2208
f 2192/2349/2192 2193/2350/2193 2206/2364/2206
f 2192/2349/2192 2206/2364/2206 2203/2361/2203
f 2187/2344/2187 2192/2349/2192 2203/2361/2203
f 2187/2344/2187 2203/2361/2203 2202/2360/2202
f 2190/2347/2190 2189/2346/2189 2218/2377/2218
f 2190/2347/2190 2218/2377/2218 2198/2378/2198
f 2190/3051/2190 2198/2356/2198 2201/2359/2201
f 2190/3051/2190 2201/2359/2201 2191/2354/2191
f 2191/2354/2191 2201/2359/2201 2209/2367/2209
f 2191/2354/2191 2209/2367/2209 2194/2351/2194
f 2189/2346/2189 2216/2374/2216 2218/2377/2218
